INSERT INTO `rule_values` (`ruleset_id`, `rule_name`, `rule_value`, `notes`) VALUES (1, 'Mercs:ChargeMercPurchaseCost', 'false', 'Turns Mercenary purchase costs on or off.');
INSERT INTO `rule_values` (`ruleset_id`, `rule_name`, `rule_value`, `notes`) VALUES (1, 'Mercs:ChargeMercUpkeepCost', 'false', 'Turns Mercenary upkeep costs on or off.');

UPDATE merc_stats SET spellscale = 100, healscale = 100;

REPLACE INTO items (`id`, `minstatus`, `Name`, `aagi`, `ac`, `accuracy`, `acha`, `adex`, `aint`, `artifactflag`, `asta`, `astr`, `attack`, `augrestrict`, `augslot1type`, `augslot1visible`, `augslot2type`, `augslot2visible`, `augslot3type`, `augslot3visible`, `augslot4type`, `augslot4visible`, `augslot5type`, `augslot5visible`, `augtype`, `avoidance`, `awis`, `bagsize`, `bagslots`, `bagtype`, `bagwr`, `banedmgamt`, `banedmgraceamt`, `banedmgbody`, `banedmgrace`, `bardtype`, `bardvalue`, `book`, `casttime`, `casttime_`, `charmfile`, `charmfileid`, `classes`, `color`, `combateffects`, `extradmgskill`, `extradmgamt`, `price`, `cr`, `damage`, `damageshield`, `deity`, `delay`, `augdistiller`, `dotshielding`, `dr`, `clicktype`, `clicklevel2`, `elemdmgtype`, `elemdmgamt`, `endur`, `factionamt1`, `factionamt2`, `factionamt3`, `factionamt4`, `factionmod1`, `factionmod2`, `factionmod3`, `factionmod4`, `filename`, `focuseffect`, `fr`, `fvnodrop`, `haste`, `clicklevel`, `hp`, `regen`, `icon`, `idfile`, `itemclass`, `itemtype`, `ldonprice`, `ldontheme`, `ldonsold`, `light`, `lore`, `loregroup`, `magic`, `mana`, `manaregen`, `enduranceregen`, `material`, `maxcharges`, `mr`, `nodrop`, `norent`, `pendingloreflag`, `pr`, `procrate`, `races`, `range`, `reclevel`, `recskill`, `reqlevel`, `sellrate`, `shielding`, `size`, `skillmodtype`, `skillmodvalue`, `slots`, `clickeffect`, `spellshield`, `strikethrough`, `stunresist`, `summonedflag`, `tradeskills`, `favor`, `weight`, `UNK012`, `UNK013`, `benefitflag`, `UNK054`, `UNK059`, `booktype`, `recastdelay`, `recasttype`, `guildfavor`, `UNK123`, `UNK124`, `attuneable`, `nopet`, `updated`, `comment`, `UNK127`, `pointtype`, `potionbelt`, `potionbeltslots`, `stacksize`, `notransfer`, `stackable`, `UNK134`, `UNK137`, `proceffect`, `proctype`, `proclevel2`, `proclevel`, `UNK142`, `worneffect`, `worntype`, `wornlevel2`, `wornlevel`, `UNK147`, `focustype`, `focuslevel2`, `focuslevel`, `UNK152`, `scrolleffect`, `scrolltype`, `scrolllevel2`, `scrolllevel`, `UNK157`, `serialized`, `verified`, `serialization`, `source`, `UNK033`, `lorefile`, `UNK014`, `svcorruption`, `UNK038`, `UNK060`, `augslot1unk2`, `augslot2unk2`, `augslot3unk2`, `augslot4unk2`, `augslot5unk2`, `UNK120`, `UNK121`, `questitemflag`, `UNK132`, `clickunk5`, `clickunk6`, `clickunk7`, `procunk1`, `procunk2`, `procunk3`, `procunk4`, `procunk6`, `procunk7`, `wornunk1`, `wornunk2`, `wornunk3`, `wornunk4`, `wornunk5`, `wornunk6`, `wornunk7`, `focusunk1`, `focusunk2`, `focusunk3`, `focusunk4`, `focusunk5`, `focusunk6`, `focusunk7`, `scrollunk1`, `scrollunk2`, `scrollunk3`, `scrollunk4`, `scrollunk5`, `scrollunk6`, `scrollunk7`, `UNK193`, `purity`, `evolvinglevel`, `clickname`, `procname`, `wornname`, `focusname`, `scrollname`, `dsmitigation`, `heroic_str`, `heroic_int`, `heroic_wis`, `heroic_agi`, `heroic_dex`, `heroic_sta`, `heroic_cha`, `heroic_pr`, `heroic_dr`, `heroic_fr`, `heroic_cr`, `heroic_mr`, `heroic_svcorrup`, `healamt`, `spelldmg`, `clairvoyance`, `backstabdmg`, `created`, `elitematerial`, `ldonsellbackrate`, `scriptfileid`, `expendablearrow`, `powersourcecapacity`, `bardeffect`, `bardeffecttype`, `bardlevel2`, `bardlevel`, `bardunk1`, `bardunk2`, `bardunk3`, `bardunk4`, `bardunk5`, `bardname`, `bardunk7`, `UNK214`, `UNK219`, `UNK220`, `UNK221`, `UNK222`, `UNK223`, `UNK224`, `UNK225`, `UNK226`, `UNK227`, `UNK228`, `UNK229`, `UNK230`, `UNK231`, `UNK232`, `UNK233`, `UNK234`, `UNK235`, `UNK236`, `UNK237`, `UNK238`, `UNK239`, `UNK240`, `UNK241`, `UNK242`)
VALUES 
	(51735, 0, 'MRC - CT Focus - Tier I - 5%'   , 0, 0, 0, 0, 0, 0, 0, 0, 0, 0, 0, 0, 1, 0, 1, 0, 1, 0, 1, 0, 1, 0, 0, 0, 0, 0, 0, 0, 0, 0, 0, 0, 0, 0, 0, 0, 0, '', '0', 65535, 4278190080, '0', 0, 0, 0, 0, 0, 0, 0, 0, 0, 0, 0, 0, 0, 0, 0, 0, 0, 0, 0, 0, 0, 0, 0, 0, '', 17158, 0, 1, 0, 0, 0, 0, 1983, 'IT63', 0, 10, 0, 0, 0, 0, '', 0, 1, 0, 0, 0, 0, 0, 0, 0, 1, 0, 0, 0, 65535, 0, 0, 0, 0, 1, 0, 0, 0, 0, 0, -1, 0, 0, 0, 1, 0, 0, 0, 0, 1, 0, 0, 0, 0, 0, 0, 0, 0, 0, 0, 0, '2011-10-03 10:49:31', '', 0, 0, 0, 0, 1, 1, 0, '', 0, -1, 0, 0, 0, 0, -1, 0, 0, 0, 0, 6, 0, 0, 0, -1, 0, 0, 0, 0, '', '2009-05-03 03:13:17', '', '13THFLOOR', 0, '', 1, 0, 0, 0, 0, 0, 0, 0, 0, -1, 0, 0, '0000000000000000000', 0, '', -1, 0, 0, 0, 0, '', -1, 0, 0, 0, 0, 0, '', -1, 0, 0, 0, 0, 0, '', 0, 0, 0, 0, 0, 0, '', -1, 0, 0, 0, '', '', '', '', '', 0, 0, 0, 0, 0, 0, 0, 0, 0, 0, 0, 0, 0, 0, 0, 0, 0, 0, '2008-11-23 02:58:34', 0, 0, 0, 0, 0, -1, 0, 0, 0, 0, 0, 0, 0, 0, '', -1, 0, 0, 0, 0, 0, 0, 0, 0, 0, 0, 0, 0, 0, 0, 0, 0, 0, 0, 0, 0, 0, 0, 0, 0, 0),
	(51736, 0, 'MRC - CT Focus - Tier II - 10%' , 0, 0, 0, 0, 0, 0, 0, 0, 0, 0, 0, 0, 1, 0, 1, 0, 1, 0, 1, 0, 1, 0, 0, 0, 0, 0, 0, 0, 0, 0, 0, 0, 0, 0, 0, 0, 0, '', '0', 65535, 4278190080, '0', 0, 0, 0, 0, 0, 0, 0, 0, 0, 0, 0, 0, 0, 0, 0, 0, 0, 0, 0, 0, 0, 0, 0, 0, '', 17159, 0, 1, 0, 0, 0, 0, 1983, 'IT63', 0, 10, 0, 0, 0, 0, '', 0, 1, 0, 0, 0, 0, 0, 0, 0, 1, 0, 0, 0, 65535, 0, 0, 0, 0, 1, 0, 0, 0, 0, 0, -1, 0, 0, 0, 1, 0, 0, 0, 0, 1, 0, 0, 0, 0, 0, 0, 0, 0, 0, 0, 0, '2011-10-03 10:49:31', '', 0, 0, 0, 0, 1, 1, 0, '', 0, -1, 0, 0, 0, 0, -1, 0, 0, 0, 0, 6, 0, 0, 0, -1, 0, 0, 0, 0, '', '2009-05-03 03:13:17', '', '13THFLOOR', 0, '', 1, 0, 0, 0, 0, 0, 0, 0, 0, -1, 0, 0, '0000000000000000000', 0, '', -1, 0, 0, 0, 0, '', -1, 0, 0, 0, 0, 0, '', -1, 0, 0, 0, 0, 0, '', 0, 0, 0, 0, 0, 0, '', -1, 0, 0, 0, '', '', '', '', '', 0, 0, 0, 0, 0, 0, 0, 0, 0, 0, 0, 0, 0, 0, 0, 0, 0, 0, '2008-11-23 02:58:34', 0, 0, 0, 0, 0, -1, 0, 0, 0, 0, 0, 0, 0, 0, '', -1, 0, 0, 0, 0, 0, 0, 0, 0, 0, 0, 0, 0, 0, 0, 0, 0, 0, 0, 0, 0, 0, 0, 0, 0, 0), 
	(51737, 0, 'MRC - CT Focus - Tier III - 15%', 0, 0, 0, 0, 0, 0, 0, 0, 0, 0, 0, 0, 1, 0, 1, 0, 1, 0, 1, 0, 1, 0, 0, 0, 0, 0, 0, 0, 0, 0, 0, 0, 0, 0, 0, 0, 0, '', '0', 65535, 4278190080, '0', 0, 0, 0, 0, 0, 0, 0, 0, 0, 0, 0, 0, 0, 0, 0, 0, 0, 0, 0, 0, 0, 0, 0, 0, '', 17160, 0, 1, 0, 0, 0, 0, 1983, 'IT63', 0, 10, 0, 0, 0, 0, '', 0, 1, 0, 0, 0, 0, 0, 0, 0, 1, 0, 0, 0, 65535, 0, 0, 0, 0, 1, 0, 0, 0, 0, 0, -1, 0, 0, 0, 1, 0, 0, 0, 0, 1, 0, 0, 0, 0, 0, 0, 0, 0, 0, 0, 0, '2011-10-03 10:49:31', '', 0, 0, 0, 0, 1, 1, 0, '', 0, -1, 0, 0, 0, 0, -1, 0, 0, 0, 0, 6, 0, 0, 0, -1, 0, 0, 0, 0, '', '2009-05-03 03:13:17', '', '13THFLOOR', 0, '', 1, 0, 0, 0, 0, 0, 0, 0, 0, -1, 0, 0, '0000000000000000000', 0, '', -1, 0, 0, 0, 0, '', -1, 0, 0, 0, 0, 0, '', -1, 0, 0, 0, 0, 0, '', 0, 0, 0, 0, 0, 0, '', -1, 0, 0, 0, '', '', '', '', '', 0, 0, 0, 0, 0, 0, 0, 0, 0, 0, 0, 0, 0, 0, 0, 0, 0, 0, '2008-11-23 02:58:34', 0, 0, 0, 0, 0, -1, 0, 0, 0, 0, 0, 0, 0, 0, '', -1, 0, 0, 0, 0, 0, 0, 0, 0, 0, 0, 0, 0, 0, 0, 0, 0, 0, 0, 0, 0, 0, 0, 0, 0, 0), 
	(51738, 0, 'MRC - CT Focus - Tier IV - 20%' , 0, 0, 0, 0, 0, 0, 0, 0, 0, 0, 0, 0, 1, 0, 1, 0, 1, 0, 1, 0, 1, 0, 0, 0, 0, 0, 0, 0, 0, 0, 0, 0, 0, 0, 0, 0, 0, '', '0', 65535, 4278190080, '0', 0, 0, 0, 0, 0, 0, 0, 0, 0, 0, 0, 0, 0, 0, 0, 0, 0, 0, 0, 0, 0, 0, 0, 0, '', 17161, 0, 1, 0, 0, 0, 0, 1983, 'IT63', 0, 10, 0, 0, 0, 0, '', 0, 1, 0, 0, 0, 0, 0, 0, 0, 1, 0, 0, 0, 65535, 0, 0, 0, 0, 1, 0, 0, 0, 0, 0, -1, 0, 0, 0, 1, 0, 0, 0, 0, 1, 0, 0, 0, 0, 0, 0, 0, 0, 0, 0, 0, '2011-10-03 10:49:31', '', 0, 0, 0, 0, 1, 1, 0, '', 0, -1, 0, 0, 0, 0, -1, 0, 0, 0, 0, 6, 0, 0, 0, -1, 0, 0, 0, 0, '', '2009-05-03 03:13:17', '', '13THFLOOR', 0, '', 1, 0, 0, 0, 0, 0, 0, 0, 0, -1, 0, 0, '0000000000000000000', 0, '', -1, 0, 0, 0, 0, '', -1, 0, 0, 0, 0, 0, '', -1, 0, 0, 0, 0, 0, '', 0, 0, 0, 0, 0, 0, '', -1, 0, 0, 0, '', '', '', '', '', 0, 0, 0, 0, 0, 0, 0, 0, 0, 0, 0, 0, 0, 0, 0, 0, 0, 0, '2008-11-23 02:58:34', 0, 0, 0, 0, 0, -1, 0, 0, 0, 0, 0, 0, 0, 0, '', -1, 0, 0, 0, 0, 0, 0, 0, 0, 0, 0, 0, 0, 0, 0, 0, 0, 0, 0, 0, 0, 0, 0, 0, 0, 0),  
	(51739, 0, 'MRC - CT Focus - Tier V - 25%'  , 0, 0, 0, 0, 0, 0, 0, 0, 0, 0, 0, 0, 1, 0, 1, 0, 1, 0, 1, 0, 1, 0, 0, 0, 0, 0, 0, 0, 0, 0, 0, 0, 0, 0, 0, 0, 0, '', '0', 65535, 4278190080, '0', 0, 0, 0, 0, 0, 0, 0, 0, 0, 0, 0, 0, 0, 0, 0, 0, 0, 0, 0, 0, 0, 0, 0, 0, '', 17162, 0, 1, 0, 0, 0, 0, 2001, 'IT63', 0, 10, 0, 0, 0, 0, '', 0, 1, 0, 0, 0, 0, 0, 0, 0, 1, 0, 0, 0, 65535, 0, 0, 0, 0, 1, 0, 0, 0, 0, 0, -1, 0, 0, 0, 1, 0, 0, 0, 0, 1, 0, 0, 0, 0, 0, 0, 0, 0, 0, 0, 0, '2011-10-03 10:49:31', '', 0, 0, 0, 0, 1, 1, 0, '', 0, -1, 0, 0, 0, 0, -1, 0, 0, 0, 0, 6, 0, 0, 0, -1, 0, 0, 0, 0, '', '2009-05-03 03:13:17', '', '13THFLOOR', 0, '', 1, 0, 0, 0, 0, 0, 0, 0, 0, -1, 0, 0, '0000000000000000000', 0, '', -1, 0, 0, 0, 0, '', -1, 0, 0, 0, 0, 0, '', -1, 0, 0, 0, 0, 0, '', 0, 0, 0, 0, 0, 0, '', -1, 0, 0, 0, '', '', '', '', '', 0, 0, 0, 0, 0, 0, 0, 0, 0, 0, 0, 0, 0, 0, 0, 0, 0, 0, '2008-11-09 18:53:11', 0, 0, 0, 0, 0, -1, 0, 0, 0, 0, 0, 0, 0, 0, '', -1, 0, 0, 0, 0, 0, 0, 0, 0, 0, 0, 0, 0, 0, 0, 0, 0, 0, 0, 0, 0, 0, 0, 0, 0, 0), 
	
	(51740, 0, 'MRC - ID Focus - Tier I - 10%'  , 0, 0, 0, 0, 0, 0, 0, 0, 0, 0, 0, 0, 1, 0, 1, 0, 1, 0, 1, 0, 1, 0, 0, 0, 0, 0, 0, 0, 0, 0, 0, 0, 0, 0, 0, 0, 0, '', '0', 65535, 4278190080, '0', 0, 0, 0, 0, 0, 0, 0, 0, 0, 0, 0, 0, 0, 0, 0, 0, 0, 0, 0, 0, 0, 0, 0, 0, '', 17163, 0, 1, 0, 0, 0, 0, 1989, 'IT63', 0, 10, 0, 0, 0, 0, '', 0, 1, 0, 0, 0, 0, 0, 0, 0, 1, 0, 0, 0, 65535, 0, 0, 0, 0, 1, 0, 0, 0, 0, 0, -1, 0, 0, 0, 1, 0, 0, 0, 0, 1, 0, 0, 0, 0, 0, 0, 0, 0, 0, 0, 0, '2011-10-03 10:49:31', '', 0, 0, 0, 0, 1, 1, 0, '', 0, -1, 0, 0, 0, 0, -1, 0, 0, 0, 0, 6, 0, 0, 0, -1, 0, 0, 0, 0, '', '2009-05-03 03:13:17', '', '13THFLOOR', 0, '', 1, 0, 0, 0, 0, 0, 0, 0, 0, -1, 0, 0, '0000000000000000000', 0, '', -1, 0, 0, 0, 0, '', -1, 0, 0, 0, 0, 0, '', -1, 0, 0, 0, 0, 0, '', 0, 0, 0, 0, 0, 0, '', -1, 0, 0, 0, '', '', '', '', '', 0, 0, 0, 0, 0, 0, 0, 0, 0, 0, 0, 0, 0, 0, 0, 0, 0, 0, '2008-11-23 02:58:34', 0, 0, 0, 0, 0, -1, 0, 0, 0, 0, 0, 0, 0, 0, '', -1, 0, 0, 0, 0, 0, 0, 0, 0, 0, 0, 0, 0, 0, 0, 0, 0, 0, 0, 0, 0, 0, 0, 0, 0, 0), 
	(51741, 0, 'MRC - ID Focus - Tier II - 20%' , 0, 0, 0, 0, 0, 0, 0, 0, 0, 0, 0, 0, 1, 0, 1, 0, 1, 0, 1, 0, 1, 0, 0, 0, 0, 0, 0, 0, 0, 0, 0, 0, 0, 0, 0, 0, 0, '', '0', 65535, 4278190080, '0', 0, 0, 0, 0, 0, 0, 0, 0, 0, 0, 0, 0, 0, 0, 0, 0, 0, 0, 0, 0, 0, 0, 0, 0, '', 17164, 0, 1, 0, 0, 0, 0, 1989, 'IT63', 0, 10, 0, 0, 0, 0, '', 0, 1, 0, 0, 0, 0, 0, 0, 0, 1, 0, 0, 0, 65535, 0, 0, 0, 0, 1, 0, 0, 0, 0, 0, -1, 0, 0, 0, 1, 0, 0, 0, 0, 1, 0, 0, 0, 0, 0, 0, 0, 0, 0, 0, 0, '2011-10-03 10:49:31', '', 0, 0, 0, 0, 1, 1, 0, '', 0, -1, 0, 0, 0, 0, -1, 0, 0, 0, 0, 6, 0, 0, 0, -1, 0, 0, 0, 0, '', '2009-05-03 03:13:17', '', '13THFLOOR', 0, '', 1, 0, 0, 0, 0, 0, 0, 0, 0, -1, 0, 0, '0000000000000000000', 0, '', -1, 0, 0, 0, 0, '', -1, 0, 0, 0, 0, 0, '', -1, 0, 0, 0, 0, 0, '', 0, 0, 0, 0, 0, 0, '', -1, 0, 0, 0, '', '', '', '', '', 0, 0, 0, 0, 0, 0, 0, 0, 0, 0, 0, 0, 0, 0, 0, 0, 0, 0, '2008-11-23 02:58:34', 0, 0, 0, 0, 0, -1, 0, 0, 0, 0, 0, 0, 0, 0, '', -1, 0, 0, 0, 0, 0, 0, 0, 0, 0, 0, 0, 0, 0, 0, 0, 0, 0, 0, 0, 0, 0, 0, 0, 0, 0), 
	(51742, 0, 'MRC - ID Focus - Tier III - 30%', 0, 0, 0, 0, 0, 0, 0, 0, 0, 0, 0, 0, 1, 0, 1, 0, 1, 0, 1, 0, 1, 0, 0, 0, 0, 0, 0, 0, 0, 0, 0, 0, 0, 0, 0, 0, 0, '', '0', 65535, 4278190080, '0', 0, 0, 0, 0, 0, 0, 0, 0, 0, 0, 0, 0, 0, 0, 0, 0, 0, 0, 0, 0, 0, 0, 0, 0, '', 17165, 0, 1, 0, 0, 0, 0, 1989, 'IT63', 0, 10, 0, 0, 0, 0, '', 0, 1, 0, 0, 0, 0, 0, 0, 0, 1, 0, 0, 0, 65535, 0, 0, 0, 0, 1, 0, 0, 0, 0, 0, -1, 0, 0, 0, 1, 0, 0, 0, 0, 1, 0, 0, 0, 0, 0, 0, 0, 0, 0, 0, 0, '2011-10-03 10:49:31', '', 0, 0, 0, 0, 1, 1, 0, '', 0, -1, 0, 0, 0, 0, -1, 0, 0, 0, 0, 6, 0, 0, 0, -1, 0, 0, 0, 0, '', '2009-05-03 03:13:17', '', '13THFLOOR', 0, '', 1, 0, 0, 0, 0, 0, 0, 0, 0, -1, 0, 0, '0000000000000000000', 0, '', -1, 0, 0, 0, 0, '', -1, 0, 0, 0, 0, 0, '', -1, 0, 0, 0, 0, 0, '', 0, 0, 0, 0, 0, 0, '', -1, 0, 0, 0, '', '', '', '', '', 0, 0, 0, 0, 0, 0, 0, 0, 0, 0, 0, 0, 0, 0, 0, 0, 0, 0, '2008-11-23 02:58:34', 0, 0, 0, 0, 0, -1, 0, 0, 0, 0, 0, 0, 0, 0, '', -1, 0, 0, 0, 0, 0, 0, 0, 0, 0, 0, 0, 0, 0, 0, 0, 0, 0, 0, 0, 0, 0, 0, 0, 0, 0), 
	(51743, 0, 'MRC - ID Focus - Tier IV - 40%' , 0, 0, 0, 0, 0, 0, 0, 0, 0, 0, 0, 0, 1, 0, 1, 0, 1, 0, 1, 0, 1, 0, 0, 0, 0, 0, 0, 0, 0, 0, 0, 0, 0, 0, 0, 0, 0, '', '0', 65535, 4278190080, '0', 0, 0, 0, 0, 0, 0, 0, 0, 0, 0, 0, 0, 0, 0, 0, 0, 0, 0, 0, 0, 0, 0, 0, 0, '', 17166, 0, 1, 0, 0, 0, 0, 1989, 'IT63', 0, 10, 0, 0, 0, 0, '', 0, 1, 0, 0, 0, 0, 0, 0, 0, 1, 0, 0, 0, 65535, 0, 0, 0, 0, 1, 0, 0, 0, 0, 0, -1, 0, 0, 0, 1, 0, 0, 0, 0, 1, 0, 0, 0, 0, 0, 0, 0, 0, 0, 0, 0, '2011-10-03 10:49:31', '', 0, 0, 0, 0, 1, 1, 0, '', 0, -1, 0, 0, 0, 0, -1, 0, 0, 0, 0, 6, 0, 0, 0, -1, 0, 0, 0, 0, '', '2009-05-03 03:13:17', '', '13THFLOOR', 0, '', 1, 0, 0, 0, 0, 0, 0, 0, 0, -1, 0, 0, '0000000000000000000', 0, '', -1, 0, 0, 0, 0, '', -1, 0, 0, 0, 0, 0, '', -1, 0, 0, 0, 0, 0, '', 0, 0, 0, 0, 0, 0, '', -1, 0, 0, 0, '', '', '', '', '', 0, 0, 0, 0, 0, 0, 0, 0, 0, 0, 0, 0, 0, 0, 0, 0, 0, 0, '2008-11-23 02:58:34', 0, 0, 0, 0, 0, -1, 0, 0, 0, 0, 0, 0, 0, 0, '', -1, 0, 0, 0, 0, 0, 0, 0, 0, 0, 0, 0, 0, 0, 0, 0, 0, 0, 0, 0, 0, 0, 0, 0, 0, 0), 
	(51744, 0, 'MRC - ID Focus - Tier V - 50%'  , 0, 0, 0, 0, 0, 0, 0, 0, 0, 0, 0, 0, 1, 0, 1, 0, 1, 0, 1, 0, 1, 0, 0, 0, 0, 0, 0, 0, 0, 0, 0, 0, 0, 0, 0, 0, 0, '', '0', 65535, 4278190080, '0', 0, 0, 0, 0, 0, 0, 0, 0, 0, 0, 0, 0, 0, 0, 0, 0, 0, 0, 0, 0, 0, 0, 0, 0, '', 17167, 0, 1, 0, 0, 0, 0, 2002, 'IT63', 0, 10, 0, 0, 0, 0, '', 0, 1, 0, 0, 0, 0, 0, 0, 0, 1, 0, 0, 0, 65535, 0, 0, 0, 0, 1, 0, 0, 0, 0, 0, -1, 0, 0, 0, 1, 0, 0, 0, 0, 1, 0, 0, 0, 0, 0, 0, 0, 0, 0, 0, 0, '2011-10-03 10:49:31', '', 0, 0, 0, 0, 1, 1, 0, '', 0, -1, 0, 0, 0, 0, -1, 0, 0, 0, 0, 6, 0, 0, 0, -1, 0, 0, 0, 0, '', '2009-05-03 03:13:17', '', '13THFLOOR', 0, '', 1, 0, 0, 0, 0, 0, 0, 0, 0, -1, 0, 0, '0000000000000000000', 0, '', -1, 0, 0, 0, 0, '', -1, 0, 0, 0, 0, 0, '', -1, 0, 0, 0, 0, 0, '', 0, 0, 0, 0, 0, 0, '', -1, 0, 0, 0, '', '', '', '', '', 0, 0, 0, 0, 0, 0, 0, 0, 0, 0, 0, 0, 0, 0, 0, 0, 0, 0, '2008-11-23 02:58:34', 0, 0, 0, 0, 0, -1, 0, 0, 0, 0, 0, 0, 0, 0, '', -1, 0, 0, 0, 0, 0, 0, 0, 0, 0, 0, 0, 0, 0, 0, 0, 0, 0, 0, 0, 0, 0, 0, 0, 0, 0), 
	
	(51745, 0, 'MRC - IH Focus - Tier I - 15%'  , 0, 0, 0, 0, 0, 0, 0, 0, 0, 0, 0, 0, 1, 0, 1, 0, 1, 0, 1, 0, 1, 0, 0, 0, 0, 0, 0, 0, 0, 0, 0, 0, 0, 0, 0, 0, 0, '', '0', 65535, 4278190080, '0', 0, 0, 0, 0, 0, 0, 0, 0, 0, 0, 0, 0, 0, 0, 0, 0, 0, 0, 0, 0, 0, 0, 0, 0, '', 17168, 0, 1, 0, 0, 0, 0, 1941, 'IT63', 0, 10, 0, 0, 0, 0, '', 0, 1, 0, 0, 0, 0, 0, 0, 0, 1, 0, 0, 0, 65535, 0, 0, 0, 0, 1, 0, 0, 0, 0, 0, -1, 0, 0, 0, 1, 0, 0, 0, 0, 1, 0, 0, 0, 0, 0, 0, 0, 0, 0, 0, 0, '2011-10-03 10:49:31', '', 0, 0, 0, 0, 1, 1, 0, '', 0, -1, 0, 0, 0, 0, -1, 0, 0, 0, 0, 6, 0, 0, 0, -1, 0, 0, 0, 0, '', '2009-05-03 03:13:17', '', '13THFLOOR', 0, '', 1, 0, 0, 0, 0, 0, 0, 0, 0, -1, 0, 0, '0000000000000000000', 0, '', -1, 0, 0, 0, 0, '', -1, 0, 0, 0, 0, 0, '', -1, 0, 0, 0, 0, 0, '', 0, 0, 0, 0, 0, 0, '', -1, 0, 0, 0, '', '', '', '', '', 0, 0, 0, 0, 0, 0, 0, 0, 0, 0, 0, 0, 0, 0, 0, 0, 0, 0, '2008-11-23 02:58:34', 0, 0, 0, 0, 0, -1, 0, 0, 0, 0, 0, 0, 0, 0, '', -1, 0, 0, 0, 0, 0, 0, 0, 0, 0, 0, 0, 0, 0, 0, 0, 0, 0, 0, 0, 0, 0, 0, 0, 0, 0), 
	(51746, 0, 'MRC - IH Focus - Tier II - 30%' , 0, 0, 0, 0, 0, 0, 0, 0, 0, 0, 0, 0, 1, 0, 1, 0, 1, 0, 1, 0, 1, 0, 0, 0, 0, 0, 0, 0, 0, 0, 0, 0, 0, 0, 0, 0, 0, '', '0', 65535, 4278190080, '0', 0, 0, 0, 0, 0, 0, 0, 0, 0, 0, 0, 0, 0, 0, 0, 0, 0, 0, 0, 0, 0, 0, 0, 0, '', 17169, 0, 1, 0, 0, 0, 0, 1941, 'IT63', 0, 10, 0, 0, 0, 0, '', 0, 1, 0, 0, 0, 0, 0, 0, 0, 1, 0, 0, 0, 65535, 0, 0, 0, 0, 1, 0, 0, 0, 0, 0, -1, 0, 0, 0, 1, 0, 0, 0, 0, 1, 0, 0, 0, 0, 0, 0, 0, 0, 0, 0, 0, '2011-10-03 10:49:31', '', 0, 0, 0, 0, 1, 1, 0, '', 0, -1, 0, 0, 0, 0, -1, 0, 0, 0, 0, 6, 0, 0, 0, -1, 0, 0, 0, 0, '', '2009-05-03 03:13:17', '', '13THFLOOR', 0, '', 1, 0, 0, 0, 0, 0, 0, 0, 0, -1, 0, 0, '0000000000000000000', 0, '', -1, 0, 0, 0, 0, '', -1, 0, 0, 0, 0, 0, '', -1, 0, 0, 0, 0, 0, '', 0, 0, 0, 0, 0, 0, '', -1, 0, 0, 0, '', '', '', '', '', 0, 0, 0, 0, 0, 0, 0, 0, 0, 0, 0, 0, 0, 0, 0, 0, 0, 0, '2008-11-23 02:58:34', 0, 0, 0, 0, 0, -1, 0, 0, 0, 0, 0, 0, 0, 0, '', -1, 0, 0, 0, 0, 0, 0, 0, 0, 0, 0, 0, 0, 0, 0, 0, 0, 0, 0, 0, 0, 0, 0, 0, 0, 0),
	(51747, 0, 'MRC - IH Focus - Tier III - 45%', 0, 0, 0, 0, 0, 0, 0, 0, 0, 0, 0, 0, 1, 0, 1, 0, 1, 0, 1, 0, 1, 0, 0, 0, 0, 0, 0, 0, 0, 0, 0, 0, 0, 0, 0, 0, 0, '', '0', 65535, 4278190080, '0', 0, 0, 0, 0, 0, 0, 0, 0, 0, 0, 0, 0, 0, 0, 0, 0, 0, 0, 0, 0, 0, 0, 0, 0, '', 17170, 0, 1, 0, 0, 0, 0, 1941, 'IT63', 0, 10, 0, 0, 0, 0, '', 0, 1, 0, 0, 0, 0, 0, 0, 0, 1, 0, 0, 0, 65535, 0, 0, 0, 0, 1, 0, 0, 0, 0, 0, -1, 0, 0, 0, 1, 0, 0, 0, 0, 1, 0, 0, 0, 0, 0, 0, 0, 0, 0, 0, 0, '2011-10-03 10:49:31', '', 0, 0, 0, 0, 1, 1, 0, '', 0, -1, 0, 0, 0, 0, -1, 0, 0, 0, 0, 6, 0, 0, 0, -1, 0, 0, 0, 0, '', '2009-05-03 03:13:17', '', '13THFLOOR', 0, '', 1, 0, 0, 0, 0, 0, 0, 0, 0, -1, 0, 0, '0000000000000000000', 0, '', -1, 0, 0, 0, 0, '', -1, 0, 0, 0, 0, 0, '', -1, 0, 0, 0, 0, 0, '', 0, 0, 0, 0, 0, 0, '', -1, 0, 0, 0, '', '', '', '', '', 0, 0, 0, 0, 0, 0, 0, 0, 0, 0, 0, 0, 0, 0, 0, 0, 0, 0, '2008-11-23 02:58:34', 0, 0, 0, 0, 0, -1, 0, 0, 0, 0, 0, 0, 0, 0, '', -1, 0, 0, 0, 0, 0, 0, 0, 0, 0, 0, 0, 0, 0, 0, 0, 0, 0, 0, 0, 0, 0, 0, 0, 0, 0),
	(51748, 0, 'MRC - IH Focus - Tier IV - 60%' , 0, 0, 0, 0, 0, 0, 0, 0, 0, 0, 0, 0, 1, 0, 1, 0, 1, 0, 1, 0, 1, 0, 0, 0, 0, 0, 0, 0, 0, 0, 0, 0, 0, 0, 0, 0, 0, '', '0', 65535, 4278190080, '0', 0, 0, 0, 0, 0, 0, 0, 0, 0, 0, 0, 0, 0, 0, 0, 0, 0, 0, 0, 0, 0, 0, 0, 0, '', 17171, 0, 1, 0, 0, 0, 0, 1941, 'IT63', 0, 10, 0, 0, 0, 0, '', 0, 1, 0, 0, 0, 0, 0, 0, 0, 1, 0, 0, 0, 65535, 0, 0, 0, 0, 1, 0, 0, 0, 0, 0, -1, 0, 0, 0, 1, 0, 0, 0, 0, 1, 0, 0, 0, 0, 0, 0, 0, 0, 0, 0, 0, '2011-10-03 10:49:31', '', 0, 0, 0, 0, 1, 1, 0, '', 0, -1, 0, 0, 0, 0, -1, 0, 0, 0, 0, 6, 0, 0, 0, -1, 0, 0, 0, 0, '', '2009-05-03 03:13:17', '', '13THFLOOR', 0, '', 1, 0, 0, 0, 0, 0, 0, 0, 0, -1, 0, 0, '0000000000000000000', 0, '', -1, 0, 0, 0, 0, '', -1, 0, 0, 0, 0, 0, '', -1, 0, 0, 0, 0, 0, '', 0, 0, 0, 0, 0, 0, '', -1, 0, 0, 0, '', '', '', '', '', 0, 0, 0, 0, 0, 0, 0, 0, 0, 0, 0, 0, 0, 0, 0, 0, 0, 0, '2008-11-23 02:58:34', 0, 0, 0, 0, 0, -1, 0, 0, 0, 0, 0, 0, 0, 0, '', -1, 0, 0, 0, 0, 0, 0, 0, 0, 0, 0, 0, 0, 0, 0, 0, 0, 0, 0, 0, 0, 0, 0, 0, 0, 0),
	(51749, 0, 'MRC - IH Focus - Tier V - 75%'  , 0, 0, 0, 0, 0, 0, 0, 0, 0, 0, 0, 0, 1, 0, 1, 0, 1, 0, 1, 0, 1, 0, 0, 0, 0, 0, 0, 0, 0, 0, 0, 0, 0, 0, 0, 0, 0, '', '0', 65535, 4278190080, '0', 0, 0, 0, 0, 0, 0, 0, 0, 0, 0, 0, 0, 0, 0, 0, 0, 0, 0, 0, 0, 0, 0, 0, 0, '', 17172, 0, 1, 0, 0, 0, 0, 1994, 'IT63', 0, 10, 0, 0, 0, 0, '', 0, 1, 0, 0, 0, 0, 0, 0, 0, 1, 0, 0, 0, 65535, 0, 0, 0, 0, 1, 0, 0, 0, 0, 0, -1, 0, 0, 0, 1, 0, 0, 0, 0, 1, 0, 0, 0, 0, 0, 0, 0, 0, 0, 0, 0, '2011-10-03 10:49:31', '', 0, 0, 0, 0, 1, 1, 0, '', 0, -1, 0, 0, 0, 0, -1, 0, 0, 0, 0, 6, 0, 0, 0, -1, 0, 0, 0, 0, '', '2009-05-03 03:13:17', '', '13THFLOOR', 0, '', 1, 0, 0, 0, 0, 0, 0, 0, 0, -1, 0, 0, '0000000000000000000', 0, '', -1, 0, 0, 0, 0, '', -1, 0, 0, 0, 0, 0, '', -1, 0, 0, 0, 0, 0, '', 0, 0, 0, 0, 0, 0, '', -1, 0, 0, 0, '', '', '', '', '', 0, 0, 0, 0, 0, 0, 0, 0, 0, 0, 0, 0, 0, 0, 0, 0, 0, 0, '2008-11-23 02:58:34', 0, 0, 0, 0, 0, -1, 0, 0, 0, 0, 0, 0, 0, 0, '', -1, 0, 0, 0, 0, 0, 0, 0, 0, 0, 0, 0, 0, 0, 0, 0, 0, 0, 0, 0, 0, 0, 0, 0, 0, 0), 
	
	(51750, 0, 'MRC - MC Focus - Tier I - 5%'   , 0, 0, 0, 0, 0, 0, 0, 0, 0, 0, 0, 0, 1, 0, 1, 0, 1, 0, 1, 0, 1, 0, 0, 0, 0, 0, 0, 0, 0, 0, 0, 0, 0, 0, 0, 0, 0, '', '0', 65535, 4278190080, '0', 0, 0, 0, 0, 0, 0, 0, 0, 0, 0, 0, 0, 0, 0, 0, 0, 0, 0, 0, 0, 0, 0, 0, 0, '', 17173, 0, 1, 0, 0, 0, 0, 1965, 'IT63', 0, 10, 0, 0, 0, 0, '', 0, 1, 0, 0, 0, 0, 0, 0, 0, 1, 0, 0, 0, 65535, 0, 0, 0, 0, 1, 0, 0, 0, 0, 0, -1, 0, 0, 0, 1, 0, 0, 0, 0, 1, 0, 0, 0, 0, 0, 0, 0, 0, 0, 0, 0, '2011-10-03 10:49:31', '', 0, 0, 0, 0, 1, 1, 0, '', 0, -1, 0, 0, 0, 0, -1, 0, 0, 0, 0, 6, 0, 0, 0, -1, 0, 0, 0, 0, '', '2009-05-03 03:13:17', '', '13THFLOOR', 0, '', 1, 0, 0, 0, 0, 0, 0, 0, 0, -1, 0, 0, '0000000000000000000', 0, '', -1, 0, 0, 0, 0, '', -1, 0, 0, 0, 0, 0, '', -1, 0, 0, 0, 0, 0, '', 0, 0, 0, 0, 0, 0, '', -1, 0, 0, 0, '', '', '', '', '', 0, 0, 0, 0, 0, 0, 0, 0, 0, 0, 0, 0, 0, 0, 0, 0, 0, 0, '2008-11-23 02:58:34', 0, 0, 0, 0, 0, -1, 0, 0, 0, 0, 0, 0, 0, 0, '', -1, 0, 0, 0, 0, 0, 0, 0, 0, 0, 0, 0, 0, 0, 0, 0, 0, 0, 0, 0, 0, 0, 0, 0, 0, 0), 
	(51751, 0, 'MRC - MC Focus - Tier II - 10%' , 0, 0, 0, 0, 0, 0, 0, 0, 0, 0, 0, 0, 1, 0, 1, 0, 1, 0, 1, 0, 1, 0, 0, 0, 0, 0, 0, 0, 0, 0, 0, 0, 0, 0, 0, 0, 0, '', '0', 65535, 4278190080, '0', 0, 0, 0, 0, 0, 0, 0, 0, 0, 0, 0, 0, 0, 0, 0, 0, 0, 0, 0, 0, 0, 0, 0, 0, '', 17174, 0, 1, 0, 0, 0, 0, 1965, 'IT63', 0, 10, 0, 0, 0, 0, '', 0, 1, 0, 0, 0, 0, 0, 0, 0, 1, 0, 0, 0, 65535, 0, 0, 0, 0, 1, 0, 0, 0, 0, 0, -1, 0, 0, 0, 1, 0, 0, 0, 0, 1, 0, 0, 0, 0, 0, 0, 0, 0, 0, 0, 0, '2011-10-03 10:49:31', '', 0, 0, 0, 0, 1, 1, 0, '', 0, -1, 0, 0, 0, 0, -1, 0, 0, 0, 0, 6, 0, 0, 0, -1, 0, 0, 0, 0, '', '2009-05-03 03:13:17', '', '13THFLOOR', 0, '', 1, 0, 0, 0, 0, 0, 0, 0, 0, -1, 0, 0, '0000000000000000000', 0, '', -1, 0, 0, 0, 0, '', -1, 0, 0, 0, 0, 0, '', -1, 0, 0, 0, 0, 0, '', 0, 0, 0, 0, 0, 0, '', -1, 0, 0, 0, '', '', '', '', '', 0, 0, 0, 0, 0, 0, 0, 0, 0, 0, 0, 0, 0, 0, 0, 0, 0, 0, '2008-11-23 02:58:34', 0, 0, 0, 0, 0, -1, 0, 0, 0, 0, 0, 0, 0, 0, '', -1, 0, 0, 0, 0, 0, 0, 0, 0, 0, 0, 0, 0, 0, 0, 0, 0, 0, 0, 0, 0, 0, 0, 0, 0, 0), 
	(51752, 0, 'MRC - MC Focus - Tier III - 15%', 0, 0, 0, 0, 0, 0, 0, 0, 0, 0, 0, 0, 1, 0, 1, 0, 1, 0, 1, 0, 1, 0, 0, 0, 0, 0, 0, 0, 0, 0, 0, 0, 0, 0, 0, 0, 0, '', '0', 65535, 4278190080, '0', 0, 0, 0, 0, 0, 0, 0, 0, 0, 0, 0, 0, 0, 0, 0, 0, 0, 0, 0, 0, 0, 0, 0, 0, '', 17175, 0, 1, 0, 0, 0, 0, 1965, 'IT63', 0, 10, 0, 0, 0, 0, '', 0, 1, 0, 0, 0, 0, 0, 0, 0, 1, 0, 0, 0, 65535, 0, 0, 0, 0, 1, 0, 0, 0, 0, 0, -1, 0, 0, 0, 1, 0, 0, 0, 0, 1, 0, 0, 0, 0, 0, 0, 0, 0, 0, 0, 0, '2011-10-03 10:49:31', '', 0, 0, 0, 0, 1, 1, 0, '', 0, -1, 0, 0, 0, 0, -1, 0, 0, 0, 0, 6, 0, 0, 0, -1, 0, 0, 0, 0, '', '2009-05-03 03:13:17', '', '13THFLOOR', 0, '', 1, 0, 0, 0, 0, 0, 0, 0, 0, -1, 0, 0, '0000000000000000000', 0, '', -1, 0, 0, 0, 0, '', -1, 0, 0, 0, 0, 0, '', -1, 0, 0, 0, 0, 0, '', 0, 0, 0, 0, 0, 0, '', -1, 0, 0, 0, '', '', '', '', '', 0, 0, 0, 0, 0, 0, 0, 0, 0, 0, 0, 0, 0, 0, 0, 0, 0, 0, '2008-11-23 02:58:34', 0, 0, 0, 0, 0, -1, 0, 0, 0, 0, 0, 0, 0, 0, '', -1, 0, 0, 0, 0, 0, 0, 0, 0, 0, 0, 0, 0, 0, 0, 0, 0, 0, 0, 0, 0, 0, 0, 0, 0, 0), 
	(51753, 0, 'MRC - MC Focus - Tier IV - 20%' , 0, 0, 0, 0, 0, 0, 0, 0, 0, 0, 0, 0, 1, 0, 1, 0, 1, 0, 1, 0, 1, 0, 0, 0, 0, 0, 0, 0, 0, 0, 0, 0, 0, 0, 0, 0, 0, '', '0', 65535, 4278190080, '0', 0, 0, 0, 0, 0, 0, 0, 0, 0, 0, 0, 0, 0, 0, 0, 0, 0, 0, 0, 0, 0, 0, 0, 0, '', 17176, 0, 1, 0, 0, 0, 0, 1965, 'IT63', 0, 10, 0, 0, 0, 0, '', 0, 1, 0, 0, 0, 0, 0, 0, 0, 1, 0, 0, 0, 65535, 0, 0, 0, 0, 1, 0, 0, 0, 0, 0, -1, 0, 0, 0, 1, 0, 0, 0, 0, 1, 0, 0, 0, 0, 0, 0, 0, 0, 0, 0, 0, '2011-10-03 10:49:31', '', 0, 0, 0, 0, 1, 1, 0, '', 0, -1, 0, 0, 0, 0, -1, 0, 0, 0, 0, 6, 0, 0, 0, -1, 0, 0, 0, 0, '', '2009-05-03 03:13:17', '', '13THFLOOR', 0, '', 1, 0, 0, 0, 0, 0, 0, 0, 0, -1, 0, 0, '0000000000000000000', 0, '', -1, 0, 0, 0, 0, '', -1, 0, 0, 0, 0, 0, '', -1, 0, 0, 0, 0, 0, '', 0, 0, 0, 0, 0, 0, '', -1, 0, 0, 0, '', '', '', '', '', 0, 0, 0, 0, 0, 0, 0, 0, 0, 0, 0, 0, 0, 0, 0, 0, 0, 0, '2008-11-23 02:58:34', 0, 0, 0, 0, 0, -1, 0, 0, 0, 0, 0, 0, 0, 0, '', -1, 0, 0, 0, 0, 0, 0, 0, 0, 0, 0, 0, 0, 0, 0, 0, 0, 0, 0, 0, 0, 0, 0, 0, 0, 0), 
	(51754, 0, 'MRC - MC Focus - Tier V - 25%'  , 0, 0, 0, 0, 0, 0, 0, 0, 0, 0, 0, 0, 1, 0, 1, 0, 1, 0, 1, 0, 1, 0, 0, 0, 0, 0, 0, 0, 0, 0, 0, 0, 0, 0, 0, 0, 0, '', '0', 65535, 4278190080, '0', 0, 0, 0, 0, 0, 0, 0, 0, 0, 0, 0, 0, 0, 0, 0, 0, 0, 0, 0, 0, 0, 0, 0, 0, '', 17177, 0, 1, 0, 0, 0, 0, 1998, 'IT63', 0, 10, 0, 0, 0, 0, '', 0, 1, 0, 0, 0, 0, 0, 0, 0, 1, 0, 0, 0, 65535, 0, 0, 0, 0, 1, 0, 0, 0, 0, 0, -1, 0, 0, 0, 1, 0, 0, 0, 0, 1, 0, 0, 0, 0, 0, 0, 0, 0, 0, 0, 0, '2011-10-03 10:49:31', '', 0, 0, 0, 0, 1, 1, 0, '', 0, -1, 0, 0, 0, 0, -1, 0, 0, 0, 0, 6, 0, 0, 0, -1, 0, 0, 0, 0, '', '2009-05-03 03:13:17', '', '13THFLOOR', 0, '', 1, 0, 0, 0, 0, 0, 0, 0, 0, -1, 0, 0, '0000000000000000000', 0, '', -1, 0, 0, 0, 0, '', -1, 0, 0, 0, 0, 0, '', -1, 0, 0, 0, 0, 0, '', 0, 0, 0, 0, 0, 0, '', -1, 0, 0, 0, '', '', '', '', '', 0, 0, 0, 0, 0, 0, 0, 0, 0, 0, 0, 0, 0, 0, 0, 0, 0, 0, '2008-11-23 02:58:34', 0, 0, 0, 0, 0, -1, 0, 0, 0, 0, 0, 0, 0, 0, '', -1, 0, 0, 0, 0, 0, 0, 0, 0, 0, 0, 0, 0, 0, 0, 0, 0, 0, 0, 0, 0, 0, 0, 0, 0, 0); 

ALTER TABLE mercbuffs RENAME TO  merc_buffs;

DROP TABLE IF EXISTS merc_inventory;

CREATE TABLE merc_inventory (
	merc_inventory_id      	int(10) unsigned NOT NULL auto_increment,
	merc_subtype_id       	int(10) unsigned NOT NULL default '0',
	item_id           	int(11) unsigned NOT NULL default '0',
	min_level       	int(10) unsigned NOT NULL default '0',
	max_level   		int(10) unsigned NOT NULL default '0',
	PRIMARY KEY  (merc_inventory_id),
	KEY FK_merc_inventory_1 (merc_subtype_id),
	CONSTRAINT FK_merc_inventory_1 FOREIGN KEY (merc_subtype_id) REFERENCES merc_subtypes (merc_subtype_id)
);

INSERT INTO merc_inventory (merc_subtype_id, item_id, min_level, max_level) VALUES 
(6, 51735, 1, 85),
(7, 51736, 1, 85),
(8, 51737, 1, 85),
(9, 51738, 1, 85),
(10, 51739, 1, 85),
(6, 51740, 1, 85),
(7, 51741, 1, 85),
(8, 51742, 1, 85),
(9, 51743, 1, 85),
(10, 51744, 1, 85),
(6, 51745, 1, 85),
(7, 51746, 1, 85),
(8, 51747, 1, 85),
(9, 51748, 1, 85),
(10, 51749, 1, 85),
(6, 51750, 1, 85),
(7, 51751, 1, 85),
(8, 51752, 1, 85),
(9, 51753, 1, 85),
(10, 51754, 1, 85),
(16, 51735, 1, 85),
(17, 51736, 1, 85),
(18, 51737, 1, 85),
(19, 51738, 1, 85),
(20, 51739, 1, 85),
(10, 51739, 1, 85),
(16, 51740, 1, 85),
(17, 51741, 1, 85),
(18, 51742, 1, 85),
(19, 51743, 1, 85),
(20, 51744, 1, 85),
(16, 51745, 1, 85),
(17, 51746, 1, 85),
(18, 51747, 1, 85),
(19, 51748, 1, 85),
(20, 51749, 1, 85),
(16, 51750, 1, 85),
(17, 51751, 1, 85),
(18, 51752, 1, 85),
(19, 51753, 1, 85),
(20, 51754, 1, 85);