SET NAMES utf8;
SET
FOREIGN_KEY_CHECKS = 0;

-- ----------------------------
-- Table structure for merc_armorinfo
-- ----------------------------
DROP TABLE IF EXISTS `merc_armorinfo`;
CREATE TABLE `merc_armorinfo`
(
    `id`               int(11) NOT NULL AUTO_INCREMENT,
    `merc_npc_type_id` int(11) UNSIGNED NOT NULL,
    `minlevel`         tinyint(2) UNSIGNED NOT NULL DEFAULT 1,
    `maxlevel`         tinyint(2) UNSIGNED NOT NULL DEFAULT 255,
    `texture`          tinyint(2) UNSIGNED NOT NULL DEFAULT 0,
    `helmtexture`      tinyint(2) UNSIGNED NOT NULL DEFAULT 0,
    `armortint_id`     int(10) UNSIGNED NOT NULL DEFAULT 0,
    `armortint_red`    tinyint(3) UNSIGNED NOT NULL DEFAULT 0,
    `armortint_green`  tinyint(3) UNSIGNED NOT NULL DEFAULT 0,
    `armortint_blue`   tinyint(3) UNSIGNED NOT NULL DEFAULT 0,
    PRIMARY KEY (`id`) USING BTREE
) ENGINE = InnoDB AUTO_INCREMENT = 41 CHARACTER SET = latin1 COLLATE = latin1_swedish_ci ROW_FORMAT = Compact;

-- ----------------------------
-- Records of merc_armorinfo
-- ----------------------------
INSERT INTO `merc_armorinfo`
VALUES (1, 1, 1, 255, 3, 0, 0, 0, 0, 0),
       (2, 2, 1, 255, 3, 0, 0, 0, 0, 0),
       (3, 3, 1, 255, 3, 0, 0, 0, 0, 0),
       (4, 4, 1, 255, 3, 0, 0, 0, 0, 0),
       (5, 5, 1, 255, 3, 0, 0, 0, 0, 0),
       (6, 6, 1, 255, 3, 0, 0, 0, 0, 0),
       (7, 7, 1, 255, 3, 0, 0, 0, 0, 0),
       (8, 8, 1, 255, 3, 0, 0, 0, 0, 0),
       (9, 9, 1, 255, 3, 0, 0, 0, 0, 0),
       (10, 10, 1, 255, 3, 0, 0, 0, 0, 0),
       (11, 11, 1, 255, 3, 0, 0, 0, 0, 0),
       (12, 12, 1, 255, 3, 0, 0, 0, 0, 0),
       (13, 13, 1, 255, 3, 0, 0, 0, 0, 0),
       (14, 14, 1, 255, 3, 0, 0, 0, 0, 0),
       (15, 15, 1, 255, 3, 0, 0, 0, 0, 0),
       (16, 16, 1, 255, 3, 0, 0, 0, 0, 0),
       (17, 17, 1, 255, 3, 0, 0, 0, 0, 0),
       (18, 18, 1, 255, 3, 0, 0, 0, 0, 0),
       (19, 19, 1, 255, 3, 0, 0, 0, 0, 0),
       (20, 20, 1, 255, 3, 0, 0, 0, 0, 0),
       (21, 21, 1, 255, 2, 0, 0, 0, 0, 0),
       (22, 22, 1, 255, 2, 0, 0, 0, 0, 0),
       (23, 23, 1, 255, 2, 0, 0, 0, 0, 0),
       (24, 24, 1, 255, 2, 0, 0, 0, 0, 0),
       (25, 25, 1, 255, 2, 0, 0, 0, 0, 0),
       (26, 26, 1, 255, 2, 0, 0, 0, 0, 0),
       (27, 27, 1, 255, 2, 0, 0, 0, 0, 0),
       (28, 28, 1, 255, 2, 0, 0, 0, 0, 0),
       (29, 29, 1, 255, 2, 0, 0, 0, 0, 0),
       (30, 30, 1, 255, 2, 0, 0, 0, 0, 0),
       (31, 31, 1, 255, 10, 0, 0, 0, 0, 0),
       (32, 32, 1, 255, 10, 0, 0, 0, 0, 0),
       (33, 33, 1, 255, 10, 0, 0, 0, 0, 0),
       (34, 34, 1, 255, 10, 0, 0, 0, 0, 0),
       (35, 35, 1, 255, 10, 0, 0, 0, 0, 0),
       (36, 36, 1, 255, 10, 0, 0, 0, 0, 0),
       (37, 37, 1, 255, 10, 0, 0, 0, 0, 0),
       (38, 38, 1, 255, 10, 0, 0, 0, 0, 0),
       (39, 39, 1, 255, 10, 0, 0, 0, 0, 0),
       (40, 40, 1, 255, 10, 0, 0, 0, 0, 0);

-- ----------------------------
-- Table structure for merc_buffs
-- ----------------------------
DROP TABLE IF EXISTS `merc_buffs`;
CREATE TABLE `merc_buffs`
(
    `MercBuffId`         int(10) UNSIGNED NOT NULL AUTO_INCREMENT,
    `MercId`             int(10) UNSIGNED NOT NULL DEFAULT 0,
    `SpellId`            int(10) UNSIGNED NOT NULL DEFAULT 0,
    `CasterLevel`        int(10) UNSIGNED NOT NULL DEFAULT 0,
    `DurationFormula`    int(10) UNSIGNED NOT NULL DEFAULT 0,
    `TicsRemaining`      int(11) NOT NULL DEFAULT 0,
    `PoisonCounters`     int(11) UNSIGNED NOT NULL DEFAULT 0,
    `DiseaseCounters`    int(11) UNSIGNED NOT NULL DEFAULT 0,
    `CurseCounters`      int(11) UNSIGNED NOT NULL DEFAULT 0,
    `CorruptionCounters` int(11) UNSIGNED NOT NULL DEFAULT 0,
    `HitCount`           int(10) UNSIGNED NOT NULL DEFAULT 0,
    `MeleeRune`          int(10) UNSIGNED NOT NULL DEFAULT 0,
    `MagicRune`          int(10) UNSIGNED NOT NULL DEFAULT 0,
    `dot_rune`           int(10) NOT NULL DEFAULT 0,
    `caston_x`           int(10) NOT NULL DEFAULT 0,
    `Persistent`         tinyint(1) NOT NULL DEFAULT 0,
    `caston_y`           int(10) NOT NULL DEFAULT 0,
    `caston_z`           int(10) NOT NULL DEFAULT 0,
    `ExtraDIChance`      int(10) NOT NULL DEFAULT 0,
    PRIMARY KEY (`MercBuffId`) USING BTREE,
    INDEX                `FK_mercbuff_1`(`MercId`) USING BTREE
) ENGINE = InnoDB AUTO_INCREMENT = 1 CHARACTER SET = latin1 COLLATE = latin1_swedish_ci ROW_FORMAT = Compact;

-- ----------------------------
-- Table structure for merc_inventory
-- ----------------------------
DROP TABLE IF EXISTS `merc_inventory`;
CREATE TABLE `merc_inventory`
(
    `merc_inventory_id` int(10) UNSIGNED NOT NULL AUTO_INCREMENT,
    `merc_subtype_id`   int(10) UNSIGNED NOT NULL DEFAULT 0,
    `item_id`           int(11) UNSIGNED NOT NULL DEFAULT 0,
    `min_level`         int(10) UNSIGNED NOT NULL DEFAULT 0,
    `max_level`         int(10) UNSIGNED NOT NULL DEFAULT 0,
    PRIMARY KEY (`merc_inventory_id`) USING BTREE,
    INDEX               `FK_merc_inventory_1`(`merc_subtype_id`) USING BTREE
) ENGINE = InnoDB AUTO_INCREMENT = 42 CHARACTER SET = latin1 COLLATE = latin1_swedish_ci ROW_FORMAT = Compact;

-- ----------------------------
-- Records of merc_inventory
-- ----------------------------
INSERT INTO `merc_inventory`
VALUES (1, 6, 51735, 1, 85),
       (2, 7, 51736, 1, 85),
       (3, 8, 51737, 1, 85),
       (4, 9, 51738, 1, 85),
       (5, 10, 51739, 1, 85),
       (6, 6, 51740, 1, 85),
       (7, 7, 51741, 1, 85),
       (8, 8, 51742, 1, 85),
       (9, 9, 51743, 1, 85),
       (10, 10, 51744, 1, 85),
       (11, 6, 51745, 1, 85),
       (12, 7, 51746, 1, 85),
       (13, 8, 51747, 1, 85),
       (14, 9, 51748, 1, 85),
       (15, 10, 51749, 1, 85),
       (16, 6, 51750, 1, 85),
       (17, 7, 51751, 1, 85),
       (18, 8, 51752, 1, 85),
       (19, 9, 51753, 1, 85),
       (20, 10, 51754, 1, 85),
       (21, 16, 51735, 1, 85),
       (22, 17, 51736, 1, 85),
       (23, 18, 51737, 1, 85),
       (24, 19, 51738, 1, 85),
       (25, 20, 51739, 1, 85),
       (26, 10, 51739, 1, 85),
       (27, 16, 51740, 1, 85),
       (28, 17, 51741, 1, 85),
       (29, 18, 51742, 1, 85),
       (30, 19, 51743, 1, 85),
       (31, 20, 51744, 1, 85),
       (32, 16, 51745, 1, 85),
       (33, 17, 51746, 1, 85),
       (34, 18, 51747, 1, 85),
       (35, 19, 51748, 1, 85),
       (36, 20, 51749, 1, 85),
       (37, 16, 51750, 1, 85),
       (38, 17, 51751, 1, 85),
       (39, 18, 51752, 1, 85),
       (40, 19, 51753, 1, 85),
       (41, 20, 51754, 1, 85);

-- ----------------------------
-- Table structure for merc_merchant_entries
-- ----------------------------
DROP TABLE IF EXISTS `merc_merchant_entries`;
CREATE TABLE `merc_merchant_entries`
(
    `merc_merchant_entry_id`    int(10) UNSIGNED NOT NULL AUTO_INCREMENT,
    `merc_merchant_template_id` int(10) UNSIGNED NOT NULL,
    `merchant_id`               int(11) UNSIGNED NOT NULL,
    PRIMARY KEY (`merc_merchant_entry_id`) USING BTREE,
    INDEX                       `FK_merc_merchant_entries_1`(`merc_merchant_template_id`) USING BTREE
) ENGINE = InnoDB AUTO_INCREMENT = 57 CHARACTER SET = latin1 COLLATE = latin1_swedish_ci ROW_FORMAT = Compact;

-- ----------------------------
-- Records of merc_merchant_entries
-- ----------------------------
INSERT INTO `merc_merchant_entries`
VALUES (1, 2, 202030),
       (2, 22, 202030),
       (3, 2, 202031),
       (4, 22, 202031),
       (5, 7, 202100),
       (6, 22, 202100),
       (7, 7, 202032),
       (8, 22, 202032),
       (9, 3, 202113),
       (10, 14, 202113),
       (11, 3, 202097),
       (12, 14, 202097),
       (13, 19, 202114),
       (14, 19, 202053),
       (15, 12, 202103),
       (16, 12, 202111),
       (17, 17, 202028),
       (18, 21, 202028),
       (19, 17, 202052),
       (20, 21, 202052),
       (21, 8, 202101),
       (22, 20, 202101),
       (23, 8, 202102),
       (24, 20, 202102),
       (25, 16, 202107),
       (26, 13, 202107),
       (27, 18, 202107),
       (28, 16, 202116),
       (29, 13, 202116),
       (30, 18, 202116),
       (31, 5, 202099),
       (32, 24, 202099),
       (33, 5, 202108),
       (34, 24, 202108),
       (35, 4, 202109),
       (36, 4, 202035),
       (37, 6, 202104),
       (38, 6, 202119),
       (39, 1, 202115),
       (40, 1, 202096),
       (41, 23, 202112),
       (42, 23, 202098),
       (43, 10, 202118),
       (44, 15, 202118),
       (45, 10, 202106),
       (46, 15, 202106),
       (47, 9, 202117),
       (48, 13, 202117),
       (49, 22, 202117),
       (50, 9, 202105),
       (51, 13, 202105),
       (52, 22, 202105),
       (53, 11, 202027),
       (54, 11, 202110),
       (55, 23, 394050),
       (56, 23, 394148);

-- ----------------------------
-- Table structure for merc_merchant_template_entries
-- ----------------------------
DROP TABLE IF EXISTS `merc_merchant_template_entries`;
CREATE TABLE `merc_merchant_template_entries`
(
    `merc_merchant_template_entry_id` int(10) UNSIGNED NOT NULL AUTO_INCREMENT,
    `merc_merchant_template_id`       int(10) UNSIGNED NOT NULL,
    `merc_template_id`                int(10) UNSIGNED NOT NULL,
    PRIMARY KEY (`merc_merchant_template_entry_id`) USING BTREE,
    INDEX                             `FK_merc_merchant_template_entries_1`(`merc_merchant_template_id`) USING BTREE,
    INDEX                             `FK_merc_merchant_template_entries_2`(`merc_template_id`) USING BTREE
) ENGINE = InnoDB AUTO_INCREMENT = 554 CHARACTER SET = latin1 COLLATE = latin1_swedish_ci ROW_FORMAT = Compact;

-- ----------------------------
-- Records of merc_merchant_template_entries
-- ----------------------------
INSERT INTO `merc_merchant_template_entries`
VALUES (1, 1, 1),
       (2, 1, 2),
       (3, 1, 3),
       (4, 1, 4),
       (5, 1, 5),
       (6, 1, 6),
       (7, 1, 7),
       (8, 1, 8),
       (9, 1, 9),
       (10, 1, 10),
       (11, 1, 11),
       (12, 1, 12),
       (13, 1, 13),
       (14, 1, 14),
       (15, 1, 15),
       (16, 1, 16),
       (17, 1, 17),
       (18, 1, 18),
       (19, 1, 19),
       (20, 1, 20),
       (21, 1, 21),
       (22, 1, 22),
       (23, 1, 23),
       (24, 1, 24),
       (25, 1, 25),
       (26, 1, 26),
       (27, 1, 27),
       (28, 1, 28),
       (29, 2, 29),
       (30, 2, 30),
       (31, 2, 31),
       (32, 2, 32),
       (33, 2, 33),
       (34, 2, 34),
       (35, 2, 35),
       (36, 2, 36),
       (37, 2, 37),
       (38, 2, 38),
       (39, 2, 39),
       (40, 2, 40),
       (41, 2, 41),
       (42, 2, 42),
       (43, 2, 43),
       (44, 2, 44),
       (45, 2, 45),
       (46, 2, 46),
       (47, 2, 47),
       (48, 2, 48),
       (49, 2, 49),
       (50, 2, 50),
       (51, 2, 51),
       (52, 2, 52),
       (53, 2, 53),
       (54, 2, 54),
       (55, 2, 55),
       (56, 2, 56),
       (57, 3, 57),
       (58, 3, 58),
       (59, 3, 59),
       (60, 3, 60),
       (61, 3, 61),
       (62, 3, 62),
       (63, 3, 63),
       (64, 3, 64),
       (65, 3, 65),
       (66, 3, 66),
       (67, 3, 67),
       (68, 3, 68),
       (69, 3, 69),
       (70, 3, 70),
       (71, 3, 71),
       (72, 3, 72),
       (73, 3, 73),
       (74, 3, 74),
       (75, 3, 75),
       (76, 3, 76),
       (77, 3, 77),
       (78, 4, 78),
       (79, 4, 79),
       (80, 4, 80),
       (81, 4, 81),
       (82, 4, 82),
       (83, 4, 83),
       (84, 4, 84),
       (85, 4, 85),
       (86, 4, 86),
       (87, 4, 87),
       (88, 4, 88),
       (89, 4, 89),
       (90, 4, 90),
       (91, 4, 91),
       (92, 4, 92),
       (93, 4, 93),
       (94, 4, 94),
       (95, 4, 95),
       (96, 4, 96),
       (97, 4, 97),
       (98, 4, 98),
       (99, 4, 99),
       (100, 4, 100),
       (101, 4, 101),
       (102, 4, 102),
       (103, 4, 103),
       (104, 4, 104),
       (105, 4, 105),
       (106, 5, 106),
       (107, 5, 107),
       (108, 5, 108),
       (109, 5, 109),
       (110, 5, 110),
       (111, 5, 111),
       (112, 5, 112),
       (113, 5, 113),
       (114, 5, 114),
       (115, 5, 115),
       (116, 5, 116),
       (117, 5, 117),
       (118, 5, 118),
       (119, 5, 119),
       (120, 5, 120),
       (121, 5, 121),
       (122, 5, 122),
       (123, 5, 123),
       (124, 5, 124),
       (125, 5, 125),
       (126, 5, 126),
       (127, 6, 127),
       (128, 6, 128),
       (129, 6, 129),
       (130, 6, 130),
       (131, 6, 131),
       (132, 6, 132),
       (133, 6, 133),
       (134, 6, 134),
       (135, 6, 135),
       (136, 6, 136),
       (137, 6, 137),
       (138, 6, 138),
       (139, 6, 139),
       (140, 6, 140),
       (141, 6, 141),
       (142, 6, 142),
       (143, 6, 143),
       (144, 6, 144),
       (145, 6, 145),
       (146, 6, 146),
       (147, 6, 147),
       (148, 6, 148),
       (149, 6, 149),
       (150, 6, 150),
       (151, 6, 151),
       (152, 6, 152),
       (153, 6, 153),
       (154, 6, 154),
       (155, 7, 155),
       (156, 7, 156),
       (157, 7, 157),
       (158, 7, 158),
       (159, 7, 159),
       (160, 7, 160),
       (161, 7, 161),
       (162, 7, 162),
       (163, 7, 163),
       (164, 7, 164),
       (165, 7, 165),
       (166, 7, 166),
       (167, 7, 167),
       (168, 7, 168),
       (169, 7, 169),
       (170, 7, 170),
       (171, 7, 171),
       (172, 7, 172),
       (173, 7, 173),
       (174, 7, 174),
       (175, 7, 175),
       (176, 7, 176),
       (177, 7, 177),
       (178, 7, 178),
       (179, 7, 179),
       (180, 7, 180),
       (181, 7, 181),
       (182, 7, 182),
       (183, 8, 183),
       (184, 8, 184),
       (185, 8, 185),
       (186, 8, 186),
       (187, 8, 187),
       (188, 8, 188),
       (189, 8, 189),
       (190, 8, 190),
       (191, 8, 191),
       (192, 8, 192),
       (193, 8, 193),
       (194, 8, 194),
       (195, 8, 195),
       (196, 8, 196),
       (197, 8, 197),
       (198, 8, 198),
       (199, 8, 199),
       (200, 8, 200),
       (201, 8, 201),
       (202, 8, 202),
       (203, 8, 203),
       (204, 8, 204),
       (205, 8, 205),
       (206, 8, 206),
       (207, 8, 207),
       (208, 8, 208),
       (209, 8, 209),
       (210, 8, 210),
       (211, 9, 211),
       (212, 9, 212),
       (213, 9, 213),
       (214, 9, 214),
       (215, 9, 215),
       (216, 9, 216),
       (217, 9, 217),
       (218, 9, 218),
       (219, 9, 219),
       (220, 9, 220),
       (221, 9, 221),
       (222, 9, 222),
       (223, 9, 223),
       (224, 9, 224),
       (225, 9, 225),
       (226, 9, 226),
       (227, 9, 227),
       (228, 9, 228),
       (229, 9, 229),
       (230, 9, 230),
       (231, 9, 231),
       (232, 10, 232),
       (233, 10, 233),
       (234, 10, 234),
       (235, 10, 235),
       (236, 10, 236),
       (237, 10, 237),
       (238, 10, 238),
       (239, 10, 239),
       (240, 10, 240),
       (241, 10, 241),
       (242, 10, 242),
       (243, 10, 243),
       (244, 10, 244),
       (245, 10, 245),
       (246, 10, 246),
       (247, 10, 247),
       (248, 10, 248),
       (249, 10, 249),
       (250, 10, 250),
       (251, 10, 251),
       (252, 10, 252),
       (253, 11, 253),
       (254, 11, 254),
       (255, 11, 255),
       (256, 11, 256),
       (257, 11, 257),
       (258, 11, 258),
       (259, 11, 259),
       (260, 11, 260),
       (261, 11, 261),
       (262, 11, 262),
       (263, 11, 263),
       (264, 11, 264),
       (265, 11, 265),
       (266, 11, 266),
       (267, 11, 267),
       (268, 11, 268),
       (269, 11, 269),
       (270, 11, 270),
       (271, 11, 271),
       (272, 11, 272),
       (273, 11, 273),
       (274, 11, 274),
       (275, 11, 275),
       (276, 11, 276),
       (277, 11, 277),
       (278, 11, 278),
       (279, 11, 279),
       (280, 11, 280),
       (281, 12, 281),
       (282, 12, 282),
       (283, 12, 283),
       (284, 12, 284),
       (285, 12, 285),
       (286, 12, 286),
       (287, 12, 287),
       (288, 12, 288),
       (289, 12, 289),
       (290, 12, 290),
       (291, 12, 291),
       (292, 12, 292),
       (293, 12, 293),
       (294, 12, 294),
       (295, 12, 295),
       (296, 12, 296),
       (297, 12, 297),
       (298, 12, 298),
       (299, 12, 299),
       (300, 12, 300),
       (301, 12, 301),
       (302, 12, 302),
       (303, 12, 303),
       (304, 12, 304),
       (305, 12, 305),
       (306, 12, 306),
       (307, 12, 307),
       (308, 12, 308),
       (309, 14, 309),
       (310, 14, 310),
       (311, 14, 311),
       (312, 14, 312),
       (313, 14, 313),
       (314, 14, 314),
       (315, 14, 315),
       (316, 15, 316),
       (317, 15, 317),
       (318, 15, 318),
       (319, 15, 319),
       (320, 15, 320),
       (321, 15, 321),
       (322, 15, 322),
       (323, 15, 323),
       (324, 15, 324),
       (325, 15, 325),
       (326, 15, 326),
       (327, 15, 327),
       (328, 15, 328),
       (329, 15, 329),
       (330, 15, 330),
       (331, 15, 331),
       (332, 15, 332),
       (333, 15, 333),
       (334, 15, 334),
       (335, 15, 335),
       (336, 15, 336),
       (337, 15, 337),
       (338, 15, 338),
       (339, 15, 339),
       (340, 15, 340),
       (341, 15, 341),
       (342, 15, 342),
       (343, 15, 343),
       (344, 16, 344),
       (345, 16, 345),
       (346, 16, 346),
       (347, 16, 347),
       (348, 16, 348),
       (349, 16, 349),
       (350, 16, 350),
       (351, 16, 351),
       (352, 16, 352),
       (353, 16, 353),
       (354, 16, 354),
       (355, 16, 355),
       (356, 16, 356),
       (357, 16, 357),
       (358, 16, 358),
       (359, 16, 359),
       (360, 16, 360),
       (361, 16, 361),
       (362, 16, 362),
       (363, 16, 363),
       (364, 16, 364),
       (365, 17, 365),
       (366, 17, 366),
       (367, 17, 367),
       (368, 17, 368),
       (369, 17, 369),
       (370, 17, 370),
       (371, 17, 371),
       (372, 17, 372),
       (373, 17, 373),
       (374, 17, 374),
       (375, 17, 375),
       (376, 17, 376),
       (377, 17, 377),
       (378, 17, 378),
       (379, 17, 379),
       (380, 17, 380),
       (381, 17, 381),
       (382, 17, 382),
       (383, 17, 383),
       (384, 17, 384),
       (385, 17, 385),
       (386, 17, 386),
       (387, 17, 387),
       (388, 17, 388),
       (389, 17, 389),
       (390, 17, 390),
       (391, 17, 391),
       (392, 17, 392),
       (393, 19, 393),
       (394, 19, 394),
       (395, 19, 395),
       (396, 19, 396),
       (397, 19, 397),
       (398, 19, 398),
       (399, 19, 399),
       (400, 19, 400),
       (401, 19, 401),
       (402, 19, 402),
       (403, 19, 403),
       (404, 19, 404),
       (405, 19, 405),
       (406, 19, 406),
       (407, 19, 407),
       (408, 19, 408),
       (409, 19, 409),
       (410, 19, 410),
       (411, 19, 411),
       (412, 19, 412),
       (413, 19, 413),
       (414, 19, 414),
       (415, 19, 415),
       (416, 19, 416),
       (417, 19, 417),
       (418, 19, 418),
       (419, 19, 419),
       (420, 19, 420),
       (421, 20, 421),
       (422, 20, 422),
       (423, 20, 423),
       (424, 20, 424),
       (425, 20, 425),
       (426, 20, 426),
       (427, 20, 427),
       (428, 20, 428),
       (429, 20, 429),
       (430, 20, 430),
       (431, 20, 431),
       (432, 20, 432),
       (433, 20, 433),
       (434, 20, 434),
       (435, 20, 435),
       (436, 20, 436),
       (437, 20, 437),
       (438, 20, 438),
       (439, 20, 439),
       (440, 20, 440),
       (441, 20, 441),
       (442, 20, 442),
       (443, 20, 443),
       (444, 20, 444),
       (445, 20, 445),
       (446, 20, 446),
       (447, 20, 447),
       (448, 20, 448),
       (449, 21, 449),
       (450, 21, 450),
       (451, 21, 451),
       (452, 21, 452),
       (453, 21, 453),
       (454, 21, 454),
       (455, 21, 455),
       (456, 21, 456),
       (457, 21, 457),
       (458, 21, 458),
       (459, 21, 459),
       (460, 21, 460),
       (461, 21, 461),
       (462, 21, 462),
       (463, 21, 463),
       (464, 21, 464),
       (465, 21, 465),
       (466, 21, 466),
       (467, 21, 467),
       (468, 21, 468),
       (469, 21, 469),
       (470, 22, 470),
       (471, 22, 471),
       (472, 22, 472),
       (473, 22, 473),
       (474, 22, 474),
       (475, 22, 475),
       (476, 22, 476),
       (477, 22, 477),
       (478, 22, 478),
       (479, 22, 479),
       (480, 22, 480),
       (481, 22, 481),
       (482, 22, 482),
       (483, 22, 483),
       (484, 22, 484),
       (485, 22, 485),
       (486, 22, 486),
       (487, 22, 487),
       (488, 22, 488),
       (489, 22, 489),
       (490, 22, 490),
       (491, 22, 491),
       (492, 22, 492),
       (493, 22, 493),
       (494, 22, 494),
       (495, 22, 495),
       (496, 22, 496),
       (497, 22, 497),
       (498, 23, 498),
       (499, 23, 499),
       (500, 23, 500),
       (501, 23, 501),
       (502, 23, 502),
       (503, 23, 503),
       (504, 23, 504),
       (505, 23, 505),
       (506, 23, 506),
       (507, 23, 507),
       (508, 23, 508),
       (509, 23, 509),
       (510, 23, 510),
       (511, 23, 511),
       (512, 23, 512),
       (513, 23, 513),
       (514, 23, 514),
       (515, 23, 515),
       (516, 23, 516),
       (517, 23, 517),
       (518, 23, 518),
       (519, 23, 519),
       (520, 23, 520),
       (521, 23, 521),
       (522, 23, 522),
       (523, 23, 523),
       (524, 23, 524),
       (525, 23, 525),
       (526, 24, 526),
       (527, 24, 527),
       (528, 24, 528),
       (529, 24, 529),
       (530, 24, 530),
       (531, 24, 531),
       (532, 24, 532),
       (533, 24, 533),
       (534, 24, 534),
       (535, 24, 535),
       (536, 24, 536),
       (537, 24, 537),
       (538, 24, 538),
       (539, 24, 539),
       (540, 24, 540),
       (541, 24, 541),
       (542, 24, 542),
       (543, 24, 543),
       (544, 24, 544),
       (545, 24, 545),
       (546, 24, 546),
       (547, 24, 547),
       (548, 24, 548),
       (549, 24, 549),
       (550, 24, 550),
       (551, 24, 551),
       (552, 24, 552),
       (553, 24, 553);

-- ----------------------------
-- Table structure for merc_merchant_templates
-- ----------------------------
DROP TABLE IF EXISTS `merc_merchant_templates`;
CREATE TABLE `merc_merchant_templates`
(
    `merc_merchant_template_id` int(10) UNSIGNED NOT NULL AUTO_INCREMENT,
    `name`                      varchar(50) CHARACTER SET latin1 COLLATE latin1_swedish_ci NOT NULL,
    `qglobal`                   varchar(255) CHARACTER SET latin1 COLLATE latin1_swedish_ci NULL DEFAULT NULL,
    PRIMARY KEY (`merc_merchant_template_id`) USING BTREE
) ENGINE = InnoDB AUTO_INCREMENT = 25 CHARACTER SET = latin1 COLLATE = latin1_swedish_ci ROW_FORMAT = Compact;

-- ----------------------------
-- Records of merc_merchant_templates
-- ----------------------------
INSERT INTO `merc_merchant_templates`
VALUES (1, 'Default Human Mercenaries', ''),
       (2, 'Default Barbarian Mercenaries', ''),
       (3, 'Default Erudite Mercenaries', ''),
       (4, 'Default Wood Elf Mercenaries', ''),
       (5, 'Default High Elf Mercenaries', ''),
       (6, 'Default Dark Elf Mercenaries', ''),
       (7, 'Default Half Elf Mercenaries', ''),
       (8, 'Default Dwarf Mercenaries', ''),
       (9, 'Default Troll Mercenaries', ''),
       (10, 'Default Ogre Mercenaries', ''),
       (11, 'Default Halfling Mercenaries', ''),
       (12, 'Default Gnome Mercenaries', ''),
       (13, 'Default Froglok Mercenaries', ''),
       (14, 'Default Kobold Mercenaries', ''),
       (15, 'Default Lizard Man Mercenaries', ''),
       (16, 'Default Iksar Mercenaries', ''),
       (17, 'Default Vah Shir Mercenaries', ''),
       (18, 'Default Kunark Goblin Mercenaries', ''),
       (19, 'Default Guktan Mercenaries', ''),
       (20, 'Default Goblin Mercenaries', ''),
       (21, 'Default Sporali Mercenaries', ''),
       (22, 'Default Orc Mercenaries', ''),
       (23, 'Default Drakkin Mercenaries', ''),
       (24, 'Default Brownie Mercenaries', '');

-- ----------------------------
-- Table structure for merc_name_types
-- ----------------------------
DROP TABLE IF EXISTS `merc_name_types`;
CREATE TABLE `merc_name_types`
(
    `name_type_id` int(10) UNSIGNED NOT NULL,
    `class_id`     int(10) UNSIGNED NOT NULL,
    `prefix`       varchar(25) CHARACTER SET latin1 COLLATE latin1_swedish_ci NOT NULL,
    `suffix`       varchar(25) CHARACTER SET latin1 COLLATE latin1_swedish_ci NOT NULL,
    PRIMARY KEY (`name_type_id`, `class_id`) USING BTREE
) ENGINE = InnoDB CHARACTER SET = latin1 COLLATE = latin1_swedish_ci ROW_FORMAT = Compact;

-- ----------------------------
-- Records of merc_name_types
-- ----------------------------
INSERT INTO `merc_name_types`
VALUES (1, 0, '', 'mercenary'),
       (2, 0, '', 'hireling'),
       (3, 0, 'hired', ''),
       (4, 1, '', 'defender'),
       (4, 2, '', 'soother'),
       (4, 4, '', 'fighter'),
       (4, 12, '', 'caster'),
       (5, 1, '', 'brawler'),
       (5, 2, '', 'mender'),
       (5, 4, '', ''),
       (5, 12, '', ''),
       (6, 2, '', 'acolyte'),
       (7, 1, '', 'nightlord'),
       (8, 2, '', 'mendicant');

-- ----------------------------
-- Table structure for merc_npc_types
-- ----------------------------
DROP TABLE IF EXISTS `merc_npc_types`;
CREATE TABLE `merc_npc_types`
(
    `merc_npc_type_id` int(10) UNSIGNED NOT NULL AUTO_INCREMENT,
    `proficiency_id`   tinyint(3) UNSIGNED NOT NULL,
    `tier_id`          tinyint(3) UNSIGNED NOT NULL,
    `class_id`         int(10) UNSIGNED NOT NULL,
    `name`             varchar(255) CHARACTER SET latin1 COLLATE latin1_swedish_ci NULL DEFAULT NULL,
    PRIMARY KEY (`merc_npc_type_id`) USING BTREE
) ENGINE = InnoDB AUTO_INCREMENT = 41 CHARACTER SET = latin1 COLLATE = latin1_swedish_ci ROW_FORMAT = Compact;

-- ----------------------------
-- Records of merc_npc_types
-- ----------------------------
INSERT INTO `merc_npc_types`
VALUES (1, 1, 1, 1, 'Apprentice Tank - Tier I'),
       (2, 1, 2, 1, 'Apprentice Tank - Tier II'),
       (3, 1, 3, 1, 'Apprentice Tank - Tier III'),
       (4, 1, 4, 1, 'Apprentice Tank - Tier IV'),
       (5, 1, 5, 1, 'Apprentice Tank - Tier V'),
       (6, 2, 1, 1, 'Journeyman Tank - Tier I'),
       (7, 2, 2, 1, 'Journeyman Tank - Tier II'),
       (8, 2, 3, 1, 'Journeyman Tank - Tier III'),
       (9, 2, 4, 1, 'Journeyman Tank - Tier IV'),
       (10, 2, 5, 1, 'Journeyman Tank - Tier V'),
       (11, 1, 1, 2, 'Apprentice Healer - Tier I'),
       (12, 1, 2, 2, 'Apprentice Healer - Tier II'),
       (13, 1, 3, 2, 'Apprentice Healer - Tier III'),
       (14, 1, 4, 2, 'Apprentice Healer - Tier IV'),
       (15, 1, 5, 2, 'Apprentice Healer - Tier V'),
       (16, 2, 1, 2, 'Journeyman Healer - Tier I'),
       (17, 2, 2, 2, 'Journeyman Healer - Tier II'),
       (18, 2, 3, 2, 'Journeyman Healer - Tier III'),
       (19, 2, 4, 2, 'Journeyman Healer - Tier IV'),
       (20, 2, 5, 2, 'Journeyman Healer - Tier V'),
       (21, 1, 1, 9, 'Apprentice Melee DPS - Tier I'),
       (22, 1, 2, 9, 'Apprentice Melee DPS - Tier II'),
       (23, 1, 3, 9, 'Apprentice Melee DPS - Tier III'),
       (24, 1, 4, 9, 'Apprentice Melee DPS - Tier IV'),
       (25, 1, 5, 9, 'Apprentice Melee DPS - Tier V'),
       (26, 2, 1, 9, 'Journeyman Melee DPS - Tier I'),
       (27, 2, 2, 9, 'Journeyman Melee DPS - Tier II'),
       (28, 2, 3, 9, 'Journeyman Melee DPS - Tier III'),
       (29, 2, 4, 9, 'Journeyman Melee DPS - Tier IV'),
       (30, 2, 5, 9, 'Journeyman Melee DPS - Tier V'),
       (31, 1, 1, 12, 'Apprentice Caster DPS - Tier I'),
       (32, 1, 2, 12, 'Apprentice Caster DPS - Tier II'),
       (33, 1, 3, 12, 'Apprentice Caster DPS - Tier III'),
       (34, 1, 4, 12, 'Apprentice Caster DPS - Tier IV'),
       (35, 1, 5, 12, 'Apprentice Caster DPS - Tier V'),
       (36, 2, 1, 12, 'Journeyman Caster DPS - Tier I'),
       (37, 2, 2, 12, 'Journeyman Caster DPS - Tier II'),
       (38, 2, 3, 12, 'Journeyman Caster DPS - Tier III'),
       (39, 2, 4, 12, 'Journeyman Caster DPS - Tier IV'),
       (40, 2, 5, 12, 'Journeyman Caster DPS - Tier V');

-- ----------------------------
-- Table structure for merc_spell_list_entries
-- ----------------------------
DROP TABLE IF EXISTS `merc_spell_list_entries`;
CREATE TABLE `merc_spell_list_entries`
(
    `merc_spell_list_entry_id` int(10) UNSIGNED NOT NULL AUTO_INCREMENT,
    `merc_spell_list_id`       int(10) UNSIGNED NOT NULL,
    `spell_id`                 int(10) UNSIGNED NOT NULL,
    `spell_type`               int(10) UNSIGNED NOT NULL DEFAULT 0,
    `stance_id`                tinyint(3) UNSIGNED NOT NULL DEFAULT 0,
    `minlevel`                 tinyint(3) UNSIGNED NOT NULL DEFAULT 1,
    `maxlevel`                 tinyint(3) UNSIGNED NOT NULL DEFAULT 255,
    `slot`                     tinyint(4) NOT NULL DEFAULT -1,
    `procChance`               tinyint(3) UNSIGNED NOT NULL DEFAULT 0,
    PRIMARY KEY (`merc_spell_list_entry_id`) USING BTREE,
    INDEX                      `FK_merc_spell_lists_1`(`merc_spell_list_id`) USING BTREE
) ENGINE = InnoDB AUTO_INCREMENT = 730 CHARACTER SET = latin1 COLLATE = latin1_swedish_ci ROW_FORMAT = Compact;

-- ----------------------------
-- Records of merc_spell_list_entries
-- ----------------------------
INSERT INTO `merc_spell_list_entries`
VALUES (293, 1, 17189, 1, 0, 1, 255, 1, 0),
       (294, 1, 4608, 1, 0, 20, 51, 2, 0),
       (295, 1, 4681, 1, 0, 52, 55, 2, 0),
       (296, 1, 4682, 1, 0, 56, 62, 2, 0),
       (297, 1, 17188, 1, 0, 59, 255, 1, 0),
       (298, 1, 4697, 1, 0, 63, 64, 2, 0),
       (299, 1, 5015, 1, 0, 65, 69, 2, 0),
       (300, 1, 7266, 1, 0, 69, 80, 3, 0),
       (301, 1, 20939, 1, 0, 70, 74, 2, 0),
       (302, 1, 15296, 1, 0, 75, 79, 2, 0),
       (303, 1, 0, 1, 0, 80, 84, 2, 0),
       (304, 1, 19537, 1, 0, 81, 85, 3, 0),
       (305, 1, 19531, 1, 0, 85, 89, 2, 0),
       (306, 2, 17189, 1, 0, 1, 255, 1, 0),
       (307, 2, 4608, 1, 0, 20, 51, 2, 0),
       (308, 2, 4681, 1, 0, 52, 55, 2, 0),
       (309, 2, 4682, 1, 0, 56, 62, 2, 0),
       (310, 2, 17188, 1, 0, 59, 255, 1, 0),
       (311, 2, 4697, 1, 0, 63, 64, 2, 0),
       (312, 2, 5016, 1, 0, 65, 69, 2, 0),
       (313, 2, 7266, 1, 0, 69, 80, 3, 0),
       (314, 2, 20939, 1, 0, 70, 74, 2, 0),
       (315, 2, 15297, 1, 0, 75, 79, 2, 0),
       (316, 2, 0, 1, 0, 80, 84, 2, 0),
       (317, 2, 19538, 1, 0, 81, 85, 3, 0),
       (318, 2, 19532, 1, 0, 85, 89, 2, 0),
       (319, 3, 200, 2, 0, 1, 3, 1, 0),
       (320, 3, 202, 8, 0, 1, 6, 1, 0),
       (321, 3, 203, 32768, 0, 1, 21, 2, 0),
       (322, 3, 17, 2, 0, 4, 9, 1, 0),
       (323, 3, 213, 32768, 0, 4, 27, 2, 0),
       (324, 3, 219, 8, 0, 7, 21, 1, 0),
       (325, 3, 4056, 32768, 0, 8, 22, 2, 0),
       (326, 3, 12, 2, 0, 10, 19, 2, 0),
       (327, 3, 485, 8, 0, 11, 20, 2, 0),
       (328, 3, 2168, 65536, 0, 12, 17, 1, 0),
       (329, 3, 3575, 8, 0, 15, 34, 3, 0),
       (330, 3, 89, 8, 0, 17, 20, 1, 0),
       (331, 3, 2169, 65536, 0, 18, 21, 1, 0),
       (332, 3, 2502, 2, 0, 19, 28, 1, 0),
       (333, 3, 17397, 2, 0, 20, 29, 2, 0),
       (334, 3, 4088, 8, 0, 20, 39, 4, 0),
       (335, 3, 486, 8, 0, 21, 30, 2, 0),
       (336, 3, 244, 8, 0, 22, 31, 1, 0),
       (337, 3, 95, 32768, 0, 22, 47, 2, 0),
       (338, 3, 2170, 65536, 0, 22, 26, 1, 0),
       (339, 3, 4057, 32768, 0, 23, 37, 2, 0),
       (340, 3, 391, 65536, 0, 27, 31, 1, 0),
       (341, 3, 96, 32768, 0, 28, 50, 2, 0),
       (342, 3, 2175, 2, 0, 29, 43, 1, 0),
       (343, 3, 135, 2, 0, 30, 44, 2, 0),
       (344, 3, 9, 2, 0, 30, 52, 2, 0),
       (345, 3, 487, 8, 0, 31, 40, 2, 0),
       (346, 3, 312, 8, 0, 32, 39, 1, 0),
       (347, 3, 4175, 65536, 0, 32, 36, 1, 0),
       (348, 3, 3576, 8, 0, 35, 61, 3, 0),
       (349, 3, 388, 65536, 0, 37, 41, 1, 0),
       (350, 3, 2946, 32768, 0, 38, 53, 2, 0),
       (351, 3, 13, 2, 0, 39, 75, 2, 0),
       (352, 3, 3692, 8, 0, 40, 59, 1, 0),
       (353, 3, 4089, 8, 0, 40, 53, 4, 0),
       (354, 3, 488, 8, 0, 41, 53, 2, 0),
       (355, 3, 2172, 65536, 0, 42, 46, 1, 0),
       (356, 3, 1444, 2, 0, 44, 58, 1, 0),
       (357, 3, 136, 2, 0, 45, 51, 2, 0),
       (358, 3, 4053, 8, 0, 45, 59, 1, 0),
       (359, 3, 392, 65536, 0, 47, 255, 1, 0),
       (360, 3, 97, 32768, 0, 48, 57, 2, 0),
       (361, 3, 1518, 2, 0, 51, 58, 2, 0),
       (362, 3, 3693, 32768, 0, 51, 83, 3, 0),
       (363, 3, 1520, 2, 0, 52, 56, 2, 0),
       (364, 3, 1519, 2, 0, 53, 57, 2, 0),
       (365, 3, 1535, 8, 0, 54, 60, 2, 0),
       (366, 3, 4090, 8, 0, 54, 61, 4, 0),
       (367, 3, 2880, 32768, 0, 54, 93, 2, 0),
       (368, 3, 1521, 2, 0, 57, 63, 2, 0),
       (369, 3, 1774, 8, 0, 58, 59, 6, 0),
       (370, 3, 2182, 2, 0, 58, 62, 2, 0),
       (371, 3, 1525, 32768, 0, 58, 83, 2, 0),
       (372, 3, 1522, 2, 0, 59, 61, 1, 0),
       (373, 3, 2462, 8, 0, 59, 60, 6, 0),
       (374, 3, 2893, 8, 0, 60, 62, 6, 0),
       (375, 3, 1447, 8, 0, 60, 61, 1, 0),
       (376, 3, 2510, 8, 0, 60, 61, 1, 0),
       (377, 3, 2122, 8, 0, 60, 61, 1, 0),
       (378, 3, 2180, 2, 0, 60, 64, 1, 0),
       (379, 3, 1523, 2, 0, 60, 75, 2, 0),
       (380, 3, 3465, 2, 0, 61, 65, 2, 0),
       (381, 3, 3466, 2, 0, 61, 65, 2, 0),
       (382, 3, 3475, 2, 0, 62, 64, 1, 0),
       (383, 3, 3467, 8, 0, 62, 66, 1, 0),
       (384, 3, 3472, 8, 0, 62, 66, 3, 0),
       (385, 3, 4091, 8, 0, 62, 66, 4, 0),
       (386, 3, 3047, 2, 0, 63, 69, 1, 0),
       (387, 3, 3480, 2, 0, 63, 64, 2, 0),
       (388, 3, 3471, 2, 0, 64, 68, 2, 0),
       (389, 3, 4108, 8, 0, 64, 66, 3, 0),
       (390, 3, 3479, 8, 0, 65, 66, 1, 0),
       (391, 3, 4882, 2, 0, 65, 66, 1, 0),
       (392, 3, 4880, 2, 0, 65, 67, 2, 0),
       (393, 3, 5252, 2, 0, 66, 71, 2, 0),
       (394, 3, 5251, 2, 0, 66, 255, 2, 0),
       (395, 3, 5257, 8, 0, 67, 71, 1, 0),
       (396, 3, 5259, 2, 0, 67, 255, 1, 0),
       (397, 3, 5258, 8, 0, 67, 70, 3, 0),
       (398, 3, 5261, 8, 0, 67, 72, 4, 0),
       (399, 3, 5265, 2, 0, 68, 72, 2, 0),
       (400, 3, 5272, 8, 0, 69, 255, 7, 0),
       (401, 3, 5270, 2, 0, 69, 79, 2, 0),
       (402, 3, 5278, 8, 0, 70, 71, 1, 0),
       (403, 3, 5277, 8, 0, 70, 74, 1, 0),
       (404, 3, 8493, 2, 0, 70, 74, 1, 0),
       (405, 3, 14195, 8, 0, 71, 75, 2, 0),
       (406, 3, 14192, 2, 0, 71, 75, 2, 0),
       (407, 3, 14189, 8, 0, 71, 0, 3, 0),
       (408, 3, 14207, 8, 0, 72, 76, 1, 0),
       (409, 3, 14213, 2, 0, 72, 76, 1, 0),
       (410, 3, 14252, 8, 0, 72, 75, 3, 0),
       (411, 3, 14222, 2, 0, 73, 77, 2, 0),
       (412, 3, 14231, 2, 0, 73, 77, 2, 0),
       (413, 3, 14219, 8, 0, 73, 77, 4, 0),
       (414, 3, 14267, 32768, 0, 74, 78, 2, 0),
       (415, 3, 14282, 8, 0, 75, 76, 1, 0),
       (416, 3, 14279, 8, 0, 75, 79, 2, 0),
       (417, 3, 14285, 2, 0, 75, 79, 1, 0),
       (418, 3, 14288, 8, 0, 75, 77, 4, 0),
       (419, 3, 0, 2, 0, 76, 80, 2, 0),
       (420, 3, 0, 8, 0, 76, 80, 2, 0),
       (421, 3, 0, 8, 0, 76, 80, 3, 0),
       (422, 3, 0, 8, 0, 77, 81, 1, 0),
       (423, 3, 0, 2, 0, 77, 81, 1, 0),
       (424, 3, 0, 2, 0, 77, 81, 2, 0),
       (425, 3, 0, 8, 0, 77, 80, 3, 0),
       (426, 3, 0, 2, 0, 78, 82, 2, 0),
       (427, 3, 0, 2, 0, 78, 82, 2, 0),
       (428, 3, 0, 8, 0, 78, 82, 4, 0),
       (429, 3, 0, 32768, 0, 79, 83, 2, 0),
       (430, 3, 0, 8, 0, 80, 81, 1, 0),
       (431, 3, 0, 8, 0, 80, 84, 2, 0),
       (432, 3, 0, 2, 0, 80, 84, 1, 0),
       (433, 3, 0, 2, 0, 80, 84, 2, 0),
       (434, 3, 0, 8, 0, 80, 82, 4, 0),
       (435, 3, 18234, 8, 0, 81, 85, 2, 0),
       (436, 3, 18231, 2, 0, 81, 85, 2, 0),
       (437, 3, 18228, 8, 0, 81, 85, 3, 0),
       (438, 3, 18246, 8, 0, 82, 86, 1, 0),
       (439, 3, 18252, 2, 0, 82, 86, 1, 0),
       (440, 3, 18352, 2, 0, 82, 86, 2, 0),
       (441, 3, 18291, 8, 0, 82, 85, 3, 0),
       (442, 3, 18261, 2, 0, 83, 87, 2, 0),
       (443, 3, 18270, 2, 0, 83, 87, 2, 0),
       (444, 3, 18258, 8, 0, 83, 87, 4, 0),
       (445, 3, 18306, 32768, 0, 84, 86, 2, 0),
       (446, 3, 18389, 32768, 0, 84, 88, 2, 0),
       (447, 3, 18321, 8, 0, 85, 86, 1, 0),
       (448, 3, 18318, 8, 0, 85, 89, 2, 0),
       (449, 3, 18364, 2, 0, 85, 89, 2, 0),
       (450, 3, 18327, 8, 0, 85, 87, 4, 0),
       (451, 4, 200, 2, 0, 1, 3, 1, 0),
       (452, 4, 202, 8, 0, 1, 6, 1, 0),
       (453, 4, 203, 32768, 0, 1, 21, 2, 0),
       (454, 4, 17, 2, 0, 4, 9, 1, 0),
       (455, 4, 213, 32768, 0, 4, 27, 2, 0),
       (456, 4, 219, 8, 0, 7, 21, 1, 0),
       (457, 4, 4056, 32768, 0, 8, 22, 2, 0),
       (458, 4, 12, 2, 0, 10, 19, 2, 0),
       (459, 4, 485, 8, 0, 11, 20, 2, 0),
       (460, 4, 2168, 65536, 0, 12, 17, 1, 0),
       (461, 4, 3575, 8, 0, 15, 34, 3, 0),
       (462, 4, 89, 8, 0, 17, 20, 1, 0),
       (463, 4, 2169, 65536, 0, 18, 21, 1, 0),
       (464, 4, 2502, 2, 0, 19, 28, 1, 0),
       (465, 4, 17397, 2, 0, 20, 29, 2, 0),
       (466, 4, 4088, 8, 0, 20, 39, 4, 0),
       (467, 4, 486, 8, 0, 21, 30, 2, 0),
       (468, 4, 244, 8, 0, 22, 31, 1, 0),
       (469, 4, 95, 32768, 0, 22, 47, 2, 0),
       (470, 4, 2170, 65536, 0, 22, 26, 1, 0),
       (471, 4, 4057, 32768, 0, 23, 37, 2, 0),
       (472, 4, 391, 65536, 0, 27, 31, 1, 0),
       (473, 4, 96, 32768, 0, 28, 50, 2, 0),
       (474, 4, 2175, 2, 0, 29, 43, 1, 0),
       (475, 4, 135, 2, 0, 30, 44, 2, 0),
       (476, 4, 9, 2, 0, 30, 52, 2, 0),
       (477, 4, 487, 8, 0, 31, 40, 2, 0),
       (478, 4, 312, 8, 0, 32, 39, 1, 0),
       (479, 4, 4175, 65536, 0, 32, 36, 1, 0),
       (480, 4, 3576, 8, 0, 35, 61, 3, 0),
       (481, 4, 388, 65536, 0, 37, 41, 1, 0),
       (482, 4, 2946, 32768, 0, 38, 53, 2, 0),
       (483, 4, 13, 2, 0, 39, 75, 2, 0),
       (484, 4, 3692, 8, 0, 40, 59, 1, 0),
       (485, 4, 4089, 8, 0, 40, 53, 4, 0),
       (486, 4, 488, 8, 0, 41, 53, 2, 0),
       (487, 4, 2172, 65536, 0, 42, 46, 1, 0),
       (488, 4, 1444, 2, 0, 44, 58, 1, 0),
       (489, 4, 136, 2, 0, 45, 51, 2, 0),
       (490, 4, 4053, 8, 0, 45, 59, 1, 0),
       (491, 4, 392, 65536, 0, 47, 55, 1, 0),
       (492, 4, 97, 32768, 0, 48, 57, 2, 0),
       (493, 4, 1518, 2, 0, 51, 58, 2, 0),
       (494, 4, 3693, 32768, 0, 51, 83, 3, 0),
       (495, 4, 1520, 2, 0, 52, 56, 2, 0),
       (496, 4, 1519, 2, 0, 53, 57, 2, 0),
       (497, 4, 1535, 8, 0, 54, 60, 2, 0),
       (498, 4, 4090, 8, 0, 54, 61, 4, 0),
       (499, 4, 2880, 32768, 0, 54, 93, 2, 0),
       (500, 4, 1524, 65536, 0, 56, 255, 1, 0),
       (501, 4, 1521, 2, 0, 57, 63, 2, 0),
       (502, 4, 1774, 8, 0, 58, 59, 6, 0),
       (503, 4, 2182, 2, 0, 58, 62, 2, 0),
       (504, 4, 1525, 32768, 0, 58, 83, 2, 0),
       (505, 4, 1522, 2, 0, 59, 61, 1, 0),
       (506, 4, 2462, 8, 0, 59, 60, 6, 0),
       (507, 4, 2893, 8, 0, 60, 62, 6, 0),
       (508, 4, 1447, 8, 0, 60, 61, 1, 0),
       (509, 4, 2510, 8, 0, 60, 61, 1, 0),
       (510, 4, 2122, 8, 0, 60, 61, 1, 0),
       (511, 4, 2180, 2, 0, 60, 64, 1, 0),
       (512, 4, 1523, 2, 0, 60, 75, 2, 0),
       (513, 4, 3465, 2, 0, 61, 65, 2, 0),
       (514, 4, 3466, 2, 0, 61, 65, 2, 0),
       (515, 4, 3475, 2, 0, 62, 64, 1, 0),
       (516, 4, 3467, 8, 0, 62, 66, 1, 0),
       (517, 4, 3472, 8, 0, 62, 66, 3, 0),
       (518, 4, 4091, 8, 0, 62, 66, 4, 0),
       (519, 4, 3047, 2, 0, 63, 69, 1, 0),
       (520, 4, 3480, 2, 0, 63, 64, 2, 0),
       (521, 4, 3471, 2, 0, 64, 68, 2, 0),
       (522, 4, 4108, 8, 0, 64, 66, 3, 0),
       (523, 4, 3479, 8, 0, 65, 66, 1, 0),
       (524, 4, 4882, 2, 0, 65, 66, 1, 0),
       (525, 4, 4880, 2, 0, 65, 67, 2, 0),
       (526, 4, 5252, 2, 0, 66, 71, 2, 0),
       (527, 4, 5251, 2, 0, 66, 255, 2, 0),
       (528, 4, 5257, 8, 0, 67, 71, 1, 0),
       (529, 4, 5259, 2, 0, 67, 255, 1, 0),
       (530, 4, 5258, 8, 0, 67, 70, 3, 0),
       (531, 4, 5261, 8, 0, 67, 72, 4, 0),
       (532, 4, 5265, 2, 0, 68, 69, 2, 0),
       (533, 4, 5272, 8, 0, 69, 255, 7, 0),
       (534, 4, 5270, 2, 0, 69, 79, 2, 0),
       (535, 4, 5278, 8, 0, 70, 71, 1, 0),
       (536, 4, 5277, 8, 0, 70, 74, 1, 0),
       (537, 4, 8493, 2, 0, 70, 74, 1, 0),
       (538, 4, 6140, 2, 0, 70, 72, 2, 0),
       (539, 4, 14196, 8, 0, 71, 75, 2, 0),
       (540, 4, 14193, 2, 0, 71, 75, 2, 0),
       (541, 4, 14190, 8, 0, 71, 0, 3, 0),
       (542, 4, 14208, 8, 0, 72, 76, 1, 0),
       (543, 4, 14214, 2, 0, 72, 76, 1, 0),
       (544, 4, 14253, 8, 0, 72, 75, 3, 0),
       (545, 4, 14223, 2, 0, 73, 77, 2, 0),
       (546, 4, 14232, 2, 0, 73, 77, 2, 0),
       (547, 4, 14220, 8, 0, 73, 77, 4, 0),
       (548, 4, 14268, 32768, 0, 74, 78, 2, 0),
       (549, 4, 14283, 8, 0, 75, 76, 1, 0),
       (550, 4, 14280, 8, 0, 75, 79, 2, 0),
       (551, 4, 14286, 2, 0, 75, 79, 1, 0),
       (552, 4, 14289, 8, 0, 75, 77, 4, 0),
       (553, 4, 0, 2, 0, 76, 80, 2, 0),
       (554, 4, 0, 8, 0, 76, 80, 2, 0),
       (555, 4, 0, 8, 0, 76, 80, 3, 0),
       (556, 4, 0, 8, 0, 77, 81, 1, 0),
       (557, 4, 0, 2, 0, 77, 81, 1, 0),
       (558, 4, 0, 2, 0, 77, 81, 2, 0),
       (559, 4, 0, 8, 0, 77, 80, 3, 0),
       (560, 4, 0, 2, 0, 78, 82, 2, 0),
       (561, 4, 0, 2, 0, 78, 82, 2, 0),
       (562, 4, 0, 8, 0, 78, 82, 4, 0),
       (563, 4, 0, 32768, 0, 79, 83, 2, 0),
       (564, 4, 0, 8, 0, 80, 81, 1, 0),
       (565, 4, 0, 8, 0, 80, 84, 2, 0),
       (566, 4, 0, 2, 0, 80, 84, 1, 0),
       (567, 4, 0, 2, 0, 80, 84, 2, 0),
       (568, 4, 0, 8, 0, 80, 82, 4, 0),
       (569, 4, 18235, 8, 0, 81, 85, 2, 0),
       (570, 4, 18232, 2, 0, 81, 85, 2, 0),
       (571, 4, 18229, 8, 0, 81, 85, 3, 0),
       (572, 4, 18247, 8, 0, 82, 86, 1, 0),
       (573, 4, 18253, 2, 0, 82, 86, 1, 0),
       (574, 4, 18353, 2, 0, 82, 86, 2, 0),
       (575, 4, 18292, 8, 0, 82, 85, 3, 0),
       (576, 4, 18262, 2, 0, 83, 87, 2, 0),
       (577, 4, 18271, 2, 0, 83, 87, 2, 0),
       (578, 4, 18259, 8, 0, 83, 87, 4, 0),
       (579, 4, 18307, 32768, 0, 84, 86, 2, 0),
       (580, 4, 18390, 32768, 0, 84, 88, 2, 0),
       (581, 4, 18322, 8, 0, 85, 86, 1, 0),
       (582, 4, 18319, 8, 0, 85, 89, 2, 0),
       (583, 4, 18365, 2, 0, 85, 89, 2, 0),
       (584, 4, 18328, 8, 0, 85, 87, 4, 0),
       (585, 7, 372, 1, 0, 1, 7, 1, 0),
       (586, 7, 377, 1, 0, 6, 11, 2, 0),
       (587, 7, 656, 1, 0, 8, 23, 1, 0),
       (588, 7, 85, 1, 0, 12, 22, 2, 0),
       (589, 7, 467, 1, 0, 23, 25, 2, 0),
       (590, 7, 464, 1, 0, 24, 33, 1, 0),
       (591, 7, 468, 1, 0, 26, 31, 2, 0),
       (592, 7, 469, 1, 0, 32, 40, 2, 0),
       (593, 7, 658, 1, 0, 34, 48, 1, 0),
       (594, 7, 752, 1, 0, 37, 70, 1, 0),
       (595, 7, 660, 1, 0, 41, 57, 2, 0),
       (596, 7, 732, 1, 0, 49, 60, 1, 0),
       (597, 7, 1649, 1, 0, 52, 54, 2, 0),
       (598, 7, 1648, 1, 0, 55, 57, 2, 0),
       (599, 7, 1647, 1, 0, 58, 64, 2, 0),
       (600, 7, 6737, 1, 0, 61, 65, 1, 0),
       (601, 7, 3327, 1, 0, 61, 64, 2, 0),
       (602, 7, 3332, 1, 0, 65, 69, 2, 0),
       (603, 7, 5444, 1, 0, 66, 69, 2, 0),
       (604, 7, 5442, 1, 0, 66, 70, 1, 0),
       (605, 7, 5461, 1, 0, 70, 74, 2, 0),
       (606, 7, 15320, 1, 0, 71, 73, 1, 0),
       (607, 7, 15326, 1, 0, 71, 74, 2, 0),
       (608, 7, 15329, 1, 0, 71, 75, 1, 0),
       (609, 7, 15381, 1, 0, 74, 78, 1, 0),
       (610, 7, 15401, 1, 0, 75, 79, 2, 0),
       (611, 7, 26523, 1, 0, 76, 80, 1, 0),
       (612, 7, 0, 1, 0, 76, 79, 2, 0),
       (613, 7, 0, 1, 0, 79, 83, 1, 0),
       (614, 7, 15465, 1, 0, 80, 84, 2, 0),
       (615, 7, 19570, 1, 0, 81, 84, 2, 0),
       (616, 7, 19573, 1, 0, 81, 85, 1, 0),
       (617, 7, 19629, 1, 0, 84, 88, 1, 0),
       (618, 7, 19653, 1, 0, 85, 89, 2, 0),
       (619, 8, 372, 1, 0, 1, 7, 1, 0),
       (620, 8, 377, 1, 0, 6, 11, 2, 0),
       (621, 8, 656, 1, 0, 8, 23, 1, 0),
       (622, 8, 85, 1, 0, 12, 22, 2, 0),
       (623, 8, 467, 1, 0, 23, 25, 2, 0),
       (624, 8, 464, 1, 0, 24, 33, 1, 0),
       (625, 8, 468, 1, 0, 26, 31, 2, 0),
       (626, 8, 469, 1, 0, 32, 40, 2, 0),
       (627, 8, 658, 1, 0, 34, 48, 1, 0),
       (628, 8, 752, 1, 0, 37, 59, 1, 0),
       (629, 8, 660, 1, 0, 41, 57, 2, 0),
       (630, 8, 732, 1, 0, 49, 60, 1, 0),
       (631, 8, 1649, 1, 0, 52, 54, 2, 0),
       (632, 8, 1648, 1, 0, 55, 57, 2, 0),
       (633, 8, 1647, 1, 0, 58, 64, 2, 0),
       (634, 8, 2117, 1, 0, 60, 70, 1, 0),
       (635, 8, 6737, 1, 0, 61, 65, 1, 0),
       (636, 8, 3327, 1, 0, 61, 64, 2, 0),
       (637, 8, 3332, 1, 0, 65, 69, 2, 0),
       (638, 8, 5444, 1, 0, 66, 69, 2, 0),
       (639, 8, 5442, 1, 0, 66, 70, 1, 0),
       (640, 8, 5461, 1, 0, 70, 74, 2, 0),
       (641, 8, 15321, 1, 0, 71, 73, 1, 0),
       (642, 8, 15327, 1, 0, 71, 74, 2, 0),
       (643, 8, 15330, 1, 0, 71, 75, 1, 0),
       (644, 8, 15382, 1, 0, 74, 8, 1, 0),
       (645, 8, 15402, 1, 0, 75, 79, 2, 0),
       (646, 8, 26524, 1, 0, 76, 80, 1, 0),
       (647, 8, 0, 1, 0, 76, 79, 2, 0),
       (648, 8, 0, 1, 0, 79, 83, 1, 0),
       (649, 8, 15466, 1, 0, 80, 84, 2, 0),
       (650, 8, 19571, 1, 0, 81, 84, 2, 0),
       (651, 8, 19574, 1, 0, 81, 85, 1, 0),
       (652, 8, 19630, 1, 0, 84, 88, 1, 0),
       (653, 8, 19654, 1, 0, 85, 89, 2, 0),
       (654, 5, 23181, 16, 0, 1, 9, 1, 0),
       (655, 5, 23182, 16, 0, 10, 19, 1, 0),
       (656, 5, 23183, 16, 0, 20, 24, 1, 0),
       (657, 5, 23184, 16, 0, 25, 29, 1, 0),
       (658, 5, 23185, 16, 0, 30, 34, 1, 0),
       (659, 5, 23186, 16, 0, 35, 39, 1, 0),
       (660, 5, 23187, 16, 0, 40, 44, 1, 0),
       (661, 5, 23188, 16, 0, 45, 49, 1, 0),
       (662, 5, 23189, 16, 0, 50, 54, 1, 0),
       (663, 5, 23190, 16, 0, 55, 59, 1, 0),
       (664, 5, 23191, 16, 0, 60, 64, 1, 0),
       (665, 5, 23192, 16, 0, 65, 69, 1, 0),
       (666, 5, 23193, 16, 0, 70, 74, 1, 0),
       (667, 5, 23194, 16, 0, 75, 79, 1, 0),
       (668, 5, 23195, 16, 0, 80, 80, 1, 0),
       (669, 5, 23196, 16, 0, 81, 81, 1, 0),
       (670, 5, 23197, 16, 0, 82, 82, 1, 0),
       (671, 5, 23198, 16, 0, 83, 83, 1, 0),
       (672, 5, 23199, 16, 0, 84, 84, 1, 0),
       (673, 5, 23200, 16, 0, 85, 95, 1, 0),
       (674, 5, 37747, 16, 0, 96, 255, 1, 0),
       (675, 5, 12954, 8, 0, 1, 255, 1, 0),
       (676, 5, 4659, 1024, 0, 20, 51, 1, 0),
       (677, 5, 4685, 1024, 0, 52, 62, 1, 0),
       (678, 5, 4686, 1024, 0, 63, 64, 1, 0),
       (679, 5, 5017, 1024, 0, 65, 68, 1, 0),
       (680, 5, 8001, 1024, 0, 68, 255, 1, 0),
       (681, 5, 6174, 1024, 0, 69, 69, 1, 0),
       (682, 5, 8470, 1024, 0, 70, 79, 1, 0),
       (683, 5, 0, 1024, 0, 80, 84, 1, 0),
       (684, 5, 0, 1024, 0, 80, 84, 1, 0),
       (685, 5, 0, 1024, 0, 80, 84, 1, 0),
       (686, 5, 19280, 1024, 0, 85, 89, 1, 0),
       (687, 5, 19281, 1024, 0, 85, 89, 1, 0),
       (688, 5, 19282, 1024, 0, 85, 89, 1, 0),
       (689, 5, 26148, 1024, 0, 90, 94, 1, 0),
       (690, 5, 26149, 1024, 0, 90, 94, 1, 0),
       (691, 5, 26150, 1024, 0, 90, 94, 1, 0),
       (692, 6, 23181, 16, 0, 1, 9, 1, 0),
       (693, 6, 23182, 16, 0, 10, 19, 1, 0),
       (694, 6, 23183, 16, 0, 20, 24, 1, 0),
       (695, 6, 23184, 16, 0, 25, 29, 1, 0),
       (696, 6, 23185, 16, 0, 30, 34, 1, 0),
       (697, 6, 23186, 16, 0, 35, 39, 1, 0),
       (698, 6, 23187, 16, 0, 40, 44, 1, 0),
       (699, 6, 23188, 16, 0, 45, 49, 1, 0),
       (700, 6, 23189, 16, 0, 50, 54, 1, 0),
       (701, 6, 23190, 16, 0, 55, 59, 1, 0),
       (702, 6, 23191, 16, 0, 60, 64, 1, 0),
       (703, 6, 23192, 16, 0, 65, 69, 1, 0),
       (704, 6, 23193, 16, 0, 70, 74, 1, 0),
       (705, 6, 23194, 16, 0, 75, 79, 1, 0),
       (706, 6, 23195, 16, 0, 80, 80, 1, 0),
       (707, 6, 23196, 16, 0, 81, 81, 1, 0),
       (708, 6, 23197, 16, 0, 82, 82, 1, 0),
       (709, 6, 23198, 16, 0, 83, 83, 1, 0),
       (710, 6, 23199, 16, 0, 84, 84, 1, 0),
       (711, 6, 23200, 16, 0, 85, 95, 1, 0),
       (712, 6, 37747, 16, 0, 96, 255, 1, 0),
       (713, 6, 12954, 8, 0, 1, 255, 1, 0),
       (714, 6, 4659, 1024, 0, 20, 51, 1, 0),
       (715, 6, 4685, 1024, 0, 52, 62, 1, 0),
       (716, 6, 4686, 1024, 0, 63, 64, 1, 0),
       (717, 6, 5018, 1024, 0, 65, 68, 1, 0),
       (718, 6, 8001, 1024, 0, 68, 255, 1, 0),
       (719, 6, 6174, 1024, 0, 69, 69, 1, 0),
       (720, 6, 8470, 1024, 0, 70, 79, 1, 0),
       (721, 6, 0, 1024, 0, 80, 84, 1, 0),
       (722, 6, 0, 1024, 0, 80, 84, 1, 0),
       (723, 6, 0, 1024, 0, 80, 84, 1, 0),
       (724, 6, 19280, 1024, 0, 85, 89, 1, 0),
       (725, 6, 19281, 1024, 0, 85, 89, 1, 0),
       (726, 6, 19282, 1024, 0, 85, 89, 1, 0),
       (727, 6, 26148, 1024, 0, 90, 94, 1, 0),
       (728, 6, 26149, 1024, 0, 90, 94, 1, 0),
       (729, 6, 26150, 1024, 0, 90, 94, 1, 0);

-- ----------------------------
-- Table structure for merc_spell_lists
-- ----------------------------
DROP TABLE IF EXISTS `merc_spell_lists`;
CREATE TABLE `merc_spell_lists`
(
    `merc_spell_list_id` int(10) UNSIGNED NOT NULL AUTO_INCREMENT,
    `class_id`           int(10) UNSIGNED NOT NULL,
    `proficiency_id`     tinyint(3) UNSIGNED NOT NULL,
    `name`               varchar(50) CHARACTER SET latin1 COLLATE latin1_swedish_ci NOT NULL,
    PRIMARY KEY (`merc_spell_list_id`) USING BTREE
) ENGINE = InnoDB AUTO_INCREMENT = 9 CHARACTER SET = latin1 COLLATE = latin1_swedish_ci ROW_FORMAT = Compact;

-- ----------------------------
-- Records of merc_spell_lists
-- ----------------------------
INSERT INTO `merc_spell_lists`
VALUES (1, 1, 1, 'Apprentice Tank Disciplines'),
       (2, 1, 2, 'Journeyman Tank Disciplines'),
       (3, 2, 1, 'Apprentice Healer Spells'),
       (4, 2, 2, 'Journeyman Healer Spells'),
       (5, 9, 1, 'Apprentice Melee DPS Disciplines'),
       (6, 9, 2, 'Journeyman Melee DPS Disciplines'),
       (7, 12, 1, 'Apprentice Caster DPS Spells'),
       (8, 12, 2, 'Journeyman Caster DPS Spells');

-- ----------------------------
-- Table structure for merc_stance_entries
-- ----------------------------
DROP TABLE IF EXISTS `merc_stance_entries`;
CREATE TABLE `merc_stance_entries`
(
    `merc_stance_entry_id` int(10) UNSIGNED NOT NULL AUTO_INCREMENT,
    `class_id`             int(10) UNSIGNED NOT NULL,
    `proficiency_id`       tinyint(3) UNSIGNED NOT NULL,
    `stance_id`            tinyint(3) UNSIGNED NOT NULL,
    `isdefault`            tinyint(1) NOT NULL,
    PRIMARY KEY (`merc_stance_entry_id`) USING BTREE
) ENGINE = InnoDB AUTO_INCREMENT = 23 CHARACTER SET = latin1 COLLATE = latin1_swedish_ci ROW_FORMAT = Compact;

-- ----------------------------
-- Records of merc_stance_entries
-- ----------------------------
INSERT INTO `merc_stance_entries`
VALUES (1, 1, 1, 1, 0),
       (2, 1, 1, 5, 0),
       (3, 1, 2, 1, 0),
       (4, 1, 2, 5, 0),
       (5, 1, 2, 6, 0),
       (6, 2, 1, 1, 0),
       (7, 2, 1, 2, 0),
       (8, 2, 2, 1, 0),
       (9, 2, 2, 2, 0),
       (10, 2, 2, 3, 0),
       (11, 2, 2, 4, 0),
       (12, 9, 1, 1, 0),
       (13, 9, 1, 2, 0),
       (14, 9, 2, 1, 0),
       (15, 9, 2, 2, 0),
       (16, 9, 2, 7, 0),
       (17, 12, 1, 1, 0),
       (18, 12, 1, 2, 0),
       (19, 12, 2, 1, 0),
       (20, 12, 2, 2, 0),
       (21, 12, 2, 7, 0),
       (22, 12, 2, 9, 0);

-- ----------------------------
-- Table structure for merc_stats
-- ----------------------------
DROP TABLE IF EXISTS `merc_stats`;
CREATE TABLE `merc_stats`
(
    `merc_npc_type_id`  int(11) UNSIGNED NOT NULL,
    `clientlevel`       tinyint(2) UNSIGNED NOT NULL DEFAULT 1,
    `level`             tinyint(2) UNSIGNED NOT NULL DEFAULT 1,
    `hp`                int(11) NOT NULL DEFAULT 1,
    `mana`              int(11) NOT NULL DEFAULT 0,
    `AC`                smallint(5) NOT NULL DEFAULT 1,
    `ATK`               mediumint(9) NOT NULL DEFAULT 1,
    `STR`               mediumint(8) UNSIGNED NOT NULL DEFAULT 75,
    `STA`               mediumint(8) UNSIGNED NOT NULL DEFAULT 75,
    `DEX`               mediumint(8) UNSIGNED NOT NULL DEFAULT 75,
    `AGI`               mediumint(8) UNSIGNED NOT NULL DEFAULT 75,
    `_INT`              mediumint(8) UNSIGNED NOT NULL DEFAULT 80,
    `WIS`               mediumint(8) UNSIGNED NOT NULL DEFAULT 80,
    `CHA`               mediumint(8) UNSIGNED NOT NULL DEFAULT 75,
    `MR`                smallint(5) NOT NULL DEFAULT 15,
    `CR`                smallint(5) NOT NULL DEFAULT 15,
    `DR`                smallint(5) NOT NULL DEFAULT 15,
    `FR`                smallint(5) NOT NULL DEFAULT 15,
    `PR`                smallint(5) NOT NULL DEFAULT 15,
    `Corrup`            smallint(5) NOT NULL DEFAULT 15,
    `mindmg`            int(10) UNSIGNED NOT NULL DEFAULT 1,
    `maxdmg`            int(10) UNSIGNED NOT NULL DEFAULT 1,
    `attack_count`      smallint(6) NOT NULL DEFAULT 0,
    `attack_speed`      tinyint(3) NOT NULL DEFAULT 0,
    `attack_delay`      tinyint(3) UNSIGNED NOT NULL DEFAULT 30,
    `special_abilities` text CHARACTER SET latin1 COLLATE latin1_swedish_ci NULL,
    `Accuracy`          mediumint(9) NOT NULL DEFAULT 0,
    `hp_regen_rate`     int(11) UNSIGNED NOT NULL DEFAULT 1,
    `mana_regen_rate`   int(11) UNSIGNED NOT NULL DEFAULT 1,
    `runspeed`          float NOT NULL DEFAULT 0,
    `statscale`         int(11) NOT NULL DEFAULT 100,
    `spellscale`        float NOT NULL DEFAULT 100,
    `healscale`         float NOT NULL DEFAULT 100,
    PRIMARY KEY (`merc_npc_type_id`, `clientlevel`) USING BTREE
) ENGINE = InnoDB CHARACTER SET = latin1 COLLATE = latin1_swedish_ci ROW_FORMAT = Compact;

-- ----------------------------
-- Records of merc_stats
-- ----------------------------
INSERT INTO `merc_stats`
VALUES (1, 1, 1, 50, 0, 35, 28, 66, 66, 66, 66, 75, 75, 66, 15, 15, 15, 15, 15, 15, 3, 10, 1, -18, 30, '', 0, 13, 0,
        1.25, 100, 100, 100),
       (1, 2, 2, 90, 0, 69, 56, 67, 67, 67, 67, 78, 78, 67, 17, 17, 17, 17, 17, 17, 3, 11, 1, -18, 30, '', 0, 13, 0,
        1.25, 100, 100, 100),
       (1, 3, 3, 130, 0, 104, 84, 67, 67, 67, 67, 81, 81, 67, 19, 19, 19, 19, 19, 19, 3, 12, 1, -18, 30, '', 0, 14, 0,
        1.25, 100, 100, 100),
       (1, 4, 4, 170, 0, 138, 112, 68, 68, 68, 68, 84, 84, 68, 22, 22, 22, 22, 22, 22, 4, 14, 1, -18, 30, '', 0, 14, 0,
        1.25, 100, 100, 100),
       (1, 5, 5, 211, 0, 173, 140, 69, 69, 69, 69, 87, 87, 69, 24, 24, 24, 24, 24, 24, 4, 15, 1, -18, 30, '', 0, 14, 0,
        1.25, 100, 100, 100),
       (1, 6, 6, 253, 0, 207, 168, 70, 70, 70, 70, 90, 90, 70, 26, 26, 26, 26, 26, 26, 4, 17, 1, -18, 30, '', 0, 15, 0,
        1.25, 100, 100, 100),
       (1, 7, 7, 294, 0, 242, 196, 71, 71, 71, 71, 93, 93, 71, 28, 28, 28, 28, 28, 28, 4, 18, 1, -18, 30, '', 0, 15, 0,
        1.25, 100, 100, 100),
       (1, 8, 8, 337, 0, 276, 224, 73, 73, 73, 73, 96, 96, 73, 31, 31, 31, 31, 31, 31, 5, 19, 1, -18, 30, '', 0, 15, 0,
        1.25, 100, 100, 100),
       (1, 9, 9, 380, 0, 311, 252, 74, 74, 74, 74, 99, 99, 74, 33, 33, 33, 33, 33, 33, 5, 21, 1, -18, 30, '', 0, 16, 0,
        1.25, 100, 100, 100),
       (1, 10, 10, 424, 0, 345, 280, 77, 77, 77, 77, 102, 102, 77, 35, 35, 35, 35, 35, 35, 5, 22, 1, -18, 30, '', 0, 16,
        0, 1.25, 100, 100, 100),
       (1, 11, 11, 469, 0, 380, 308, 78, 78, 78, 78, 105, 105, 78, 37, 37, 37, 37, 37, 37, 5, 24, 1, -18, 30, '', 0, 16,
        0, 1.25, 100, 100, 100),
       (1, 12, 12, 514, 0, 414, 336, 80, 80, 80, 80, 108, 108, 80, 40, 40, 40, 40, 40, 40, 6, 25, 1, -18, 30, '', 0, 17,
        0, 1.25, 100, 100, 100),
       (1, 13, 13, 561, 0, 449, 364, 81, 81, 81, 81, 111, 111, 81, 42, 42, 42, 42, 42, 42, 6, 26, 1, -18, 30, '', 0, 17,
        0, 1.25, 100, 100, 100),
       (1, 14, 14, 609, 0, 483, 392, 83, 83, 83, 83, 114, 114, 83, 44, 44, 44, 44, 44, 44, 6, 28, 1, -18, 30, '', 0, 17,
        0, 1.25, 100, 100, 100),
       (1, 15, 15, 658, 0, 518, 420, 85, 85, 85, 85, 117, 117, 85, 46, 46, 46, 46, 46, 46, 6, 29, 1, -18, 30, '', 0, 18,
        0, 1.25, 100, 100, 100),
       (1, 16, 16, 708, 0, 552, 448, 87, 87, 87, 87, 120, 120, 87, 49, 49, 49, 49, 49, 49, 7, 31, 1, -18, 30, '', 0, 18,
        0, 1.25, 100, 100, 100),
       (1, 17, 17, 760, 0, 587, 476, 89, 89, 89, 89, 123, 123, 89, 51, 51, 51, 51, 51, 51, 7, 32, 2, -18, 30, '', 0, 18,
        0, 1.25, 100, 100, 100),
       (1, 18, 18, 813, 0, 621, 504, 92, 92, 92, 92, 126, 126, 92, 53, 53, 53, 53, 53, 53, 7, 33, 2, -18, 30, '', 0, 19,
        0, 1.25, 100, 100, 100),
       (1, 19, 19, 867, 0, 656, 532, 94, 94, 94, 94, 129, 129, 94, 55, 55, 55, 55, 55, 55, 7, 35, 2, -18, 30, '', 0, 19,
        0, 1.25, 100, 100, 100),
       (1, 20, 20, 924, 0, 690, 560, 98, 98, 98, 98, 132, 132, 98, 58, 58, 58, 58, 58, 58, 8, 36, 2, -18, 30, '', 0, 19,
        0, 1.25, 100, 100, 100),
       (1, 21, 21, 982, 0, 725, 588, 100, 100, 100, 100, 135, 135, 100, 60, 60, 60, 60, 60, 60, 8, 38, 2, -18, 30, '',
        0, 20, 0, 1.25, 100, 100, 100),
       (1, 22, 22, 1042, 0, 759, 616, 103, 103, 103, 103, 138, 138, 103, 62, 62, 62, 62, 62, 62, 8, 39, 2, -18, 30, '',
        0, 20, 0, 1.25, 100, 100, 100),
       (1, 23, 23, 1103, 0, 794, 644, 105, 105, 105, 105, 141, 141, 105, 64, 64, 64, 64, 64, 64, 8, 40, 2, -18, 30, '',
        0, 20, 0, 1.25, 100, 100, 100),
       (1, 24, 24, 1167, 0, 828, 672, 108, 108, 108, 108, 144, 144, 108, 67, 67, 67, 67, 67, 67, 9, 42, 2, -18, 30, '',
        0, 21, 0, 1.25, 100, 100, 100),
       (1, 25, 25, 1233, 0, 863, 700, 111, 111, 111, 111, 147, 147, 111, 69, 69, 69, 69, 69, 69, 9, 43, 2, -18, 30, '',
        0, 21, 0, 1.25, 100, 100, 100),
       (1, 26, 26, 1301, 0, 897, 728, 114, 114, 114, 114, 150, 150, 114, 71, 71, 71, 71, 71, 71, 9, 45, 2, -18, 30, '',
        0, 21, 0, 1.25, 100, 100, 100),
       (1, 27, 27, 1371, 0, 932, 756, 117, 117, 117, 117, 153, 153, 117, 73, 73, 73, 73, 73, 73, 9, 46, 2, -18, 30, '',
        0, 22, 0, 1.25, 100, 100, 100),
       (1, 28, 28, 1443, 0, 966, 784, 121, 121, 121, 121, 156, 156, 121, 76, 76, 76, 76, 76, 76, 10, 47, 2, -18, 30, '',
        0, 22, 0, 1.25, 100, 100, 100),
       (1, 29, 29, 1518, 0, 1001, 812, 124, 124, 124, 124, 159, 159, 124, 78, 78, 78, 78, 78, 78, 10, 49, 2, -18, 30,
        '', 0, 22, 0, 1.25, 100, 100, 100),
       (1, 30, 30, 1595, 0, 1035, 840, 129, 129, 129, 129, 162, 162, 129, 80, 80, 80, 80, 80, 80, 10, 50, 2, -18, 30,
        '', 0, 23, 0, 1.25, 100, 100, 100),
       (1, 31, 31, 1675, 0, 1070, 868, 132, 132, 132, 132, 165, 165, 132, 82, 82, 82, 82, 82, 82, 10, 52, 2, -18, 30,
        '', 0, 23, 0, 1.25, 100, 100, 100),
       (1, 32, 32, 1758, 0, 1104, 896, 136, 136, 136, 136, 168, 168, 136, 85, 85, 85, 85, 85, 85, 11, 53, 2, -18, 30,
        '', 0, 23, 0, 1.25, 100, 100, 100),
       (1, 33, 33, 1843, 0, 1139, 924, 139, 139, 139, 139, 171, 171, 139, 87, 87, 87, 87, 87, 87, 11, 54, 2, -18, 30,
        '', 0, 24, 0, 1.25, 100, 100, 100),
       (1, 34, 34, 1931, 0, 1173, 952, 143, 143, 143, 143, 174, 174, 143, 89, 89, 89, 89, 89, 89, 11, 56, 2, -18, 30,
        '', 0, 24, 0, 1.25, 100, 100, 100),
       (1, 35, 35, 2022, 0, 1208, 980, 147, 147, 147, 147, 177, 177, 147, 91, 91, 91, 91, 91, 91, 11, 57, 2, -18, 30,
        '', 0, 24, 0, 1.25, 100, 100, 100),
       (1, 36, 36, 2116, 0, 1242, 1008, 151, 151, 151, 151, 180, 180, 151, 94, 94, 94, 94, 94, 94, 12, 59, 2, -18, 30,
        '', 0, 25, 0, 1.25, 100, 100, 100),
       (1, 37, 37, 2213, 0, 1277, 1036, 155, 155, 155, 155, 183, 183, 155, 96, 96, 96, 96, 96, 96, 12, 60, 2, -18, 30,
        '', 0, 25, 0, 1.25, 100, 100, 100),
       (1, 38, 38, 2313, 0, 1311, 1064, 160, 160, 160, 160, 186, 186, 160, 98, 98, 98, 98, 98, 98, 12, 61, 2, -18, 30,
        '', 0, 25, 0, 1.25, 100, 100, 100),
       (1, 39, 39, 2417, 0, 1346, 1092, 164, 164, 164, 164, 189, 189, 164, 100, 100, 100, 100, 100, 100, 12, 63, 2, -18,
        30, '', 0, 26, 0, 1.25, 100, 100, 100),
       (1, 40, 40, 2524, 0, 1380, 1120, 170, 170, 170, 170, 192, 192, 170, 103, 103, 103, 103, 103, 103, 13, 64, 2, -18,
        30, '', 0, 26, 0, 1.25, 100, 100, 100),
       (1, 41, 41, 2634, 0, 1415, 1148, 174, 174, 174, 174, 195, 195, 174, 105, 105, 105, 105, 105, 105, 13, 66, 2, -18,
        30, '', 0, 26, 0, 1.25, 100, 100, 100),
       (1, 42, 42, 2748, 0, 1449, 1176, 179, 179, 179, 179, 198, 198, 179, 107, 107, 107, 107, 107, 107, 13, 67, 2, -18,
        30, '', 0, 27, 0, 1.25, 100, 100, 100),
       (1, 43, 43, 2865, 0, 1484, 1204, 183, 183, 183, 183, 201, 201, 183, 109, 109, 109, 109, 109, 109, 13, 68, 2, -18,
        30, '', 0, 27, 0, 1.25, 100, 100, 100),
       (1, 44, 44, 2986, 0, 1518, 1232, 188, 188, 188, 188, 204, 204, 188, 112, 112, 112, 112, 112, 112, 14, 70, 2, -18,
        30, '', 0, 27, 0, 1.25, 100, 100, 100),
       (1, 45, 45, 3111, 0, 1553, 1260, 193, 193, 193, 193, 207, 207, 193, 114, 114, 114, 114, 114, 114, 14, 71, 2, -18,
        30, '', 0, 28, 0, 1.25, 100, 100, 100),
       (1, 46, 46, 3240, 0, 1587, 1288, 198, 198, 198, 198, 210, 210, 198, 116, 116, 116, 116, 116, 116, 14, 73, 2, -18,
        30, '', 0, 28, 0, 1.25, 100, 100, 100),
       (1, 47, 47, 3373, 0, 1622, 1316, 203, 203, 203, 203, 213, 213, 203, 118, 118, 118, 118, 118, 118, 14, 74, 3, -18,
        30, '', 0, 28, 0, 1.25, 100, 100, 100),
       (1, 48, 48, 3509, 0, 1656, 1344, 209, 209, 209, 209, 216, 216, 209, 121, 121, 121, 121, 121, 121, 15, 75, 3, -18,
        30, '', 0, 29, 0, 1.25, 100, 100, 100),
       (1, 49, 49, 3650, 0, 1691, 1372, 214, 214, 214, 214, 219, 219, 214, 123, 123, 123, 123, 123, 123, 15, 77, 3, -18,
        30, '', 0, 29, 0, 1.25, 100, 100, 100),
       (1, 50, 50, 3795, 0, 1725, 1400, 221, 221, 221, 221, 222, 222, 221, 125, 125, 125, 125, 125, 125, 15, 78, 3, -18,
        30, '', 0, 29, 0, 1.25, 100, 100, 100),
       (1, 51, 51, 3945, 0, 1760, 1428, 226, 226, 226, 226, 225, 225, 226, 127, 127, 127, 127, 127, 127, 15, 80, 3, -18,
        30, '', 0, 30, 0, 1.25, 100, 100, 100),
       (1, 52, 52, 4098, 0, 1794, 1456, 232, 232, 232, 232, 228, 228, 232, 130, 130, 130, 130, 130, 130, 16, 81, 3, -18,
        30, '', 0, 30, 0, 1.25, 100, 100, 100),
       (1, 53, 53, 4256, 0, 1829, 1484, 237, 237, 237, 237, 231, 231, 237, 132, 132, 132, 132, 132, 132, 16, 82, 3, -18,
        30, '', 0, 30, 0, 1.25, 100, 100, 100),
       (1, 54, 54, 4419, 0, 1863, 1512, 243, 243, 243, 243, 234, 234, 243, 134, 134, 134, 134, 134, 134, 16, 84, 3, -18,
        30, '', 0, 31, 0, 1.25, 100, 100, 100),
       (1, 55, 55, 4586, 0, 1898, 1540, 249, 249, 249, 249, 237, 237, 249, 136, 136, 136, 136, 136, 136, 16, 85, 3, -18,
        30, '', 0, 31, 0, 1.25, 100, 100, 100),
       (1, 56, 56, 4758, 0, 1932, 1568, 255, 255, 255, 255, 240, 240, 255, 139, 139, 139, 139, 139, 139, 17, 87, 3, -18,
        30, '', 0, 31, 0, 1.25, 100, 100, 100),
       (1, 57, 57, 4935, 0, 1967, 1596, 261, 261, 261, 261, 243, 243, 261, 141, 141, 141, 141, 141, 141, 17, 88, 3, -18,
        30, '', 0, 32, 0, 1.25, 100, 100, 100),
       (1, 58, 58, 5117, 0, 2001, 1624, 268, 268, 268, 268, 246, 246, 268, 143, 143, 143, 143, 143, 143, 17, 89, 3, -18,
        30, '', 0, 32, 0, 1.25, 100, 100, 100),
       (1, 59, 59, 5303, 0, 2036, 1652, 274, 274, 274, 274, 249, 249, 274, 145, 145, 145, 145, 145, 145, 17, 91, 3, -18,
        30, '', 0, 32, 0, 1.25, 100, 100, 100),
       (1, 60, 60, 5495, 0, 2070, 1680, 282, 282, 282, 282, 252, 252, 282, 148, 148, 148, 148, 148, 148, 18, 92, 3, -18,
        30, '', 0, 33, 0, 1.25, 100, 100, 100),
       (1, 61, 61, 5692, 0, 2105, 1708, 288, 288, 288, 288, 255, 255, 288, 150, 150, 150, 150, 150, 150, 21, 109, 4,
        -20, 29, '', 0, 33, 0, 1.25, 100, 100, 100),
       (1, 62, 62, 5894, 0, 2139, 1736, 295, 295, 295, 295, 258, 258, 295, 152, 152, 152, 152, 152, 152, 24, 125, 4,
        -21, 28, '', 0, 33, 0, 1.25, 100, 100, 100),
       (1, 63, 63, 6102, 0, 2174, 1764, 301, 301, 301, 301, 261, 261, 301, 154, 154, 154, 154, 154, 154, 27, 141, 4,
        -21, 28, '', 0, 34, 0, 1.25, 100, 100, 100),
       (1, 64, 64, 6314, 0, 2208, 1792, 308, 308, 308, 308, 264, 264, 308, 157, 157, 157, 157, 157, 157, 31, 158, 4,
        -22, 28, '', 0, 34, 0, 1.25, 100, 100, 100),
       (1, 65, 65, 6533, 0, 2243, 1820, 315, 315, 315, 315, 267, 267, 315, 159, 159, 159, 159, 159, 159, 34, 174, 4,
        -22, 28, '', 0, 34, 0, 1.25, 100, 100, 100),
       (1, 66, 66, 6757, 0, 2277, 1848, 352, 352, 352, 352, 300, 300, 352, 161, 161, 161, 161, 161, 161, 37, 191, 4,
        -23, 28, '', 0, 35, 0, 1.25, 100, 100, 100),
       (1, 67, 67, 6986, 0, 2312, 1876, 364, 364, 364, 364, 308, 308, 364, 163, 163, 163, 163, 163, 163, 40, 207, 4,
        -23, 28, '', 0, 35, 0, 1.25, 100, 100, 100),
       (1, 68, 68, 7221, 0, 2346, 1904, 377, 377, 377, 377, 316, 316, 377, 166, 166, 166, 166, 166, 166, 44, 223, 4,
        -24, 27, '', 0, 35, 0, 1.25, 100, 100, 100),
       (1, 69, 69, 7462, 0, 2381, 1932, 389, 389, 389, 389, 324, 324, 389, 168, 168, 168, 168, 168, 168, 47, 240, 4,
        -24, 27, '', 0, 36, 0, 1.25, 100, 100, 100),
       (1, 70, 70, 7710, 0, 2415, 1960, 403, 403, 403, 403, 332, 332, 403, 170, 170, 170, 170, 170, 170, 50, 256, 4,
        -25, 27, '', 0, 36, 0, 1.25, 100, 100, 100),
       (1, 71, 71, 7963, 0, 2450, 1988, 415, 415, 415, 415, 340, 340, 415, 172, 172, 172, 172, 172, 172, 53, 273, 4,
        -25, 27, '', 0, 36, 0, 1.25, 100, 100, 100),
       (1, 72, 72, 8222, 0, 2484, 2016, 428, 428, 428, 428, 348, 348, 428, 175, 175, 175, 175, 175, 175, 57, 289, 4,
        -26, 27, '', 0, 37, 0, 1.25, 100, 100, 100),
       (1, 73, 73, 8487, 0, 2519, 2044, 440, 440, 440, 440, 356, 356, 440, 177, 177, 177, 177, 177, 177, 60, 305, 4,
        -26, 27, '', 0, 37, 0, 1.25, 100, 100, 100),
       (1, 74, 74, 8758, 0, 2553, 2072, 453, 453, 453, 453, 364, 364, 453, 179, 179, 179, 179, 179, 179, 63, 322, 4,
        -27, 26, '', 0, 37, 0, 1.25, 100, 100, 100),
       (1, 75, 75, 9036, 0, 2588, 2100, 466, 466, 466, 466, 372, 372, 466, 181, 181, 181, 181, 181, 181, 66, 338, 4,
        -27, 26, '', 0, 38, 0, 1.25, 100, 100, 100),
       (1, 76, 76, 9321, 0, 2622, 2128, 479, 479, 479, 479, 380, 380, 479, 184, 184, 184, 184, 184, 184, 70, 355, 4,
        -28, 26, '', 0, 38, 0, 1.25, 100, 100, 100),
       (1, 77, 77, 9611, 0, 2657, 2156, 492, 492, 492, 492, 388, 388, 492, 186, 186, 186, 186, 186, 186, 73, 371, 4,
        -28, 26, '', 0, 38, 0, 1.25, 100, 100, 100),
       (1, 78, 78, 9909, 0, 2691, 2184, 506, 506, 506, 506, 396, 396, 506, 188, 188, 188, 188, 188, 188, 76, 387, 4,
        -29, 26, '', 0, 39, 0, 1.25, 100, 100, 100),
       (1, 79, 79, 10213, 0, 2726, 2212, 519, 519, 519, 519, 404, 404, 519, 190, 190, 190, 190, 190, 190, 79, 404, 4,
        -29, 26, '', 0, 39, 0, 1.25, 100, 100, 100),
       (1, 80, 80, 10524, 0, 2760, 2240, 534, 534, 534, 534, 412, 412, 534, 193, 193, 193, 193, 193, 193, 83, 420, 4,
        -30, 25, '', 0, 39, 0, 1.25, 100, 100, 100),
       (1, 81, 81, 10842, 0, 2795, 2268, 547, 547, 547, 547, 420, 420, 547, 195, 195, 195, 195, 195, 195, 86, 437, 4,
        -30, 25, '', 0, 40, 0, 1.25, 100, 100, 100),
       (1, 82, 82, 11166, 0, 2829, 2296, 561, 561, 561, 561, 428, 428, 561, 197, 197, 197, 197, 197, 197, 89, 453, 4,
        -31, 25, '', 0, 40, 0, 1.25, 100, 100, 100),
       (1, 83, 83, 11498, 0, 2864, 2324, 574, 574, 574, 574, 436, 436, 574, 199, 199, 199, 199, 199, 199, 92, 469, 4,
        -31, 25, '', 0, 40, 0, 1.25, 100, 100, 100),
       (1, 84, 84, 11837, 0, 2898, 2352, 588, 588, 588, 588, 444, 444, 588, 202, 202, 202, 202, 202, 202, 96, 486, 4,
        -32, 24, '', 0, 41, 0, 1.25, 100, 100, 100),
       (1, 85, 85, 12183, 0, 2933, 2380, 602, 602, 602, 602, 452, 452, 602, 204, 204, 204, 204, 204, 204, 99, 502, 4,
        -34, 24, '', 0, 41, 0, 1.25, 100, 100, 100),
       (2, 1, 1, 55, 0, 36, 29, 67, 67, 67, 67, 77, 77, 67, 18, 18, 18, 18, 18, 18, 3, 12, 1, -18, 30, '', 0, 15, 0,
        1.25, 100, 100, 100),
       (2, 2, 2, 100, 0, 72, 57, 68, 68, 68, 68, 80, 80, 68, 20, 20, 20, 20, 20, 20, 4, 14, 1, -18, 30, '', 0, 15, 0,
        1.25, 100, 100, 100),
       (2, 3, 3, 145, 0, 108, 86, 68, 68, 68, 68, 83, 83, 68, 22, 22, 22, 22, 22, 22, 4, 15, 1, -18, 30, '', 0, 16, 0,
        1.25, 100, 100, 100),
       (2, 4, 4, 190, 0, 144, 114, 69, 69, 69, 69, 86, 86, 69, 26, 26, 26, 26, 26, 26, 4, 17, 1, -18, 30, '', 0, 16, 0,
        1.25, 100, 100, 100),
       (2, 5, 5, 236, 0, 180, 143, 70, 70, 70, 70, 89, 89, 70, 28, 28, 28, 28, 28, 28, 4, 18, 1, -18, 30, '', 0, 16, 0,
        1.25, 100, 100, 100),
       (2, 6, 6, 283, 0, 216, 171, 71, 71, 71, 71, 92, 92, 71, 30, 30, 30, 30, 30, 30, 5, 19, 1, -18, 30, '', 0, 17, 0,
        1.25, 100, 100, 100),
       (2, 7, 7, 329, 0, 252, 200, 72, 72, 72, 72, 95, 95, 72, 32, 32, 32, 32, 32, 32, 5, 21, 1, -18, 30, '', 0, 17, 0,
        1.25, 100, 100, 100),
       (2, 8, 8, 377, 0, 288, 228, 74, 74, 74, 74, 98, 98, 74, 36, 36, 36, 36, 36, 36, 5, 22, 1, -18, 30, '', 0, 17, 0,
        1.25, 100, 100, 100),
       (2, 9, 9, 425, 0, 324, 257, 75, 75, 75, 75, 101, 101, 75, 38, 38, 38, 38, 38, 38, 5, 24, 1, -18, 30, '', 0, 18,
        0, 1.25, 100, 100, 100),
       (2, 10, 10, 474, 0, 360, 285, 79, 79, 79, 79, 104, 104, 79, 40, 40, 40, 40, 40, 40, 6, 25, 1, -18, 30, '', 0, 18,
        0, 1.25, 100, 100, 100),
       (2, 11, 11, 524, 0, 396, 314, 80, 80, 80, 80, 107, 107, 80, 42, 42, 42, 42, 42, 42, 6, 26, 1, -18, 30, '', 0, 18,
        0, 1.25, 100, 100, 100),
       (2, 12, 12, 574, 0, 432, 342, 82, 82, 82, 82, 110, 110, 82, 46, 46, 46, 46, 46, 46, 6, 28, 1, -18, 30, '', 0, 19,
        0, 1.25, 100, 100, 100),
       (2, 13, 13, 626, 0, 468, 371, 83, 83, 83, 83, 113, 113, 83, 48, 48, 48, 48, 48, 48, 6, 29, 1, -18, 30, '', 0, 19,
        0, 1.25, 100, 100, 100),
       (2, 14, 14, 679, 0, 504, 399, 85, 85, 85, 85, 116, 116, 85, 50, 50, 50, 50, 50, 50, 7, 31, 1, -18, 30, '', 0, 19,
        0, 1.25, 100, 100, 100),
       (2, 15, 15, 733, 0, 540, 428, 87, 87, 87, 87, 119, 119, 87, 52, 52, 52, 52, 52, 52, 7, 32, 1, -18, 30, '', 0, 20,
        0, 1.25, 100, 100, 100),
       (2, 16, 16, 788, 0, 576, 456, 89, 89, 89, 89, 122, 122, 89, 56, 56, 56, 56, 56, 56, 7, 33, 1, -18, 30, '', 0, 20,
        0, 1.25, 100, 100, 100),
       (2, 17, 17, 845, 0, 612, 485, 91, 91, 91, 91, 125, 125, 91, 58, 58, 58, 58, 58, 58, 7, 35, 2, -18, 30, '', 0, 20,
        0, 1.25, 100, 100, 100),
       (2, 18, 18, 903, 0, 648, 513, 94, 94, 94, 94, 128, 128, 94, 60, 60, 60, 60, 60, 60, 8, 36, 2, -18, 30, '', 0, 21,
        0, 1.25, 100, 100, 100),
       (2, 19, 19, 962, 0, 684, 542, 96, 96, 96, 96, 131, 131, 96, 62, 62, 62, 62, 62, 62, 8, 38, 2, -18, 30, '', 0, 21,
        0, 1.25, 100, 100, 100),
       (2, 20, 20, 1024, 0, 720, 570, 101, 101, 101, 101, 134, 134, 101, 66, 66, 66, 66, 66, 66, 8, 39, 2, -18, 30, '',
        0, 21, 0, 1.25, 100, 100, 100),
       (2, 21, 21, 1087, 0, 756, 599, 103, 103, 103, 103, 137, 137, 103, 68, 68, 68, 68, 68, 68, 8, 40, 2, -18, 30, '',
        0, 22, 0, 1.25, 100, 100, 100),
       (2, 22, 22, 1152, 0, 792, 627, 106, 106, 106, 106, 140, 140, 106, 70, 70, 70, 70, 70, 70, 9, 42, 2, -18, 30, '',
        0, 22, 0, 1.25, 100, 100, 100),
       (2, 23, 23, 1218, 0, 828, 656, 108, 108, 108, 108, 143, 143, 108, 72, 72, 72, 72, 72, 72, 9, 43, 2, -18, 30, '',
        0, 22, 0, 1.25, 100, 100, 100),
       (2, 24, 24, 1287, 0, 864, 684, 111, 111, 111, 111, 146, 146, 111, 76, 76, 76, 76, 76, 76, 9, 45, 2, -18, 30, '',
        0, 23, 0, 1.25, 100, 100, 100),
       (2, 25, 25, 1358, 0, 900, 713, 114, 114, 114, 114, 149, 149, 114, 78, 78, 78, 78, 78, 78, 9, 46, 2, -18, 30, '',
        0, 23, 0, 1.25, 100, 100, 100),
       (2, 26, 26, 1431, 0, 936, 741, 117, 117, 117, 117, 152, 152, 117, 80, 80, 80, 80, 80, 80, 10, 47, 2, -18, 30, '',
        0, 23, 0, 1.25, 100, 100, 100),
       (2, 27, 27, 1506, 0, 972, 770, 120, 120, 120, 120, 155, 155, 120, 82, 82, 82, 82, 82, 82, 10, 49, 2, -18, 30, '',
        0, 24, 0, 1.25, 100, 100, 100),
       (2, 28, 28, 1583, 0, 1008, 798, 124, 124, 124, 124, 158, 158, 124, 86, 86, 86, 86, 86, 86, 10, 50, 2, -18, 30,
        '', 0, 24, 0, 1.25, 100, 100, 100),
       (2, 29, 29, 1663, 0, 1044, 827, 127, 127, 127, 127, 161, 161, 127, 88, 88, 88, 88, 88, 88, 10, 52, 2, -18, 30,
        '', 0, 24, 0, 1.25, 100, 100, 100),
       (2, 30, 30, 1745, 0, 1080, 855, 133, 133, 133, 133, 164, 164, 133, 90, 90, 90, 90, 90, 90, 11, 53, 2, -18, 30,
        '', 0, 25, 0, 1.25, 100, 100, 100),
       (2, 31, 31, 1830, 0, 1116, 884, 136, 136, 136, 136, 167, 167, 136, 92, 92, 92, 92, 92, 92, 11, 54, 2, -18, 30,
        '', 0, 25, 0, 1.25, 100, 100, 100),
       (2, 32, 32, 1918, 0, 1152, 912, 140, 140, 140, 140, 170, 170, 140, 96, 96, 96, 96, 96, 96, 11, 56, 2, -18, 30,
        '', 0, 25, 0, 1.25, 100, 100, 100),
       (2, 33, 33, 2008, 0, 1188, 941, 143, 143, 143, 143, 173, 173, 143, 98, 98, 98, 98, 98, 98, 11, 57, 2, -18, 30,
        '', 0, 26, 0, 1.25, 100, 100, 100),
       (2, 34, 34, 2101, 0, 1224, 969, 147, 147, 147, 147, 176, 176, 147, 100, 100, 100, 100, 100, 100, 12, 59, 2, -18,
        30, '', 0, 26, 0, 1.25, 100, 100, 100),
       (2, 35, 35, 2197, 0, 1260, 998, 151, 151, 151, 151, 179, 179, 151, 102, 102, 102, 102, 102, 102, 12, 60, 2, -18,
        30, '', 0, 26, 0, 1.25, 100, 100, 100),
       (2, 36, 36, 2296, 0, 1296, 1026, 155, 155, 155, 155, 182, 182, 155, 106, 106, 106, 106, 106, 106, 12, 61, 2, -18,
        30, '', 0, 27, 0, 1.25, 100, 100, 100),
       (2, 37, 37, 2398, 0, 1332, 1055, 159, 159, 159, 159, 185, 185, 159, 108, 108, 108, 108, 108, 108, 12, 63, 2, -18,
        30, '', 0, 27, 0, 1.25, 100, 100, 100),
       (2, 38, 38, 2503, 0, 1368, 1083, 164, 164, 164, 164, 188, 188, 164, 110, 110, 110, 110, 110, 110, 13, 64, 2, -18,
        30, '', 0, 27, 0, 1.25, 100, 100, 100),
       (2, 39, 39, 2612, 0, 1404, 1112, 168, 168, 168, 168, 191, 191, 168, 112, 112, 112, 112, 112, 112, 13, 66, 2, -18,
        30, '', 0, 28, 0, 1.25, 100, 100, 100),
       (2, 40, 40, 2724, 0, 1440, 1140, 175, 175, 175, 175, 194, 194, 175, 116, 116, 116, 116, 116, 116, 13, 67, 2, -18,
        30, '', 0, 28, 0, 1.25, 100, 100, 100),
       (2, 41, 41, 2839, 0, 1476, 1169, 179, 179, 179, 179, 197, 197, 179, 118, 118, 118, 118, 118, 118, 13, 68, 2, -18,
        30, '', 0, 28, 0, 1.25, 100, 100, 100),
       (2, 42, 42, 2958, 0, 1512, 1197, 184, 184, 184, 184, 200, 200, 184, 120, 120, 120, 120, 120, 120, 14, 70, 2, -18,
        30, '', 0, 29, 0, 1.25, 100, 100, 100),
       (2, 43, 43, 3080, 0, 1548, 1226, 188, 188, 188, 188, 203, 203, 188, 122, 122, 122, 122, 122, 122, 14, 71, 2, -18,
        30, '', 0, 29, 0, 1.25, 100, 100, 100),
       (2, 44, 44, 3206, 0, 1584, 1254, 193, 193, 193, 193, 206, 206, 193, 126, 126, 126, 126, 126, 126, 14, 73, 2, -18,
        30, '', 0, 29, 0, 1.25, 100, 100, 100),
       (2, 45, 45, 3336, 0, 1620, 1283, 198, 198, 198, 198, 209, 209, 198, 128, 128, 128, 128, 128, 128, 14, 74, 2, -18,
        30, '', 0, 30, 0, 1.25, 100, 100, 100),
       (2, 46, 46, 3470, 0, 1656, 1311, 203, 203, 203, 203, 212, 212, 203, 130, 130, 130, 130, 130, 130, 15, 75, 2, -18,
        30, '', 0, 30, 0, 1.25, 100, 100, 100),
       (2, 47, 47, 3608, 0, 1692, 1340, 208, 208, 208, 208, 215, 215, 208, 132, 132, 132, 132, 132, 132, 15, 77, 3, -18,
        30, '', 0, 30, 0, 1.25, 100, 100, 100),
       (2, 48, 48, 3749, 0, 1728, 1368, 214, 214, 214, 214, 218, 218, 214, 136, 136, 136, 136, 136, 136, 15, 78, 3, -18,
        30, '', 0, 31, 0, 1.25, 100, 100, 100),
       (2, 49, 49, 3895, 0, 1764, 1397, 219, 219, 219, 219, 221, 221, 219, 138, 138, 138, 138, 138, 138, 15, 80, 3, -18,
        30, '', 0, 31, 0, 1.25, 100, 100, 100),
       (2, 50, 50, 4045, 0, 1800, 1425, 227, 227, 227, 227, 224, 224, 227, 140, 140, 140, 140, 140, 140, 16, 81, 3, -18,
        30, '', 0, 31, 0, 1.25, 100, 100, 100),
       (2, 51, 51, 4200, 0, 1836, 1454, 232, 232, 232, 232, 227, 227, 232, 142, 142, 142, 142, 142, 142, 16, 82, 3, -18,
        30, '', 0, 32, 0, 1.25, 100, 100, 100),
       (2, 52, 52, 4358, 0, 1872, 1482, 238, 238, 238, 238, 230, 230, 238, 146, 146, 146, 146, 146, 146, 16, 84, 3, -18,
        30, '', 0, 32, 0, 1.31, 100, 100, 100),
       (2, 53, 53, 4521, 0, 1908, 1511, 243, 243, 243, 243, 233, 233, 243, 148, 148, 148, 148, 148, 148, 16, 85, 3, -18,
        30, '', 0, 32, 0, 1.31, 100, 100, 100),
       (2, 54, 54, 4689, 0, 1944, 1539, 249, 249, 249, 249, 236, 236, 249, 150, 150, 150, 150, 150, 150, 17, 87, 3, -18,
        30, '', 0, 33, 0, 1.31, 100, 100, 100),
       (2, 55, 55, 4861, 0, 1980, 1568, 255, 255, 255, 255, 239, 239, 255, 152, 152, 152, 152, 152, 152, 17, 88, 3, -18,
        30, '', 0, 33, 0, 1.31, 100, 100, 100),
       (2, 56, 56, 5038, 0, 2016, 1596, 261, 261, 261, 261, 242, 242, 261, 156, 156, 156, 156, 156, 156, 17, 89, 3, -18,
        30, '', 0, 33, 0, 1.31, 100, 100, 100),
       (2, 57, 57, 5220, 0, 2052, 1625, 267, 267, 267, 267, 245, 245, 267, 158, 158, 158, 158, 158, 158, 17, 91, 3, -18,
        30, '', 0, 34, 0, 1.31, 100, 100, 100),
       (2, 58, 58, 5407, 0, 2088, 1653, 274, 274, 274, 274, 248, 248, 274, 160, 160, 160, 160, 160, 160, 18, 92, 3, -18,
        30, '', 0, 34, 0, 1.31, 100, 100, 100),
       (2, 59, 59, 5598, 0, 2124, 1682, 280, 280, 280, 280, 251, 251, 280, 162, 162, 162, 162, 162, 162, 18, 94, 3, -18,
        30, '', 0, 34, 0, 1.31, 100, 100, 100),
       (2, 60, 60, 5795, 0, 2160, 1710, 289, 289, 289, 289, 254, 254, 289, 166, 166, 166, 166, 166, 166, 18, 95, 3, -18,
        30, '', 0, 35, 0, 1.31, 100, 100, 100),
       (2, 61, 61, 5997, 0, 2196, 1739, 295, 295, 295, 295, 257, 257, 295, 168, 168, 168, 168, 168, 168, 21, 111, 4,
        -21, 28, '', 0, 35, 0, 1.31, 100, 100, 100),
       (2, 62, 62, 6204, 0, 2232, 1767, 302, 302, 302, 302, 260, 260, 302, 170, 170, 170, 170, 170, 170, 25, 128, 4,
        -22, 28, '', 0, 35, 0, 1.31, 100, 100, 100),
       (2, 63, 63, 6417, 0, 2268, 1796, 308, 308, 308, 308, 263, 263, 308, 172, 172, 172, 172, 172, 172, 28, 144, 4,
        -22, 28, '', 0, 36, 0, 1.31, 100, 100, 100),
       (2, 64, 64, 6634, 0, 2304, 1824, 315, 315, 315, 315, 266, 266, 315, 176, 176, 176, 176, 176, 176, 31, 161, 4,
        -23, 28, '', 0, 36, 0, 1.31, 100, 100, 100),
       (2, 65, 65, 6858, 0, 2340, 1853, 322, 322, 322, 322, 269, 269, 322, 178, 178, 178, 178, 178, 178, 34, 177, 4,
        -23, 28, '', 0, 36, 0, 1.31, 100, 100, 100),
       (2, 66, 66, 7087, 0, 2376, 1881, 359, 359, 359, 359, 302, 302, 359, 180, 180, 180, 180, 180, 180, 38, 193, 4,
        -24, 27, '', 0, 37, 0, 1.31, 100, 100, 100),
       (2, 67, 67, 7321, 0, 2412, 1910, 371, 371, 371, 371, 310, 310, 371, 182, 182, 182, 182, 182, 182, 41, 210, 4,
        -24, 27, '', 0, 37, 0, 1.31, 100, 100, 100),
       (2, 68, 68, 7561, 0, 2448, 1938, 384, 384, 384, 384, 318, 318, 384, 186, 186, 186, 186, 186, 186, 44, 226, 4,
        -25, 27, '', 0, 37, 0, 1.31, 100, 100, 100),
       (2, 69, 69, 7807, 0, 2484, 1967, 396, 396, 396, 396, 326, 326, 396, 188, 188, 188, 188, 188, 188, 47, 243, 4,
        -25, 27, '', 0, 38, 0, 1.31, 100, 100, 100),
       (2, 70, 70, 8060, 0, 2520, 1995, 411, 411, 411, 411, 334, 334, 411, 190, 190, 190, 190, 190, 190, 51, 259, 4,
        -26, 27, '', 0, 38, 0, 1.31, 100, 100, 100),
       (2, 71, 71, 8318, 0, 2556, 2024, 423, 423, 423, 423, 342, 342, 423, 192, 192, 192, 192, 192, 192, 54, 275, 4,
        -26, 27, '', 0, 38, 0, 1.31, 100, 100, 100),
       (2, 72, 72, 8582, 0, 2592, 2052, 436, 436, 436, 436, 350, 350, 436, 196, 196, 196, 196, 196, 196, 57, 292, 4,
        -27, 26, '', 0, 39, 0, 1.31, 100, 100, 100),
       (2, 73, 73, 8852, 0, 2628, 2081, 448, 448, 448, 448, 358, 358, 448, 198, 198, 198, 198, 198, 198, 60, 308, 4,
        -27, 26, '', 0, 39, 0, 1.31, 100, 100, 100),
       (2, 74, 74, 9128, 0, 2664, 2109, 461, 461, 461, 461, 366, 366, 461, 200, 200, 200, 200, 200, 200, 64, 325, 4,
        -28, 26, '', 0, 39, 0, 1.31, 100, 100, 100),
       (2, 75, 75, 9411, 0, 2700, 2138, 474, 474, 474, 474, 374, 374, 474, 202, 202, 202, 202, 202, 202, 67, 341, 4,
        -28, 26, '', 0, 40, 0, 1.31, 100, 100, 100),
       (2, 76, 76, 9701, 0, 2736, 2166, 487, 487, 487, 487, 382, 382, 487, 206, 206, 206, 206, 206, 206, 70, 357, 4,
        -29, 26, '', 0, 40, 0, 1.31, 100, 100, 100),
       (2, 77, 77, 9996, 0, 2772, 2195, 500, 500, 500, 500, 390, 390, 500, 208, 208, 208, 208, 208, 208, 73, 374, 4,
        -29, 26, '', 0, 40, 0, 1.31, 100, 100, 100),
       (2, 78, 78, 10299, 0, 2808, 2223, 514, 514, 514, 514, 398, 398, 514, 210, 210, 210, 210, 210, 210, 77, 390, 4,
        -30, 25, '', 0, 41, 0, 1.31, 100, 100, 100),
       (2, 79, 79, 10608, 0, 2844, 2252, 527, 527, 527, 527, 406, 406, 527, 212, 212, 212, 212, 212, 212, 80, 407, 4,
        -30, 25, '', 0, 41, 0, 1.31, 100, 100, 100),
       (2, 80, 80, 10924, 0, 2880, 2280, 543, 543, 543, 543, 414, 414, 543, 216, 216, 216, 216, 216, 216, 83, 423, 4,
        -31, 25, '', 0, 41, 0, 1.31, 100, 100, 100),
       (2, 81, 81, 11247, 0, 2916, 2309, 556, 556, 556, 556, 422, 422, 556, 218, 218, 218, 218, 218, 218, 86, 439, 4,
        -31, 25, '', 0, 42, 0, 1.31, 100, 100, 100),
       (2, 82, 82, 11576, 0, 2952, 2337, 570, 570, 570, 570, 430, 430, 570, 220, 220, 220, 220, 220, 220, 90, 456, 4,
        -32, 24, '', 0, 42, 0, 1.31, 100, 100, 100),
       (2, 83, 83, 11913, 0, 2988, 2366, 583, 583, 583, 583, 438, 438, 583, 222, 222, 222, 222, 222, 222, 93, 472, 4,
        -32, 24, '', 0, 42, 0, 1.31, 100, 100, 100),
       (2, 84, 84, 12257, 0, 3024, 2394, 597, 597, 597, 597, 446, 446, 597, 226, 226, 226, 226, 226, 226, 96, 489, 4,
        -33, 24, '', 0, 43, 0, 1.31, 100, 100, 100),
       (2, 85, 85, 12608, 0, 3060, 2423, 611, 611, 611, 611, 454, 454, 611, 228, 228, 228, 228, 228, 228, 99, 505, 4,
        -35, 23, '', 0, 43, 0, 1.31, 100, 100, 100),
       (3, 1, 1, 60, 0, 38, 29, 68, 68, 68, 68, 79, 79, 68, 21, 21, 21, 21, 21, 21, 4, 15, 1, -18, 30, '', 0, 17, 0,
        1.25, 100, 100, 100),
       (3, 2, 2, 110, 0, 75, 58, 69, 69, 69, 69, 82, 82, 69, 23, 23, 23, 23, 23, 23, 4, 17, 1, -18, 30, '', 0, 17, 0,
        1.25, 100, 100, 100),
       (3, 3, 3, 160, 0, 113, 87, 69, 69, 69, 69, 85, 85, 69, 25, 25, 25, 25, 25, 25, 4, 18, 1, -18, 30, '', 0, 18, 0,
        1.25, 100, 100, 100),
       (3, 4, 4, 210, 0, 150, 116, 70, 70, 70, 70, 88, 88, 70, 30, 30, 30, 30, 30, 30, 5, 19, 1, -18, 30, '', 0, 18, 0,
        1.25, 100, 100, 100),
       (3, 5, 5, 261, 0, 188, 145, 71, 71, 71, 71, 91, 91, 71, 32, 32, 32, 32, 32, 32, 5, 21, 1, -18, 30, '', 0, 18, 0,
        1.25, 100, 100, 100),
       (3, 6, 6, 313, 0, 225, 174, 72, 72, 72, 72, 94, 94, 72, 34, 34, 34, 34, 34, 34, 5, 22, 1, -18, 30, '', 0, 19, 0,
        1.25, 100, 100, 100),
       (3, 7, 7, 364, 0, 263, 203, 73, 73, 73, 73, 97, 97, 73, 36, 36, 36, 36, 36, 36, 5, 24, 1, -18, 30, '', 0, 19, 0,
        1.25, 100, 100, 100),
       (3, 8, 8, 417, 0, 300, 232, 75, 75, 75, 75, 100, 100, 75, 41, 41, 41, 41, 41, 41, 6, 25, 1, -18, 30, '', 0, 19,
        0, 1.25, 100, 100, 100),
       (3, 9, 9, 470, 0, 338, 261, 76, 76, 76, 76, 103, 103, 76, 43, 43, 43, 43, 43, 43, 6, 26, 1, -18, 30, '', 0, 20,
        0, 1.25, 100, 100, 100),
       (3, 10, 10, 524, 0, 375, 290, 81, 81, 81, 81, 106, 106, 81, 45, 45, 45, 45, 45, 45, 6, 28, 1, -18, 30, '', 0, 20,
        0, 1.25, 100, 100, 100),
       (3, 11, 11, 579, 0, 413, 319, 82, 82, 82, 82, 109, 109, 82, 47, 47, 47, 47, 47, 47, 6, 29, 1, -18, 30, '', 0, 20,
        0, 1.25, 100, 100, 100),
       (3, 12, 12, 634, 0, 450, 348, 84, 84, 84, 84, 112, 112, 84, 52, 52, 52, 52, 52, 52, 7, 31, 1, -18, 30, '', 0, 21,
        0, 1.25, 100, 100, 100),
       (3, 13, 13, 691, 0, 488, 377, 85, 85, 85, 85, 115, 115, 85, 54, 54, 54, 54, 54, 54, 7, 32, 1, -18, 30, '', 0, 21,
        0, 1.25, 100, 100, 100),
       (3, 14, 14, 749, 0, 525, 406, 87, 87, 87, 87, 118, 118, 87, 56, 56, 56, 56, 56, 56, 7, 33, 1, -18, 30, '', 0, 21,
        0, 1.25, 100, 100, 100),
       (3, 15, 15, 808, 0, 563, 435, 89, 89, 89, 89, 121, 121, 89, 58, 58, 58, 58, 58, 58, 7, 35, 1, -18, 30, '', 0, 22,
        0, 1.25, 100, 100, 100),
       (3, 16, 16, 868, 0, 600, 464, 91, 91, 91, 91, 124, 124, 91, 63, 63, 63, 63, 63, 63, 8, 36, 1, -18, 30, '', 0, 22,
        0, 1.25, 100, 100, 100),
       (3, 17, 17, 930, 0, 638, 493, 93, 93, 93, 93, 127, 127, 93, 65, 65, 65, 65, 65, 65, 8, 38, 2, -18, 30, '', 0, 22,
        0, 1.25, 100, 100, 100),
       (3, 18, 18, 993, 0, 675, 522, 96, 96, 96, 96, 130, 130, 96, 67, 67, 67, 67, 67, 67, 8, 39, 2, -18, 30, '', 0, 23,
        0, 1.25, 100, 100, 100),
       (3, 19, 19, 1057, 0, 713, 551, 98, 98, 98, 98, 133, 133, 98, 69, 69, 69, 69, 69, 69, 8, 40, 2, -18, 30, '', 0,
        23, 0, 1.25, 100, 100, 100),
       (3, 20, 20, 1124, 0, 750, 580, 104, 104, 104, 104, 136, 136, 104, 74, 74, 74, 74, 74, 74, 9, 42, 2, -18, 30, '',
        0, 23, 0, 1.25, 100, 100, 100),
       (3, 21, 21, 1192, 0, 788, 609, 106, 106, 106, 106, 139, 139, 106, 76, 76, 76, 76, 76, 76, 9, 43, 2, -18, 30, '',
        0, 24, 0, 1.25, 100, 100, 100),
       (3, 22, 22, 1262, 0, 825, 638, 109, 109, 109, 109, 142, 142, 109, 78, 78, 78, 78, 78, 78, 9, 45, 2, -18, 30, '',
        0, 24, 0, 1.25, 100, 100, 100),
       (3, 23, 23, 1333, 0, 863, 667, 111, 111, 111, 111, 145, 145, 111, 80, 80, 80, 80, 80, 80, 9, 46, 2, -18, 30, '',
        0, 24, 0, 1.25, 100, 100, 100),
       (3, 24, 24, 1407, 0, 900, 696, 114, 114, 114, 114, 148, 148, 114, 85, 85, 85, 85, 85, 85, 10, 47, 2, -18, 30, '',
        0, 25, 0, 1.25, 100, 100, 100),
       (3, 25, 25, 1483, 0, 938, 725, 117, 117, 117, 117, 151, 151, 117, 87, 87, 87, 87, 87, 87, 10, 49, 2, -18, 30, '',
        0, 25, 0, 1.25, 100, 100, 100),
       (3, 26, 26, 1561, 0, 975, 754, 120, 120, 120, 120, 154, 154, 120, 89, 89, 89, 89, 89, 89, 10, 50, 2, -18, 30, '',
        0, 25, 0, 1.25, 100, 100, 100),
       (3, 27, 27, 1641, 0, 1013, 783, 123, 123, 123, 123, 157, 157, 123, 91, 91, 91, 91, 91, 91, 10, 52, 2, -18, 30,
        '', 0, 26, 0, 1.25, 100, 100, 100),
       (3, 28, 28, 1723, 0, 1050, 812, 127, 127, 127, 127, 160, 160, 127, 96, 96, 96, 96, 96, 96, 11, 53, 2, -18, 30,
        '', 0, 26, 0, 1.25, 100, 100, 100),
       (3, 29, 29, 1808, 0, 1088, 841, 130, 130, 130, 130, 163, 163, 130, 98, 98, 98, 98, 98, 98, 11, 54, 2, -18, 30,
        '', 0, 26, 0, 1.25, 100, 100, 100),
       (3, 30, 30, 1895, 0, 1125, 870, 137, 137, 137, 137, 166, 166, 137, 100, 100, 100, 100, 100, 100, 11, 56, 2, -18,
        30, '', 0, 27, 0, 1.25, 100, 100, 100),
       (3, 31, 31, 1985, 0, 1163, 899, 140, 140, 140, 140, 169, 169, 140, 102, 102, 102, 102, 102, 102, 11, 57, 2, -18,
        30, '', 0, 27, 0, 1.25, 100, 100, 100),
       (3, 32, 32, 2078, 0, 1200, 928, 144, 144, 144, 144, 172, 172, 144, 107, 107, 107, 107, 107, 107, 12, 59, 2, -18,
        30, '', 0, 27, 0, 1.25, 100, 100, 100),
       (3, 33, 33, 2173, 0, 1238, 957, 147, 147, 147, 147, 175, 175, 147, 109, 109, 109, 109, 109, 109, 12, 60, 2, -18,
        30, '', 0, 28, 0, 1.25, 100, 100, 100),
       (3, 34, 34, 2271, 0, 1275, 986, 151, 151, 151, 151, 178, 178, 151, 111, 111, 111, 111, 111, 111, 12, 61, 2, -18,
        30, '', 0, 28, 0, 1.25, 100, 100, 100),
       (3, 35, 35, 2372, 0, 1313, 1015, 155, 155, 155, 155, 181, 181, 155, 113, 113, 113, 113, 113, 113, 12, 63, 2, -18,
        30, '', 0, 28, 0, 1.25, 100, 100, 100),
       (3, 36, 36, 2476, 0, 1350, 1044, 159, 159, 159, 159, 184, 184, 159, 118, 118, 118, 118, 118, 118, 13, 64, 2, -18,
        30, '', 0, 29, 0, 1.25, 100, 100, 100),
       (3, 37, 37, 2583, 0, 1388, 1073, 163, 163, 163, 163, 187, 187, 163, 120, 120, 120, 120, 120, 120, 13, 66, 2, -18,
        30, '', 0, 29, 0, 1.25, 100, 100, 100),
       (3, 38, 38, 2693, 0, 1425, 1102, 168, 168, 168, 168, 190, 190, 168, 122, 122, 122, 122, 122, 122, 13, 67, 2, -18,
        30, '', 0, 29, 0, 1.25, 100, 100, 100),
       (3, 39, 39, 2807, 0, 1463, 1131, 172, 172, 172, 172, 193, 193, 172, 124, 124, 124, 124, 124, 124, 13, 68, 2, -18,
        30, '', 0, 30, 0, 1.25, 100, 100, 100),
       (3, 40, 40, 2924, 0, 1500, 1160, 180, 180, 180, 180, 196, 196, 180, 129, 129, 129, 129, 129, 129, 14, 70, 2, -18,
        30, '', 0, 30, 0, 1.25, 100, 100, 100),
       (3, 41, 41, 3044, 0, 1538, 1189, 184, 184, 184, 184, 199, 199, 184, 131, 131, 131, 131, 131, 131, 14, 71, 2, -18,
        30, '', 0, 30, 0, 1.25, 100, 100, 100),
       (3, 42, 42, 3168, 0, 1575, 1218, 189, 189, 189, 189, 202, 202, 189, 133, 133, 133, 133, 133, 133, 14, 73, 2, -18,
        30, '', 0, 31, 0, 1.25, 100, 100, 100),
       (3, 43, 43, 3295, 0, 1613, 1247, 193, 193, 193, 193, 205, 205, 193, 135, 135, 135, 135, 135, 135, 14, 74, 2, -18,
        30, '', 0, 31, 0, 1.25, 100, 100, 100),
       (3, 44, 44, 3426, 0, 1650, 1276, 198, 198, 198, 198, 208, 208, 198, 140, 140, 140, 140, 140, 140, 15, 75, 2, -18,
        30, '', 0, 31, 0, 1.25, 100, 100, 100),
       (3, 45, 45, 3561, 0, 1688, 1305, 203, 203, 203, 203, 211, 211, 203, 142, 142, 142, 142, 142, 142, 15, 77, 2, -18,
        30, '', 0, 32, 0, 1.25, 100, 100, 100),
       (3, 46, 46, 3700, 0, 1725, 1334, 208, 208, 208, 208, 214, 214, 208, 144, 144, 144, 144, 144, 144, 15, 78, 2, -18,
        30, '', 0, 32, 0, 1.25, 100, 100, 100),
       (3, 47, 47, 3843, 0, 1763, 1363, 213, 213, 213, 213, 217, 217, 213, 146, 146, 146, 146, 146, 146, 15, 80, 3, -18,
        30, '', 0, 32, 0, 1.25, 100, 100, 100),
       (3, 48, 48, 3989, 0, 1800, 1392, 219, 219, 219, 219, 220, 220, 219, 151, 151, 151, 151, 151, 151, 16, 81, 3, -18,
        30, '', 0, 33, 0, 1.25, 100, 100, 100),
       (3, 49, 49, 4140, 0, 1838, 1421, 224, 224, 224, 224, 223, 223, 224, 153, 153, 153, 153, 153, 153, 16, 82, 3, -18,
        30, '', 0, 33, 0, 1.25, 100, 100, 100),
       (3, 50, 50, 4295, 0, 1875, 1450, 233, 233, 233, 233, 226, 226, 233, 155, 155, 155, 155, 155, 155, 16, 84, 3, -18,
        30, '', 0, 33, 0, 1.25, 100, 100, 100),
       (3, 51, 51, 4455, 0, 1913, 1479, 238, 238, 238, 238, 229, 229, 238, 157, 157, 157, 157, 157, 157, 16, 85, 3, -18,
        30, '', 0, 34, 0, 1.25, 100, 100, 100),
       (3, 52, 52, 4618, 0, 1950, 1508, 244, 244, 244, 244, 232, 232, 244, 162, 162, 162, 162, 162, 162, 17, 87, 3, -18,
        30, '', 0, 34, 0, 1.37, 100, 100, 100),
       (3, 53, 53, 4786, 0, 1988, 1537, 249, 249, 249, 249, 235, 235, 249, 164, 164, 164, 164, 164, 164, 17, 88, 3, -18,
        30, '', 0, 34, 0, 1.37, 100, 100, 100),
       (3, 54, 54, 4959, 0, 2025, 1566, 255, 255, 255, 255, 238, 238, 255, 166, 166, 166, 166, 166, 166, 17, 89, 3, -18,
        30, '', 0, 35, 0, 1.37, 100, 100, 100),
       (3, 55, 55, 5136, 0, 2063, 1595, 261, 261, 261, 261, 241, 241, 261, 168, 168, 168, 168, 168, 168, 17, 91, 3, -18,
        30, '', 0, 35, 0, 1.37, 100, 100, 100),
       (3, 56, 56, 5318, 0, 2100, 1624, 267, 267, 267, 267, 244, 244, 267, 173, 173, 173, 173, 173, 173, 18, 92, 3, -18,
        30, '', 0, 35, 0, 1.37, 100, 100, 100),
       (3, 57, 57, 5505, 0, 2138, 1653, 273, 273, 273, 273, 247, 247, 273, 175, 175, 175, 175, 175, 175, 18, 94, 3, -18,
        30, '', 0, 36, 0, 1.37, 100, 100, 100),
       (3, 58, 58, 5697, 0, 2175, 1682, 280, 280, 280, 280, 250, 250, 280, 177, 177, 177, 177, 177, 177, 18, 95, 3, -18,
        30, '', 0, 36, 0, 1.37, 100, 100, 100),
       (3, 59, 59, 5893, 0, 2213, 1711, 286, 286, 286, 286, 253, 253, 286, 179, 179, 179, 179, 179, 179, 18, 96, 3, -18,
        30, '', 0, 36, 0, 1.37, 100, 100, 100),
       (3, 60, 60, 6095, 0, 2250, 1740, 296, 296, 296, 296, 256, 256, 296, 184, 184, 184, 184, 184, 184, 19, 98, 3, -18,
        30, '', 0, 37, 0, 1.37, 100, 100, 100),
       (3, 61, 61, 6302, 0, 2288, 1769, 302, 302, 302, 302, 259, 259, 302, 186, 186, 186, 186, 186, 186, 22, 114, 4,
        -22, 28, '', 0, 37, 0, 1.37, 100, 100, 100),
       (3, 62, 62, 6514, 0, 2325, 1798, 309, 309, 309, 309, 262, 262, 309, 188, 188, 188, 188, 188, 188, 25, 131, 4,
        -23, 28, '', 0, 37, 0, 1.37, 100, 100, 100),
       (3, 63, 63, 6732, 0, 2363, 1827, 315, 315, 315, 315, 265, 265, 315, 190, 190, 190, 190, 190, 190, 28, 147, 4,
        -23, 28, '', 0, 38, 0, 1.37, 100, 100, 100),
       (3, 64, 64, 6954, 0, 2400, 1856, 322, 322, 322, 322, 268, 268, 322, 195, 195, 195, 195, 195, 195, 32, 163, 4,
        -24, 27, '', 0, 38, 0, 1.37, 100, 100, 100),
       (3, 65, 65, 7183, 0, 2438, 1885, 329, 329, 329, 329, 271, 271, 329, 197, 197, 197, 197, 197, 197, 35, 180, 4,
        -24, 27, '', 0, 38, 0, 1.37, 100, 100, 100),
       (3, 66, 66, 7417, 0, 2475, 1914, 366, 366, 366, 366, 304, 304, 366, 199, 199, 199, 199, 199, 199, 38, 196, 4,
        -25, 27, '', 0, 39, 0, 1.37, 100, 100, 100),
       (3, 67, 67, 7656, 0, 2513, 1943, 378, 378, 378, 378, 312, 312, 378, 201, 201, 201, 201, 201, 201, 41, 213, 4,
        -25, 27, '', 0, 39, 0, 1.37, 100, 100, 100),
       (3, 68, 68, 7901, 0, 2550, 1972, 391, 391, 391, 391, 320, 320, 391, 206, 206, 206, 206, 206, 206, 45, 229, 4,
        -26, 27, '', 0, 39, 0, 1.37, 100, 100, 100),
       (3, 69, 69, 8152, 0, 2588, 2001, 403, 403, 403, 403, 328, 328, 403, 208, 208, 208, 208, 208, 208, 48, 245, 4,
        -26, 27, '', 0, 40, 0, 1.37, 100, 100, 100),
       (3, 70, 70, 8410, 0, 2625, 2030, 419, 419, 419, 419, 336, 336, 419, 210, 210, 210, 210, 210, 210, 51, 262, 4,
        -27, 26, '', 0, 40, 0, 1.37, 100, 100, 100),
       (3, 71, 71, 8673, 0, 2663, 2059, 431, 431, 431, 431, 344, 344, 431, 212, 212, 212, 212, 212, 212, 54, 278, 4,
        -27, 26, '', 0, 40, 0, 1.37, 100, 100, 100),
       (3, 72, 72, 8942, 0, 2700, 2088, 444, 444, 444, 444, 352, 352, 444, 217, 217, 217, 217, 217, 217, 58, 295, 4,
        -28, 26, '', 0, 41, 0, 1.37, 100, 100, 100),
       (3, 73, 73, 9217, 0, 2738, 2117, 456, 456, 456, 456, 360, 360, 456, 219, 219, 219, 219, 219, 219, 61, 311, 4,
        -28, 26, '', 0, 41, 0, 1.37, 100, 100, 100),
       (3, 74, 74, 9498, 0, 2775, 2146, 469, 469, 469, 469, 368, 368, 469, 221, 221, 221, 221, 221, 221, 64, 327, 4,
        -29, 26, '', 0, 41, 0, 1.37, 100, 100, 100),
       (3, 75, 75, 9786, 0, 2813, 2175, 482, 482, 482, 482, 376, 376, 482, 223, 223, 223, 223, 223, 223, 67, 344, 4,
        -29, 26, '', 0, 42, 0, 1.37, 100, 100, 100),
       (3, 76, 76, 10081, 0, 2850, 2204, 495, 495, 495, 495, 384, 384, 495, 228, 228, 228, 228, 228, 228, 71, 360, 4,
        -30, 25, '', 0, 42, 0, 1.37, 100, 100, 100),
       (3, 77, 77, 10381, 0, 2888, 2233, 508, 508, 508, 508, 392, 392, 508, 230, 230, 230, 230, 230, 230, 74, 377, 4,
        -30, 25, '', 0, 42, 0, 1.37, 100, 100, 100),
       (3, 78, 78, 10689, 0, 2925, 2262, 522, 522, 522, 522, 400, 400, 522, 232, 232, 232, 232, 232, 232, 77, 393, 4,
        -31, 25, '', 0, 43, 0, 1.37, 100, 100, 100),
       (3, 79, 79, 11003, 0, 2963, 2291, 535, 535, 535, 535, 408, 408, 535, 234, 234, 234, 234, 234, 234, 80, 409, 4,
        -31, 25, '', 0, 43, 0, 1.37, 100, 100, 100),
       (3, 80, 80, 11324, 0, 3000, 2320, 552, 552, 552, 552, 416, 416, 552, 239, 239, 239, 239, 239, 239, 84, 426, 4,
        -32, 24, '', 0, 43, 0, 1.37, 100, 100, 100),
       (3, 81, 81, 11652, 0, 3038, 2349, 565, 565, 565, 565, 424, 424, 565, 241, 241, 241, 241, 241, 241, 87, 442, 4,
        -32, 24, '', 0, 44, 0, 1.37, 100, 100, 100),
       (3, 82, 82, 11986, 0, 3075, 2378, 579, 579, 579, 579, 432, 432, 579, 243, 243, 243, 243, 243, 243, 90, 459, 4,
        -33, 24, '', 0, 44, 0, 1.37, 100, 100, 100),
       (3, 83, 83, 12328, 0, 3113, 2407, 592, 592, 592, 592, 440, 440, 592, 245, 245, 245, 245, 245, 245, 93, 475, 4,
        -33, 24, '', 0, 44, 0, 1.37, 100, 100, 100),
       (3, 84, 84, 12677, 0, 3150, 2436, 606, 606, 606, 606, 448, 448, 606, 250, 250, 250, 250, 250, 250, 97, 491, 4,
        -34, 24, '', 0, 45, 0, 1.37, 100, 100, 100),
       (3, 85, 85, 13033, 0, 3188, 2465, 620, 620, 620, 620, 456, 456, 620, 252, 252, 252, 252, 252, 252, 100, 508, 4,
        -36, 23, '', 0, 45, 0, 1.37, 100, 100, 100),
       (4, 1, 1, 65, 0, 39, 30, 69, 69, 69, 69, 81, 81, 69, 24, 24, 24, 24, 24, 24, 4, 18, 1, -18, 30, '', 0, 19, 0,
        1.25, 100, 100, 100),
       (4, 2, 2, 120, 0, 78, 59, 70, 70, 70, 70, 84, 84, 70, 26, 26, 26, 26, 26, 26, 5, 19, 1, -18, 30, '', 0, 19, 0,
        1.25, 100, 100, 100),
       (4, 3, 3, 175, 0, 117, 89, 70, 70, 70, 70, 87, 87, 70, 28, 28, 28, 28, 28, 28, 5, 21, 1, -18, 30, '', 0, 20, 0,
        1.25, 100, 100, 100),
       (4, 4, 4, 230, 0, 156, 118, 71, 71, 71, 71, 90, 90, 71, 34, 34, 34, 34, 34, 34, 5, 22, 1, -18, 30, '', 0, 20, 0,
        1.25, 100, 100, 100),
       (4, 5, 5, 286, 0, 195, 148, 72, 72, 72, 72, 93, 93, 72, 36, 36, 36, 36, 36, 36, 5, 24, 1, -18, 30, '', 0, 20, 0,
        1.25, 100, 100, 100),
       (4, 6, 6, 343, 0, 234, 177, 73, 73, 73, 73, 96, 96, 73, 38, 38, 38, 38, 38, 38, 6, 25, 1, -18, 30, '', 0, 21, 0,
        1.25, 100, 100, 100),
       (4, 7, 7, 399, 0, 273, 207, 74, 74, 74, 74, 99, 99, 74, 40, 40, 40, 40, 40, 40, 6, 26, 1, -18, 30, '', 0, 21, 0,
        1.25, 100, 100, 100),
       (4, 8, 8, 457, 0, 312, 236, 76, 76, 76, 76, 102, 102, 76, 46, 46, 46, 46, 46, 46, 6, 28, 1, -18, 30, '', 0, 21,
        0, 1.25, 100, 100, 100),
       (4, 9, 9, 515, 0, 351, 266, 77, 77, 77, 77, 105, 105, 77, 48, 48, 48, 48, 48, 48, 6, 29, 1, -18, 30, '', 0, 22,
        0, 1.25, 100, 100, 100),
       (4, 10, 10, 574, 0, 390, 295, 83, 83, 83, 83, 108, 108, 83, 50, 50, 50, 50, 50, 50, 7, 31, 1, -18, 30, '', 0, 22,
        0, 1.25, 100, 100, 100),
       (4, 11, 11, 634, 0, 429, 325, 84, 84, 84, 84, 111, 111, 84, 52, 52, 52, 52, 52, 52, 7, 32, 1, -18, 30, '', 0, 22,
        0, 1.25, 100, 100, 100),
       (4, 12, 12, 694, 0, 468, 354, 86, 86, 86, 86, 114, 114, 86, 58, 58, 58, 58, 58, 58, 7, 33, 1, -18, 30, '', 0, 23,
        0, 1.25, 100, 100, 100),
       (4, 13, 13, 756, 0, 507, 384, 87, 87, 87, 87, 117, 117, 87, 60, 60, 60, 60, 60, 60, 7, 35, 1, -18, 30, '', 0, 23,
        0, 1.25, 100, 100, 100),
       (4, 14, 14, 819, 0, 546, 413, 89, 89, 89, 89, 120, 120, 89, 62, 62, 62, 62, 62, 62, 8, 36, 1, -18, 30, '', 0, 23,
        0, 1.25, 100, 100, 100),
       (4, 15, 15, 883, 0, 585, 443, 91, 91, 91, 91, 123, 123, 91, 64, 64, 64, 64, 64, 64, 8, 38, 1, -18, 30, '', 0, 24,
        0, 1.25, 100, 100, 100),
       (4, 16, 16, 948, 0, 624, 472, 93, 93, 93, 93, 126, 126, 93, 70, 70, 70, 70, 70, 70, 8, 39, 1, -18, 30, '', 0, 24,
        0, 1.25, 100, 100, 100),
       (4, 17, 17, 1015, 0, 663, 502, 95, 95, 95, 95, 129, 129, 95, 72, 72, 72, 72, 72, 72, 8, 40, 2, -18, 30, '', 0,
        24, 0, 1.25, 100, 100, 100),
       (4, 18, 18, 1083, 0, 702, 531, 98, 98, 98, 98, 132, 132, 98, 74, 74, 74, 74, 74, 74, 9, 42, 2, -18, 30, '', 0,
        25, 0, 1.25, 100, 100, 100),
       (4, 19, 19, 1152, 0, 741, 561, 100, 100, 100, 100, 135, 135, 100, 76, 76, 76, 76, 76, 76, 9, 43, 2, -18, 30, '',
        0, 25, 0, 1.25, 100, 100, 100),
       (4, 20, 20, 1224, 0, 780, 590, 107, 107, 107, 107, 138, 138, 107, 82, 82, 82, 82, 82, 82, 9, 45, 2, -18, 30, '',
        0, 25, 0, 1.25, 100, 100, 100),
       (4, 21, 21, 1297, 0, 819, 620, 109, 109, 109, 109, 141, 141, 109, 84, 84, 84, 84, 84, 84, 9, 46, 2, -18, 30, '',
        0, 26, 0, 1.25, 100, 100, 100),
       (4, 22, 22, 1372, 0, 858, 649, 112, 112, 112, 112, 144, 144, 112, 86, 86, 86, 86, 86, 86, 10, 47, 2, -18, 30, '',
        0, 26, 0, 1.25, 100, 100, 100),
       (4, 23, 23, 1448, 0, 897, 679, 114, 114, 114, 114, 147, 147, 114, 88, 88, 88, 88, 88, 88, 10, 49, 2, -18, 30, '',
        0, 26, 0, 1.25, 100, 100, 100),
       (4, 24, 24, 1527, 0, 936, 708, 117, 117, 117, 117, 150, 150, 117, 94, 94, 94, 94, 94, 94, 10, 50, 2, -18, 30, '',
        0, 27, 0, 1.25, 100, 100, 100),
       (4, 25, 25, 1608, 0, 975, 738, 120, 120, 120, 120, 153, 153, 120, 96, 96, 96, 96, 96, 96, 10, 52, 2, -18, 30, '',
        0, 27, 0, 1.25, 100, 100, 100),
       (4, 26, 26, 1691, 0, 1014, 767, 123, 123, 123, 123, 156, 156, 123, 98, 98, 98, 98, 98, 98, 11, 53, 2, -18, 30,
        '', 0, 27, 0, 1.25, 100, 100, 100),
       (4, 27, 27, 1776, 0, 1053, 797, 126, 126, 126, 126, 159, 159, 126, 100, 100, 100, 100, 100, 100, 11, 54, 2, -18,
        30, '', 0, 28, 0, 1.25, 100, 100, 100),
       (4, 28, 28, 1863, 0, 1092, 826, 130, 130, 130, 130, 162, 162, 130, 106, 106, 106, 106, 106, 106, 11, 56, 2, -18,
        30, '', 0, 28, 0, 1.25, 100, 100, 100),
       (4, 29, 29, 1953, 0, 1131, 856, 133, 133, 133, 133, 165, 165, 133, 108, 108, 108, 108, 108, 108, 11, 57, 2, -18,
        30, '', 0, 28, 0, 1.25, 100, 100, 100),
       (4, 30, 30, 2045, 0, 1170, 885, 141, 141, 141, 141, 168, 168, 141, 110, 110, 110, 110, 110, 110, 12, 59, 2, -18,
        30, '', 0, 29, 0, 1.25, 100, 100, 100),
       (4, 31, 31, 2140, 0, 1209, 915, 144, 144, 144, 144, 171, 171, 144, 112, 112, 112, 112, 112, 112, 12, 60, 2, -18,
        30, '', 0, 29, 0, 1.25, 100, 100, 100),
       (4, 32, 32, 2238, 0, 1248, 944, 148, 148, 148, 148, 174, 174, 148, 118, 118, 118, 118, 118, 118, 12, 61, 2, -18,
        30, '', 0, 29, 0, 1.25, 100, 100, 100),
       (4, 33, 33, 2338, 0, 1287, 974, 151, 151, 151, 151, 177, 177, 151, 120, 120, 120, 120, 120, 120, 12, 63, 2, -18,
        30, '', 0, 30, 0, 1.25, 100, 100, 100),
       (4, 34, 34, 2441, 0, 1326, 1003, 155, 155, 155, 155, 180, 180, 155, 122, 122, 122, 122, 122, 122, 13, 64, 2, -18,
        30, '', 0, 30, 0, 1.25, 100, 100, 100),
       (4, 35, 35, 2547, 0, 1365, 1033, 159, 159, 159, 159, 183, 183, 159, 124, 124, 124, 124, 124, 124, 13, 66, 2, -18,
        30, '', 0, 30, 0, 1.25, 100, 100, 100),
       (4, 36, 36, 2656, 0, 1404, 1062, 163, 163, 163, 163, 186, 186, 163, 130, 130, 130, 130, 130, 130, 13, 67, 2, -18,
        30, '', 0, 31, 0, 1.25, 100, 100, 100),
       (4, 37, 37, 2768, 0, 1443, 1092, 167, 167, 167, 167, 189, 189, 167, 132, 132, 132, 132, 132, 132, 13, 68, 2, -18,
        30, '', 0, 31, 0, 1.25, 100, 100, 100),
       (4, 38, 38, 2883, 0, 1482, 1121, 172, 172, 172, 172, 192, 192, 172, 134, 134, 134, 134, 134, 134, 14, 70, 2, -18,
        30, '', 0, 31, 0, 1.25, 100, 100, 100),
       (4, 39, 39, 3002, 0, 1521, 1151, 176, 176, 176, 176, 195, 195, 176, 136, 136, 136, 136, 136, 136, 14, 71, 2, -18,
        30, '', 0, 32, 0, 1.25, 100, 100, 100),
       (4, 40, 40, 3124, 0, 1560, 1180, 185, 185, 185, 185, 198, 198, 185, 142, 142, 142, 142, 142, 142, 14, 73, 2, -18,
        30, '', 0, 32, 0, 1.25, 100, 100, 100),
       (4, 41, 41, 3249, 0, 1599, 1210, 189, 189, 189, 189, 201, 201, 189, 144, 144, 144, 144, 144, 144, 14, 74, 2, -18,
        30, '', 0, 32, 0, 1.25, 100, 100, 100),
       (4, 42, 42, 3378, 0, 1638, 1239, 194, 194, 194, 194, 204, 204, 194, 146, 146, 146, 146, 146, 146, 15, 75, 2, -18,
        30, '', 0, 33, 0, 1.25, 100, 100, 100),
       (4, 43, 43, 3510, 0, 1677, 1269, 198, 198, 198, 198, 207, 207, 198, 148, 148, 148, 148, 148, 148, 15, 77, 2, -18,
        30, '', 0, 33, 0, 1.25, 100, 100, 100),
       (4, 44, 44, 3646, 0, 1716, 1298, 203, 203, 203, 203, 210, 210, 203, 154, 154, 154, 154, 154, 154, 15, 78, 2, -18,
        30, '', 0, 33, 0, 1.25, 100, 100, 100),
       (4, 45, 45, 3786, 0, 1755, 1328, 208, 208, 208, 208, 213, 213, 208, 156, 156, 156, 156, 156, 156, 15, 80, 2, -18,
        30, '', 0, 34, 0, 1.25, 100, 100, 100),
       (4, 46, 46, 3930, 0, 1794, 1357, 213, 213, 213, 213, 216, 216, 213, 158, 158, 158, 158, 158, 158, 16, 81, 2, -18,
        30, '', 0, 34, 0, 1.25, 100, 100, 100),
       (4, 47, 47, 4078, 0, 1833, 1387, 218, 218, 218, 218, 219, 219, 218, 160, 160, 160, 160, 160, 160, 16, 82, 3, -18,
        30, '', 0, 34, 0, 1.25, 100, 100, 100),
       (4, 48, 48, 4229, 0, 1872, 1416, 224, 224, 224, 224, 222, 222, 224, 166, 166, 166, 166, 166, 166, 16, 84, 3, -18,
        30, '', 0, 35, 0, 1.25, 100, 100, 100),
       (4, 49, 49, 4385, 0, 1911, 1446, 229, 229, 229, 229, 225, 225, 229, 168, 168, 168, 168, 168, 168, 16, 85, 3, -18,
        30, '', 0, 35, 0, 1.25, 100, 100, 100),
       (4, 50, 50, 4545, 0, 1950, 1475, 239, 239, 239, 239, 228, 228, 239, 170, 170, 170, 170, 170, 170, 17, 87, 3, -18,
        30, '', 0, 35, 0, 1.25, 100, 100, 100),
       (4, 51, 51, 4710, 0, 1989, 1505, 244, 244, 244, 244, 231, 231, 244, 172, 172, 172, 172, 172, 172, 17, 88, 3, -18,
        30, '', 0, 36, 0, 1.25, 100, 100, 100),
       (4, 52, 52, 4878, 0, 2028, 1534, 250, 250, 250, 250, 234, 234, 250, 178, 178, 178, 178, 178, 178, 17, 89, 3, -18,
        30, '', 0, 36, 0, 1.43, 100, 100, 100),
       (4, 53, 53, 5051, 0, 2067, 1564, 255, 255, 255, 255, 237, 237, 255, 180, 180, 180, 180, 180, 180, 17, 91, 3, -18,
        30, '', 0, 36, 0, 1.43, 100, 100, 100),
       (4, 54, 54, 5229, 0, 2106, 1593, 261, 261, 261, 261, 240, 240, 261, 182, 182, 182, 182, 182, 182, 18, 92, 3, -18,
        30, '', 0, 37, 0, 1.43, 100, 100, 100),
       (4, 55, 55, 5411, 0, 2145, 1623, 267, 267, 267, 267, 243, 243, 267, 184, 184, 184, 184, 184, 184, 18, 94, 3, -18,
        30, '', 0, 37, 0, 1.43, 100, 100, 100),
       (4, 56, 56, 5598, 0, 2184, 1652, 273, 273, 273, 273, 246, 246, 273, 190, 190, 190, 190, 190, 190, 18, 95, 3, -18,
        30, '', 0, 37, 0, 1.43, 100, 100, 100),
       (4, 57, 57, 5790, 0, 2223, 1682, 279, 279, 279, 279, 249, 249, 279, 192, 192, 192, 192, 192, 192, 18, 96, 3, -18,
        30, '', 0, 38, 0, 1.43, 100, 100, 100),
       (4, 58, 58, 5987, 0, 2262, 1711, 286, 286, 286, 286, 252, 252, 286, 194, 194, 194, 194, 194, 194, 19, 98, 3, -18,
        30, '', 0, 38, 0, 1.43, 100, 100, 100),
       (4, 59, 59, 6188, 0, 2301, 1741, 292, 292, 292, 292, 255, 255, 292, 196, 196, 196, 196, 196, 196, 19, 99, 3, -18,
        30, '', 0, 38, 0, 1.43, 100, 100, 100),
       (4, 60, 60, 6395, 0, 2340, 1770, 303, 303, 303, 303, 258, 258, 303, 202, 202, 202, 202, 202, 202, 19, 101, 3,
        -18, 30, '', 0, 39, 0, 1.43, 100, 100, 100),
       (4, 61, 61, 6607, 0, 2379, 1800, 309, 309, 309, 309, 261, 261, 309, 204, 204, 204, 204, 204, 204, 22, 117, 4,
        -23, 28, '', 0, 39, 0, 1.43, 100, 100, 100),
       (4, 62, 62, 6824, 0, 2418, 1829, 316, 316, 316, 316, 264, 264, 316, 206, 206, 206, 206, 206, 206, 26, 133, 4,
        -24, 27, '', 0, 39, 0, 1.43, 100, 100, 100),
       (4, 63, 63, 7047, 0, 2457, 1859, 322, 322, 322, 322, 267, 267, 322, 208, 208, 208, 208, 208, 208, 29, 150, 4,
        -24, 27, '', 0, 40, 0, 1.43, 100, 100, 100),
       (4, 64, 64, 7274, 0, 2496, 1888, 329, 329, 329, 329, 270, 270, 329, 214, 214, 214, 214, 214, 214, 32, 166, 4,
        -25, 27, '', 0, 40, 0, 1.43, 100, 100, 100),
       (4, 65, 65, 7508, 0, 2535, 1918, 336, 336, 336, 336, 273, 273, 336, 216, 216, 216, 216, 216, 216, 35, 183, 4,
        -25, 27, '', 0, 40, 0, 1.43, 100, 100, 100),
       (4, 66, 66, 7747, 0, 2574, 1947, 373, 373, 373, 373, 306, 306, 373, 218, 218, 218, 218, 218, 218, 39, 199, 4,
        -26, 27, '', 0, 41, 0, 1.43, 100, 100, 100),
       (4, 67, 67, 7991, 0, 2613, 1977, 385, 385, 385, 385, 314, 314, 385, 220, 220, 220, 220, 220, 220, 42, 215, 4,
        -26, 27, '', 0, 41, 0, 1.43, 100, 100, 100),
       (4, 68, 68, 8241, 0, 2652, 2006, 398, 398, 398, 398, 322, 322, 398, 226, 226, 226, 226, 226, 226, 45, 232, 4,
        -27, 26, '', 0, 41, 0, 1.43, 100, 100, 100),
       (4, 69, 69, 8497, 0, 2691, 2036, 410, 410, 410, 410, 330, 330, 410, 228, 228, 228, 228, 228, 228, 48, 248, 4,
        -27, 26, '', 0, 42, 0, 1.43, 100, 100, 100),
       (4, 70, 70, 8760, 0, 2730, 2065, 427, 427, 427, 427, 338, 338, 427, 230, 230, 230, 230, 230, 230, 52, 265, 4,
        -28, 26, '', 0, 42, 0, 1.43, 100, 100, 100),
       (4, 71, 71, 9028, 0, 2769, 2095, 439, 439, 439, 439, 346, 346, 439, 232, 232, 232, 232, 232, 232, 55, 281, 4,
        -28, 26, '', 0, 42, 0, 1.43, 100, 100, 100),
       (4, 72, 72, 9302, 0, 2808, 2124, 452, 452, 452, 452, 354, 354, 452, 238, 238, 238, 238, 238, 238, 58, 297, 4,
        -29, 26, '', 0, 43, 0, 1.43, 100, 100, 100),
       (4, 73, 73, 9582, 0, 2847, 2154, 464, 464, 464, 464, 362, 362, 464, 240, 240, 240, 240, 240, 240, 61, 314, 4,
        -29, 26, '', 0, 43, 0, 1.43, 100, 100, 100),
       (4, 74, 74, 9868, 0, 2886, 2183, 477, 477, 477, 477, 370, 370, 477, 242, 242, 242, 242, 242, 242, 65, 330, 4,
        -30, 25, '', 0, 43, 0, 1.43, 100, 100, 100),
       (4, 75, 75, 10161, 0, 2925, 2213, 490, 490, 490, 490, 378, 378, 490, 244, 244, 244, 244, 244, 244, 68, 347, 4,
        -30, 25, '', 0, 44, 0, 1.43, 100, 100, 100),
       (4, 76, 76, 10461, 0, 2964, 2242, 503, 503, 503, 503, 386, 386, 503, 250, 250, 250, 250, 250, 250, 71, 363, 4,
        -31, 25, '', 0, 44, 0, 1.43, 100, 100, 100),
       (4, 77, 77, 10766, 0, 3003, 2272, 516, 516, 516, 516, 394, 394, 516, 252, 252, 252, 252, 252, 252, 74, 379, 4,
        -31, 25, '', 0, 44, 0, 1.43, 100, 100, 100),
       (4, 78, 78, 11079, 0, 3042, 2301, 530, 530, 530, 530, 402, 402, 530, 254, 254, 254, 254, 254, 254, 78, 396, 4,
        -32, 24, '', 0, 45, 0, 1.43, 100, 100, 100),
       (4, 79, 79, 11398, 0, 3081, 2331, 543, 543, 543, 543, 410, 410, 543, 256, 256, 256, 256, 256, 256, 81, 412, 4,
        -32, 24, '', 0, 45, 0, 1.43, 100, 100, 100),
       (4, 80, 80, 11724, 0, 3120, 2360, 561, 561, 561, 561, 418, 418, 561, 262, 262, 262, 262, 262, 262, 84, 429, 4,
        -33, 24, '', 0, 45, 0, 1.43, 100, 100, 100),
       (4, 81, 81, 12057, 0, 3159, 2390, 574, 574, 574, 574, 426, 426, 574, 264, 264, 264, 264, 264, 264, 87, 445, 4,
        -33, 24, '', 0, 46, 0, 1.43, 100, 100, 100),
       (4, 82, 82, 12396, 0, 3198, 2419, 588, 588, 588, 588, 434, 434, 588, 266, 266, 266, 266, 266, 266, 91, 461, 4,
        -34, 24, '', 0, 46, 0, 1.43, 100, 100, 100),
       (4, 83, 83, 12743, 0, 3237, 2449, 601, 601, 601, 601, 442, 442, 601, 268, 268, 268, 268, 268, 268, 94, 478, 4,
        -34, 24, '', 0, 46, 0, 1.43, 100, 100, 100),
       (4, 84, 84, 13097, 0, 3276, 2478, 615, 615, 615, 615, 450, 450, 615, 274, 274, 274, 274, 274, 274, 97, 494, 4,
        -35, 23, '', 0, 47, 0, 1.43, 100, 100, 100),
       (4, 85, 85, 13458, 0, 3315, 2508, 629, 629, 629, 629, 458, 458, 629, 276, 276, 276, 276, 276, 276, 100, 511, 4,
        -37, 23, '', 0, 47, 0, 1.43, 100, 100, 100),
       (5, 1, 1, 70, 0, 41, 30, 70, 70, 70, 70, 83, 83, 70, 27, 27, 27, 27, 27, 27, 5, 21, 1, -18, 30, '', 0, 21, 0,
        1.25, 100, 100, 100),
       (5, 2, 2, 130, 0, 81, 60, 71, 71, 71, 71, 86, 86, 71, 29, 29, 29, 29, 29, 29, 5, 22, 1, -18, 30, '', 0, 21, 0,
        1.25, 100, 100, 100),
       (5, 3, 3, 190, 0, 122, 90, 71, 71, 71, 71, 89, 89, 71, 31, 31, 31, 31, 31, 31, 5, 24, 1, -18, 30, '', 0, 22, 0,
        1.25, 100, 100, 100),
       (5, 4, 4, 250, 0, 162, 120, 72, 72, 72, 72, 92, 92, 72, 38, 38, 38, 38, 38, 38, 6, 25, 1, -18, 30, '', 0, 22, 0,
        1.25, 100, 100, 100),
       (5, 5, 5, 311, 0, 203, 150, 73, 73, 73, 73, 95, 95, 73, 40, 40, 40, 40, 40, 40, 6, 26, 1, -18, 30, '', 0, 22, 0,
        1.25, 100, 100, 100),
       (5, 6, 6, 373, 0, 243, 180, 74, 74, 74, 74, 98, 98, 74, 42, 42, 42, 42, 42, 42, 6, 28, 1, -18, 30, '', 0, 23, 0,
        1.25, 100, 100, 100),
       (5, 7, 7, 434, 0, 284, 210, 75, 75, 75, 75, 101, 101, 75, 44, 44, 44, 44, 44, 44, 6, 29, 1, -18, 30, '', 0, 23,
        0, 1.25, 100, 100, 100),
       (5, 8, 8, 497, 0, 324, 240, 77, 77, 77, 77, 104, 104, 77, 51, 51, 51, 51, 51, 51, 7, 31, 1, -18, 30, '', 0, 23,
        0, 1.25, 100, 100, 100),
       (5, 9, 9, 560, 0, 365, 270, 78, 78, 78, 78, 107, 107, 78, 53, 53, 53, 53, 53, 53, 7, 32, 1, -18, 30, '', 0, 24,
        0, 1.25, 100, 100, 100),
       (5, 10, 10, 624, 0, 405, 300, 85, 85, 85, 85, 110, 110, 85, 55, 55, 55, 55, 55, 55, 7, 33, 1, -18, 30, '', 0, 24,
        0, 1.25, 100, 100, 100),
       (5, 11, 11, 689, 0, 446, 330, 86, 86, 86, 86, 113, 113, 86, 57, 57, 57, 57, 57, 57, 7, 35, 1, -18, 30, '', 0, 24,
        0, 1.25, 100, 100, 100),
       (5, 12, 12, 754, 0, 486, 360, 88, 88, 88, 88, 116, 116, 88, 64, 64, 64, 64, 64, 64, 8, 36, 1, -18, 30, '', 0, 25,
        0, 1.25, 100, 100, 100),
       (5, 13, 13, 821, 0, 527, 390, 89, 89, 89, 89, 119, 119, 89, 66, 66, 66, 66, 66, 66, 8, 38, 1, -18, 30, '', 0, 25,
        0, 1.25, 100, 100, 100),
       (5, 14, 14, 889, 0, 567, 420, 91, 91, 91, 91, 122, 122, 91, 68, 68, 68, 68, 68, 68, 8, 39, 1, -18, 30, '', 0, 25,
        0, 1.25, 100, 100, 100),
       (5, 15, 15, 958, 0, 608, 450, 93, 93, 93, 93, 125, 125, 93, 70, 70, 70, 70, 70, 70, 8, 40, 1, -18, 30, '', 0, 26,
        0, 1.25, 100, 100, 100),
       (5, 16, 16, 1028, 0, 648, 480, 95, 95, 95, 95, 128, 128, 95, 77, 77, 77, 77, 77, 77, 9, 42, 1, -18, 30, '', 0,
        26, 0, 1.25, 100, 100, 100),
       (5, 17, 17, 1100, 0, 689, 510, 97, 97, 97, 97, 131, 131, 97, 79, 79, 79, 79, 79, 79, 9, 43, 2, -18, 30, '', 0,
        26, 0, 1.25, 100, 100, 100),
       (5, 18, 18, 1173, 0, 729, 540, 100, 100, 100, 100, 134, 134, 100, 81, 81, 81, 81, 81, 81, 9, 45, 2, -18, 30, '',
        0, 27, 0, 1.25, 100, 100, 100),
       (5, 19, 19, 1247, 0, 770, 570, 102, 102, 102, 102, 137, 137, 102, 83, 83, 83, 83, 83, 83, 9, 46, 2, -18, 30, '',
        0, 27, 0, 1.25, 100, 100, 100),
       (5, 20, 20, 1324, 0, 810, 600, 110, 110, 110, 110, 140, 140, 110, 90, 90, 90, 90, 90, 90, 10, 47, 2, -18, 30, '',
        0, 27, 0, 1.25, 100, 100, 100),
       (5, 21, 21, 1402, 0, 851, 630, 112, 112, 112, 112, 143, 143, 112, 92, 92, 92, 92, 92, 92, 10, 49, 2, -18, 30, '',
        0, 28, 0, 1.25, 100, 100, 100),
       (5, 22, 22, 1482, 0, 891, 660, 115, 115, 115, 115, 146, 146, 115, 94, 94, 94, 94, 94, 94, 10, 50, 2, -18, 30, '',
        0, 28, 0, 1.25, 100, 100, 100),
       (5, 23, 23, 1563, 0, 932, 690, 117, 117, 117, 117, 149, 149, 117, 96, 96, 96, 96, 96, 96, 10, 52, 2, -18, 30, '',
        0, 28, 0, 1.25, 100, 100, 100),
       (5, 24, 24, 1647, 0, 972, 720, 120, 120, 120, 120, 152, 152, 120, 103, 103, 103, 103, 103, 103, 11, 53, 2, -18,
        30, '', 0, 29, 0, 1.25, 100, 100, 100),
       (5, 25, 25, 1733, 0, 1013, 750, 123, 123, 123, 123, 155, 155, 123, 105, 105, 105, 105, 105, 105, 11, 54, 2, -18,
        30, '', 0, 29, 0, 1.25, 100, 100, 100),
       (5, 26, 26, 1821, 0, 1053, 780, 126, 126, 126, 126, 158, 158, 126, 107, 107, 107, 107, 107, 107, 11, 56, 2, -18,
        30, '', 0, 29, 0, 1.25, 100, 100, 100),
       (5, 27, 27, 1911, 0, 1094, 810, 129, 129, 129, 129, 161, 161, 129, 109, 109, 109, 109, 109, 109, 11, 57, 2, -18,
        30, '', 0, 30, 0, 1.25, 100, 100, 100),
       (5, 28, 28, 2003, 0, 1134, 840, 133, 133, 133, 133, 164, 164, 133, 116, 116, 116, 116, 116, 116, 12, 59, 2, -18,
        30, '', 0, 30, 0, 1.25, 100, 100, 100),
       (5, 29, 29, 2098, 0, 1175, 870, 136, 136, 136, 136, 167, 167, 136, 118, 118, 118, 118, 118, 118, 12, 60, 2, -18,
        30, '', 0, 30, 0, 1.25, 100, 100, 100),
       (5, 30, 30, 2195, 0, 1215, 900, 145, 145, 145, 145, 170, 170, 145, 120, 120, 120, 120, 120, 120, 12, 61, 2, -18,
        30, '', 0, 31, 0, 1.25, 100, 100, 100),
       (5, 31, 31, 2295, 0, 1256, 930, 148, 148, 148, 148, 173, 173, 148, 122, 122, 122, 122, 122, 122, 12, 63, 2, -18,
        30, '', 0, 31, 0, 1.25, 100, 100, 100),
       (5, 32, 32, 2398, 0, 1296, 960, 152, 152, 152, 152, 176, 176, 152, 129, 129, 129, 129, 129, 129, 13, 64, 2, -18,
        30, '', 0, 31, 0, 1.25, 100, 100, 100),
       (5, 33, 33, 2503, 0, 1337, 990, 155, 155, 155, 155, 179, 179, 155, 131, 131, 131, 131, 131, 131, 13, 66, 2, -18,
        30, '', 0, 32, 0, 1.25, 100, 100, 100),
       (5, 34, 34, 2611, 0, 1377, 1020, 159, 159, 159, 159, 182, 182, 159, 133, 133, 133, 133, 133, 133, 13, 67, 2, -18,
        30, '', 0, 32, 0, 1.25, 100, 100, 100),
       (5, 35, 35, 2722, 0, 1418, 1050, 163, 163, 163, 163, 185, 185, 163, 135, 135, 135, 135, 135, 135, 13, 68, 2, -18,
        30, '', 0, 32, 0, 1.25, 100, 100, 100),
       (5, 36, 36, 2836, 0, 1458, 1080, 167, 167, 167, 167, 188, 188, 167, 142, 142, 142, 142, 142, 142, 14, 70, 2, -18,
        30, '', 0, 33, 0, 1.25, 100, 100, 100),
       (5, 37, 37, 2953, 0, 1499, 1110, 171, 171, 171, 171, 191, 191, 171, 144, 144, 144, 144, 144, 144, 14, 71, 2, -18,
        30, '', 0, 33, 0, 1.25, 100, 100, 100),
       (5, 38, 38, 3073, 0, 1539, 1140, 176, 176, 176, 176, 194, 194, 176, 146, 146, 146, 146, 146, 146, 14, 73, 2, -18,
        30, '', 0, 33, 0, 1.25, 100, 100, 100),
       (5, 39, 39, 3197, 0, 1580, 1170, 180, 180, 180, 180, 197, 197, 180, 148, 148, 148, 148, 148, 148, 14, 74, 2, -18,
        30, '', 0, 34, 0, 1.25, 100, 100, 100),
       (5, 40, 40, 3324, 0, 1620, 1200, 190, 190, 190, 190, 200, 200, 190, 155, 155, 155, 155, 155, 155, 15, 75, 2, -18,
        30, '', 0, 34, 0, 1.25, 100, 100, 100),
       (5, 41, 41, 3454, 0, 1661, 1230, 194, 194, 194, 194, 203, 203, 194, 157, 157, 157, 157, 157, 157, 15, 77, 2, -18,
        30, '', 0, 34, 0, 1.25, 100, 100, 100),
       (5, 42, 42, 3588, 0, 1701, 1260, 199, 199, 199, 199, 206, 206, 199, 159, 159, 159, 159, 159, 159, 15, 78, 2, -18,
        30, '', 0, 35, 0, 1.25, 100, 100, 100),
       (5, 43, 43, 3725, 0, 1742, 1290, 203, 203, 203, 203, 209, 209, 203, 161, 161, 161, 161, 161, 161, 15, 80, 2, -18,
        30, '', 0, 35, 0, 1.25, 100, 100, 100),
       (5, 44, 44, 3866, 0, 1782, 1320, 208, 208, 208, 208, 212, 212, 208, 168, 168, 168, 168, 168, 168, 16, 81, 2, -18,
        30, '', 0, 35, 0, 1.25, 100, 100, 100),
       (5, 45, 45, 4011, 0, 1823, 1350, 213, 213, 213, 213, 215, 215, 213, 170, 170, 170, 170, 170, 170, 16, 82, 2, -18,
        30, '', 0, 36, 0, 1.25, 100, 100, 100),
       (5, 46, 46, 4160, 0, 1863, 1380, 218, 218, 218, 218, 218, 218, 218, 172, 172, 172, 172, 172, 172, 16, 84, 2, -18,
        30, '', 0, 36, 0, 1.25, 100, 100, 100),
       (5, 47, 47, 4313, 0, 1904, 1410, 223, 223, 223, 223, 221, 221, 223, 174, 174, 174, 174, 174, 174, 16, 85, 3, -18,
        30, '', 0, 36, 0, 1.25, 100, 100, 100),
       (5, 48, 48, 4469, 0, 1944, 1440, 229, 229, 229, 229, 224, 224, 229, 181, 181, 181, 181, 181, 181, 17, 87, 3, -18,
        30, '', 0, 37, 0, 1.25, 100, 100, 100),
       (5, 49, 49, 4630, 0, 1985, 1470, 234, 234, 234, 234, 227, 227, 234, 183, 183, 183, 183, 183, 183, 17, 88, 3, -18,
        30, '', 0, 37, 0, 1.25, 100, 100, 100),
       (5, 50, 50, 4795, 0, 2025, 1500, 245, 245, 245, 245, 230, 230, 245, 185, 185, 185, 185, 185, 185, 17, 89, 3, -18,
        30, '', 0, 37, 0, 1.25, 100, 100, 100),
       (5, 51, 51, 4965, 0, 2066, 1530, 250, 250, 250, 250, 233, 233, 250, 187, 187, 187, 187, 187, 187, 17, 91, 3, -18,
        30, '', 0, 38, 0, 1.25, 100, 100, 100),
       (5, 52, 52, 5138, 0, 2106, 1560, 256, 256, 256, 256, 236, 236, 256, 194, 194, 194, 194, 194, 194, 18, 92, 3, -18,
        30, '', 0, 38, 0, 1.49, 100, 100, 100),
       (5, 53, 53, 5316, 0, 2147, 1590, 261, 261, 261, 261, 239, 239, 261, 196, 196, 196, 196, 196, 196, 18, 94, 3, -18,
        30, '', 0, 38, 0, 1.49, 100, 100, 100),
       (5, 54, 54, 5499, 0, 2187, 1620, 267, 267, 267, 267, 242, 242, 267, 198, 198, 198, 198, 198, 198, 18, 95, 3, -18,
        30, '', 0, 39, 0, 1.49, 100, 100, 100),
       (5, 55, 55, 5686, 0, 2228, 1650, 273, 273, 273, 273, 245, 245, 273, 200, 200, 200, 200, 200, 200, 18, 96, 3, -18,
        30, '', 0, 39, 0, 1.49, 100, 100, 100),
       (5, 56, 56, 5878, 0, 2268, 1680, 279, 279, 279, 279, 248, 248, 279, 207, 207, 207, 207, 207, 207, 19, 98, 3, -18,
        30, '', 0, 39, 0, 1.49, 100, 100, 100),
       (5, 57, 57, 6075, 0, 2309, 1710, 285, 285, 285, 285, 251, 251, 285, 209, 209, 209, 209, 209, 209, 19, 99, 3, -18,
        30, '', 0, 40, 0, 1.49, 100, 100, 100),
       (5, 58, 58, 6277, 0, 2349, 1740, 292, 292, 292, 292, 254, 254, 292, 211, 211, 211, 211, 211, 211, 19, 101, 3,
        -18, 30, '', 0, 40, 0, 1.49, 100, 100, 100),
       (5, 59, 59, 6483, 0, 2390, 1770, 298, 298, 298, 298, 257, 257, 298, 213, 213, 213, 213, 213, 213, 19, 102, 3,
        -18, 30, '', 0, 40, 0, 1.49, 100, 100, 100),
       (5, 60, 60, 6695, 0, 2430, 1800, 310, 310, 310, 310, 260, 260, 310, 220, 220, 220, 220, 220, 220, 20, 103, 3,
        -18, 30, '', 0, 41, 0, 1.49, 100, 100, 100),
       (5, 61, 61, 6912, 0, 2471, 1830, 316, 316, 316, 316, 263, 263, 316, 222, 222, 222, 222, 222, 222, 23, 120, 4,
        -24, 27, '', 0, 41, 0, 1.49, 100, 100, 100),
       (5, 62, 62, 7134, 0, 2511, 1860, 323, 323, 323, 323, 266, 266, 323, 224, 224, 224, 224, 224, 224, 26, 136, 4,
        -25, 27, '', 0, 41, 0, 1.49, 100, 100, 100),
       (5, 63, 63, 7362, 0, 2552, 1890, 329, 329, 329, 329, 269, 269, 329, 226, 226, 226, 226, 226, 226, 29, 153, 4,
        -25, 27, '', 0, 42, 0, 1.49, 100, 100, 100),
       (5, 64, 64, 7594, 0, 2592, 1920, 336, 336, 336, 336, 272, 272, 336, 233, 233, 233, 233, 233, 233, 33, 169, 4,
        -26, 27, '', 0, 42, 0, 1.49, 100, 100, 100),
       (5, 65, 65, 7833, 0, 2633, 1950, 343, 343, 343, 343, 275, 275, 343, 235, 235, 235, 235, 235, 235, 36, 185, 4,
        -26, 27, '', 0, 42, 0, 1.49, 100, 100, 100),
       (5, 66, 66, 8077, 0, 2673, 1980, 380, 380, 380, 380, 308, 308, 380, 237, 237, 237, 237, 237, 237, 39, 202, 4,
        -27, 26, '', 0, 43, 0, 1.49, 100, 100, 100),
       (5, 67, 67, 8326, 0, 2714, 2010, 392, 392, 392, 392, 316, 316, 392, 239, 239, 239, 239, 239, 239, 42, 218, 4,
        -27, 26, '', 0, 43, 0, 1.49, 100, 100, 100),
       (5, 68, 68, 8581, 0, 2754, 2040, 405, 405, 405, 405, 324, 324, 405, 246, 246, 246, 246, 246, 246, 46, 235, 4,
        -28, 26, '', 0, 43, 0, 1.49, 100, 100, 100),
       (5, 69, 69, 8842, 0, 2795, 2070, 417, 417, 417, 417, 332, 332, 417, 248, 248, 248, 248, 248, 248, 49, 251, 4,
        -28, 26, '', 0, 44, 0, 1.49, 100, 100, 100),
       (5, 70, 70, 9110, 0, 2835, 2100, 435, 435, 435, 435, 340, 340, 435, 250, 250, 250, 250, 250, 250, 52, 267, 4,
        -29, 26, '', 0, 44, 0, 1.49, 100, 100, 100),
       (5, 71, 71, 9383, 0, 2876, 2130, 447, 447, 447, 447, 348, 348, 447, 252, 252, 252, 252, 252, 252, 55, 284, 4,
        -29, 26, '', 0, 44, 0, 1.49, 100, 100, 100),
       (5, 72, 72, 9662, 0, 2916, 2160, 460, 460, 460, 460, 356, 356, 460, 259, 259, 259, 259, 259, 259, 59, 300, 4,
        -30, 25, '', 0, 45, 0, 1.49, 100, 100, 100),
       (5, 73, 73, 9947, 0, 2957, 2190, 472, 472, 472, 472, 364, 364, 472, 261, 261, 261, 261, 261, 261, 62, 317, 4,
        -30, 25, '', 0, 45, 0, 1.49, 100, 100, 100),
       (5, 74, 74, 10238, 0, 2997, 2220, 485, 485, 485, 485, 372, 372, 485, 263, 263, 263, 263, 263, 263, 65, 333, 4,
        -31, 25, '', 0, 45, 0, 1.49, 100, 100, 100),
       (5, 75, 75, 10536, 0, 3038, 2250, 498, 498, 498, 498, 380, 380, 498, 265, 265, 265, 265, 265, 265, 68, 349, 4,
        -31, 25, '', 0, 46, 0, 1.49, 100, 100, 100),
       (5, 76, 76, 10841, 0, 3078, 2280, 511, 511, 511, 511, 388, 388, 511, 272, 272, 272, 272, 272, 272, 72, 366, 4,
        -32, 24, '', 0, 46, 0, 1.49, 100, 100, 100),
       (5, 77, 77, 11151, 0, 3119, 2310, 524, 524, 524, 524, 396, 396, 524, 274, 274, 274, 274, 274, 274, 75, 382, 4,
        -32, 24, '', 0, 46, 0, 1.49, 100, 100, 100),
       (5, 78, 78, 11469, 0, 3159, 2340, 538, 538, 538, 538, 404, 404, 538, 276, 276, 276, 276, 276, 276, 78, 399, 4,
        -33, 24, '', 0, 47, 0, 1.49, 100, 100, 100),
       (5, 79, 79, 11793, 0, 3200, 2370, 551, 551, 551, 551, 412, 412, 551, 278, 278, 278, 278, 278, 278, 81, 415, 4,
        -33, 24, '', 0, 47, 0, 1.49, 100, 100, 100),
       (5, 80, 80, 12124, 0, 3240, 2400, 570, 570, 570, 570, 420, 420, 570, 285, 285, 285, 285, 285, 285, 85, 431, 4,
        -34, 24, '', 0, 47, 0, 1.49, 100, 100, 100),
       (5, 81, 81, 12462, 0, 3281, 2430, 583, 583, 583, 583, 428, 428, 583, 287, 287, 287, 287, 287, 287, 88, 448, 4,
        -34, 24, '', 0, 48, 0, 1.49, 100, 100, 100),
       (5, 82, 82, 12806, 0, 3321, 2460, 597, 597, 597, 597, 436, 436, 597, 289, 289, 289, 289, 289, 289, 91, 464, 4,
        -35, 23, '', 0, 48, 0, 1.49, 100, 100, 100),
       (5, 83, 83, 13158, 0, 3362, 2490, 610, 610, 610, 610, 444, 444, 610, 291, 291, 291, 291, 291, 291, 94, 481, 4,
        -35, 23, '', 0, 48, 0, 1.49, 100, 100, 100),
       (5, 84, 84, 13517, 0, 3402, 2520, 624, 624, 624, 624, 452, 452, 624, 298, 298, 298, 298, 298, 298, 98, 497, 4,
        -36, 23, '', 0, 49, 0, 1.49, 100, 100, 100),
       (5, 85, 85, 13883, 0, 3443, 2550, 638, 638, 638, 638, 460, 460, 638, 300, 300, 300, 300, 300, 300, 101, 513, 4,
        -38, 22, '', 0, 49, 0, 1.49, 100, 100, 100),
       (6, 1, 1, 85, 0, 43, 30, 71, 71, 71, 71, 95, 95, 71, 31, 31, 31, 31, 31, 31, 4, 17, 1, -18, 30, '', 0, 23, 0,
        1.25, 100, 100, 100),
       (6, 2, 2, 160, 0, 85, 61, 73, 73, 73, 73, 98, 98, 73, 35, 35, 35, 35, 35, 35, 4, 18, 1, -18, 30, '', 0, 23, 0,
        1.25, 100, 100, 100),
       (6, 3, 3, 235, 0, 128, 91, 73, 73, 73, 73, 101, 101, 73, 37, 37, 37, 37, 37, 37, 5, 19, 1, -18, 30, '', 0, 24, 0,
        1.25, 100, 100, 100),
       (6, 4, 4, 310, 0, 170, 122, 75, 75, 75, 75, 104, 104, 75, 40, 40, 40, 40, 40, 40, 5, 21, 1, -18, 30, '', 0, 24,
        0, 1.25, 100, 100, 100),
       (6, 5, 5, 386, 0, 213, 152, 76, 76, 76, 76, 107, 107, 76, 44, 44, 44, 44, 44, 44, 5, 22, 1, -18, 30, '', 0, 24,
        0, 1.25, 100, 100, 100),
       (6, 6, 6, 463, 0, 255, 183, 78, 78, 78, 78, 110, 110, 78, 46, 46, 46, 46, 46, 46, 5, 24, 1, -18, 30, '', 0, 25,
        0, 1.25, 100, 100, 100),
       (6, 7, 7, 539, 0, 298, 213, 79, 79, 79, 79, 113, 113, 79, 48, 48, 48, 48, 48, 48, 6, 25, 1, -18, 30, '', 0, 25,
        0, 1.25, 100, 100, 100),
       (6, 8, 8, 617, 0, 340, 244, 82, 82, 82, 82, 116, 116, 82, 53, 53, 53, 53, 53, 53, 6, 26, 1, -18, 30, '', 0, 25,
        0, 1.25, 100, 100, 100),
       (6, 9, 9, 695, 0, 383, 274, 83, 83, 83, 83, 119, 119, 83, 55, 55, 55, 55, 55, 55, 6, 28, 1, -18, 30, '', 0, 26,
        0, 1.25, 100, 100, 100),
       (6, 10, 10, 774, 0, 425, 305, 87, 87, 87, 87, 122, 122, 87, 57, 57, 57, 57, 57, 57, 6, 29, 1, -18, 30, '', 0, 26,
        0, 1.25, 100, 100, 100),
       (6, 11, 11, 854, 0, 468, 335, 88, 88, 88, 88, 125, 125, 88, 61, 61, 61, 61, 61, 61, 7, 31, 1, -18, 30, '', 0, 26,
        0, 1.25, 100, 100, 100),
       (6, 12, 12, 934, 0, 510, 366, 91, 91, 91, 91, 128, 128, 91, 64, 64, 64, 64, 64, 64, 7, 32, 1, -18, 30, '', 0, 27,
        0, 1.25, 100, 100, 100),
       (6, 13, 13, 1016, 0, 553, 396, 92, 92, 92, 92, 131, 131, 92, 66, 66, 66, 66, 66, 66, 7, 33, 1, -18, 30, '', 0,
        27, 0, 1.25, 100, 100, 100),
       (6, 14, 14, 1099, 0, 595, 427, 95, 95, 95, 95, 134, 134, 95, 70, 70, 70, 70, 70, 70, 7, 35, 1, -18, 30, '', 0,
        27, 0, 1.25, 100, 100, 100),
       (6, 15, 15, 1183, 0, 638, 457, 97, 97, 97, 97, 137, 137, 97, 72, 72, 72, 72, 72, 72, 8, 36, 1, -18, 30, '', 0,
        28, 0, 1.25, 100, 100, 100),
       (6, 16, 16, 1268, 0, 680, 488, 100, 100, 100, 100, 140, 140, 100, 75, 75, 75, 75, 75, 75, 8, 38, 1, -18, 30, '',
        0, 28, 0, 1.25, 100, 100, 100),
       (6, 17, 17, 1355, 0, 723, 518, 102, 102, 102, 102, 143, 143, 102, 79, 79, 79, 79, 79, 79, 8, 39, 2, -18, 30, '',
        0, 28, 0, 1.25, 100, 100, 100),
       (6, 18, 18, 1443, 0, 765, 549, 106, 106, 106, 106, 146, 146, 106, 81, 81, 81, 81, 81, 81, 8, 40, 2, -18, 30, '',
        0, 29, 0, 1.25, 100, 100, 100),
       (6, 19, 19, 1532, 0, 808, 579, 108, 108, 108, 108, 149, 149, 108, 83, 83, 83, 83, 83, 83, 9, 42, 2, -18, 30, '',
        0, 29, 0, 1.25, 100, 100, 100),
       (6, 20, 20, 1624, 0, 850, 610, 113, 113, 113, 113, 152, 152, 113, 88, 88, 88, 88, 88, 88, 9, 43, 2, -18, 30, '',
        0, 29, 0, 1.25, 100, 100, 100),
       (6, 21, 21, 1717, 0, 893, 640, 115, 115, 115, 115, 155, 155, 115, 90, 90, 90, 90, 90, 90, 9, 45, 2, -18, 30, '',
        0, 30, 0, 1.25, 100, 100, 100),
       (6, 22, 22, 1812, 0, 935, 671, 119, 119, 119, 119, 158, 158, 119, 92, 92, 92, 92, 92, 92, 9, 46, 2, -18, 30, '',
        0, 30, 0, 1.25, 100, 100, 100),
       (6, 23, 23, 1908, 0, 978, 701, 121, 121, 121, 121, 161, 161, 121, 96, 96, 96, 96, 96, 96, 10, 47, 2, -18, 30, '',
        0, 30, 0, 1.25, 100, 100, 100),
       (6, 24, 24, 2007, 0, 1020, 732, 125, 125, 125, 125, 164, 164, 125, 99, 99, 99, 99, 99, 99, 10, 49, 2, -18, 30,
        '', 0, 31, 0, 1.25, 100, 100, 100),
       (6, 25, 25, 2108, 0, 1063, 762, 128, 128, 128, 128, 167, 167, 128, 101, 101, 101, 101, 101, 101, 10, 50, 2, -18,
        30, '', 0, 31, 0, 1.25, 100, 100, 100),
       (6, 26, 26, 2211, 0, 1105, 793, 132, 132, 132, 132, 170, 170, 132, 105, 105, 105, 105, 105, 105, 10, 52, 2, -18,
        30, '', 0, 31, 0, 1.25, 100, 100, 100),
       (6, 27, 27, 2316, 0, 1148, 823, 135, 135, 135, 135, 173, 173, 135, 107, 107, 107, 107, 107, 107, 11, 53, 2, -18,
        30, '', 0, 32, 0, 1.25, 100, 100, 100),
       (6, 28, 28, 2423, 0, 1190, 854, 140, 140, 140, 140, 176, 176, 140, 110, 110, 110, 110, 110, 110, 11, 54, 2, -18,
        30, '', 0, 32, 0, 1.25, 100, 100, 100),
       (6, 29, 29, 2533, 0, 1233, 884, 143, 143, 143, 143, 179, 179, 143, 114, 114, 114, 114, 114, 114, 11, 56, 2, -18,
        30, '', 0, 32, 0, 1.25, 100, 100, 100),
       (6, 30, 30, 2645, 0, 1275, 915, 149, 149, 149, 149, 182, 182, 149, 116, 116, 116, 116, 116, 116, 11, 57, 2, -18,
        30, '', 0, 33, 0, 1.25, 100, 100, 100),
       (6, 31, 31, 2760, 0, 1318, 945, 152, 152, 152, 152, 185, 185, 152, 118, 118, 118, 118, 118, 118, 12, 59, 2, -18,
        30, '', 0, 33, 0, 1.25, 100, 100, 100),
       (6, 32, 32, 2878, 0, 1360, 976, 157, 157, 157, 157, 188, 188, 157, 123, 123, 123, 123, 123, 123, 12, 60, 2, -18,
        30, '', 0, 33, 0, 1.25, 100, 100, 100),
       (6, 33, 33, 2998, 0, 1403, 1006, 160, 160, 160, 160, 191, 191, 160, 125, 125, 125, 125, 125, 125, 12, 61, 2, -18,
        30, '', 0, 34, 0, 1.25, 100, 100, 100),
       (6, 34, 34, 3121, 0, 1445, 1037, 165, 165, 165, 165, 194, 194, 165, 127, 127, 127, 127, 127, 127, 12, 63, 2, -18,
        30, '', 0, 34, 0, 1.25, 100, 100, 100),
       (6, 35, 35, 3247, 0, 1488, 1067, 169, 169, 169, 169, 197, 197, 169, 131, 131, 131, 131, 131, 131, 13, 64, 2, -18,
        30, '', 0, 34, 0, 1.25, 100, 100, 100),
       (6, 36, 36, 3376, 0, 1530, 1098, 174, 174, 174, 174, 200, 200, 174, 134, 134, 134, 134, 134, 134, 13, 66, 2, -18,
        30, '', 0, 35, 0, 1.25, 100, 100, 100),
       (6, 37, 37, 3508, 0, 1573, 1128, 178, 178, 178, 178, 203, 203, 178, 136, 136, 136, 136, 136, 136, 13, 67, 2, -18,
        30, '', 0, 35, 0, 1.25, 100, 100, 100),
       (6, 38, 38, 3643, 0, 1615, 1159, 184, 184, 184, 184, 206, 206, 184, 140, 140, 140, 140, 140, 140, 13, 68, 2, -18,
        30, '', 0, 35, 0, 1.25, 100, 100, 100),
       (6, 39, 39, 3782, 0, 1658, 1189, 188, 188, 188, 188, 209, 209, 188, 142, 142, 142, 142, 142, 142, 14, 70, 2, -18,
        30, '', 0, 36, 0, 1.25, 100, 100, 100),
       (6, 40, 40, 3924, 0, 1700, 1220, 195, 195, 195, 195, 212, 212, 195, 145, 145, 145, 145, 145, 145, 14, 71, 2, -18,
        30, '', 0, 36, 0, 1.25, 100, 100, 100),
       (6, 41, 41, 4069, 0, 1743, 1250, 199, 199, 199, 199, 215, 215, 199, 149, 149, 149, 149, 149, 149, 14, 73, 2, -18,
        30, '', 0, 36, 0, 1.25, 100, 100, 100),
       (6, 42, 42, 4218, 0, 1785, 1281, 205, 205, 205, 205, 218, 218, 205, 151, 151, 151, 151, 151, 151, 14, 74, 2, -18,
        30, '', 0, 37, 0, 1.25, 100, 100, 100),
       (6, 43, 43, 4370, 0, 1828, 1311, 209, 209, 209, 209, 221, 221, 209, 153, 153, 153, 153, 153, 153, 15, 75, 2, -18,
        30, '', 0, 37, 0, 1.25, 100, 100, 100),
       (6, 44, 44, 4526, 0, 1870, 1342, 215, 215, 215, 215, 224, 224, 215, 158, 158, 158, 158, 158, 158, 15, 77, 2, -18,
        30, '', 0, 37, 0, 1.25, 100, 100, 100),
       (6, 45, 45, 4686, 0, 1913, 1372, 220, 220, 220, 220, 227, 227, 220, 160, 160, 160, 160, 160, 160, 15, 78, 2, -18,
        30, '', 0, 38, 0, 1.25, 100, 100, 100),
       (6, 46, 46, 4850, 0, 1955, 1403, 226, 226, 226, 226, 230, 230, 226, 162, 162, 162, 162, 162, 162, 15, 80, 2, -18,
        30, '', 0, 38, 0, 1.25, 100, 100, 100),
       (6, 47, 47, 5018, 0, 1998, 1433, 231, 231, 231, 231, 233, 233, 231, 166, 166, 166, 166, 166, 166, 16, 81, 3, -18,
        30, '', 0, 38, 0, 1.25, 100, 100, 100),
       (6, 48, 48, 5189, 0, 2040, 1464, 238, 238, 238, 238, 236, 236, 238, 169, 169, 169, 169, 169, 169, 16, 82, 3, -18,
        30, '', 0, 39, 0, 1.25, 100, 100, 100),
       (6, 49, 49, 5365, 0, 2083, 1494, 243, 243, 243, 243, 239, 239, 243, 171, 171, 171, 171, 171, 171, 16, 84, 3, -18,
        30, '', 0, 39, 0, 1.25, 100, 100, 100),
       (6, 50, 50, 5545, 0, 2125, 1525, 251, 251, 251, 251, 242, 242, 251, 175, 175, 175, 175, 175, 175, 16, 85, 3, -18,
        30, '', 0, 39, 0, 1.25, 100, 100, 100),
       (6, 51, 51, 5730, 0, 2168, 1555, 256, 256, 256, 256, 245, 245, 256, 177, 177, 177, 177, 177, 177, 17, 87, 3, -18,
        30, '', 0, 40, 0, 1.25, 100, 100, 100),
       (6, 52, 52, 5918, 0, 2210, 1586, 263, 263, 263, 263, 248, 248, 263, 180, 180, 180, 180, 180, 180, 17, 88, 3, -18,
        30, '', 0, 40, 0, 1.55, 100, 100, 100),
       (6, 53, 53, 6111, 0, 2253, 1616, 268, 268, 268, 268, 251, 251, 268, 184, 184, 184, 184, 184, 184, 17, 89, 3, -18,
        30, '', 0, 40, 0, 1.55, 100, 100, 100),
       (6, 54, 54, 6309, 0, 2295, 1647, 275, 275, 275, 275, 254, 254, 275, 186, 186, 186, 186, 186, 186, 17, 91, 3, -18,
        30, '', 0, 41, 0, 1.55, 100, 100, 100),
       (6, 55, 55, 6511, 0, 2338, 1677, 281, 281, 281, 281, 257, 257, 281, 188, 188, 188, 188, 188, 188, 18, 92, 3, -18,
        30, '', 0, 41, 0, 1.55, 100, 100, 100),
       (6, 56, 56, 6718, 0, 2380, 1708, 288, 288, 288, 288, 260, 260, 288, 193, 193, 193, 193, 193, 193, 18, 94, 3, -18,
        30, '', 0, 41, 0, 1.55, 100, 100, 100),
       (6, 57, 57, 6930, 0, 2423, 1738, 294, 294, 294, 294, 263, 263, 294, 195, 195, 195, 195, 195, 195, 18, 95, 3, -18,
        30, '', 0, 42, 0, 1.55, 100, 100, 100),
       (6, 58, 58, 7147, 0, 2465, 1769, 302, 302, 302, 302, 266, 266, 302, 197, 197, 197, 197, 197, 197, 18, 96, 3, -18,
        30, '', 0, 42, 0, 1.55, 100, 100, 100),
       (6, 59, 59, 7368, 0, 2508, 1799, 308, 308, 308, 308, 269, 269, 308, 201, 201, 201, 201, 201, 201, 19, 98, 3, -18,
        30, '', 0, 42, 0, 1.55, 100, 100, 100),
       (6, 60, 60, 7595, 0, 2550, 1830, 317, 317, 317, 317, 272, 272, 317, 204, 204, 204, 204, 204, 204, 19, 99, 3, -18,
        30, '', 0, 43, 0, 1.55, 100, 100, 100),
       (6, 61, 61, 7827, 0, 2593, 1860, 323, 323, 323, 323, 275, 275, 323, 206, 206, 206, 206, 206, 206, 22, 116, 4,
        -25, 27, '', 0, 43, 0, 1.55, 100, 100, 100),
       (6, 62, 62, 8064, 0, 2635, 1891, 331, 331, 331, 331, 278, 278, 331, 210, 210, 210, 210, 210, 210, 25, 132, 4,
        -26, 27, '', 0, 43, 0, 1.55, 100, 100, 100),
       (6, 63, 63, 8307, 0, 2678, 1921, 337, 337, 337, 337, 281, 281, 337, 212, 212, 212, 212, 212, 212, 29, 148, 4,
        -26, 27, '', 0, 44, 0, 1.55, 100, 100, 100),
       (6, 64, 64, 8554, 0, 2720, 1952, 345, 345, 345, 345, 284, 284, 345, 215, 215, 215, 215, 215, 215, 32, 165, 4,
        -27, 26, '', 0, 44, 0, 1.55, 100, 100, 100),
       (6, 65, 65, 8808, 0, 2763, 1982, 352, 352, 352, 352, 287, 287, 352, 219, 219, 219, 219, 219, 219, 35, 181, 4,
        -27, 26, '', 0, 44, 0, 1.55, 100, 100, 100),
       (6, 66, 66, 9067, 0, 2805, 2013, 390, 390, 390, 390, 320, 320, 390, 221, 221, 221, 221, 221, 221, 38, 198, 4,
        -28, 26, '', 0, 45, 0, 1.55, 100, 100, 100),
       (6, 67, 67, 9331, 0, 2848, 2043, 402, 402, 402, 402, 328, 328, 402, 223, 223, 223, 223, 223, 223, 42, 214, 4,
        -28, 26, '', 0, 45, 0, 1.55, 100, 100, 100),
       (6, 68, 68, 9601, 0, 2890, 2074, 416, 416, 416, 416, 336, 336, 416, 228, 228, 228, 228, 228, 228, 45, 230, 4,
        -29, 26, '', 0, 45, 0, 1.55, 100, 100, 100),
       (6, 69, 69, 9877, 0, 2933, 2104, 428, 428, 428, 428, 344, 344, 428, 230, 230, 230, 230, 230, 230, 48, 247, 4,
        -29, 26, '', 0, 46, 0, 1.55, 100, 100, 100),
       (6, 70, 70, 10160, 0, 2975, 2135, 443, 443, 443, 443, 352, 352, 443, 232, 232, 232, 232, 232, 232, 51, 263, 4,
        -30, 25, '', 0, 46, 0, 1.55, 100, 100, 100),
       (6, 71, 71, 10448, 0, 3018, 2165, 455, 455, 455, 455, 360, 360, 455, 236, 236, 236, 236, 236, 236, 55, 280, 4,
        -30, 25, '', 0, 46, 0, 1.55, 100, 100, 100),
       (6, 72, 72, 10742, 0, 3060, 2196, 469, 469, 469, 469, 368, 368, 469, 239, 239, 239, 239, 239, 239, 58, 296, 4,
        -31, 25, '', 0, 47, 0, 1.55, 100, 100, 100),
       (6, 73, 73, 11042, 0, 3103, 2226, 481, 481, 481, 481, 376, 376, 481, 241, 241, 241, 241, 241, 241, 61, 312, 4,
        -31, 25, '', 0, 47, 0, 1.55, 100, 100, 100),
       (6, 74, 74, 11348, 0, 3145, 2257, 495, 495, 495, 495, 384, 384, 495, 245, 245, 245, 245, 245, 245, 64, 329, 4,
        -32, 24, '', 0, 47, 0, 1.55, 100, 100, 100),
       (6, 75, 75, 11661, 0, 3188, 2287, 508, 508, 508, 508, 392, 392, 508, 247, 247, 247, 247, 247, 247, 68, 345, 4,
        -32, 24, '', 0, 48, 0, 1.55, 100, 100, 100),
       (6, 76, 76, 11981, 0, 3230, 2318, 522, 522, 522, 522, 400, 400, 522, 250, 250, 250, 250, 250, 250, 71, 362, 4,
        -33, 24, '', 0, 48, 0, 1.55, 100, 100, 100),
       (6, 77, 77, 12306, 0, 3273, 2348, 535, 535, 535, 535, 408, 408, 535, 254, 254, 254, 254, 254, 254, 74, 378, 4,
        -33, 24, '', 0, 48, 0, 1.55, 100, 100, 100),
       (6, 78, 78, 12639, 0, 3315, 2379, 550, 550, 550, 550, 416, 416, 550, 256, 256, 256, 256, 256, 256, 77, 394, 4,
        -34, 24, '', 0, 49, 0, 1.55, 100, 100, 100),
       (6, 79, 79, 12978, 0, 3358, 2409, 563, 563, 563, 563, 424, 424, 563, 258, 258, 258, 258, 258, 258, 81, 411, 4,
        -34, 24, '', 0, 49, 0, 1.55, 100, 100, 100),
       (6, 80, 80, 13324, 0, 3400, 2440, 579, 579, 579, 579, 432, 432, 579, 263, 263, 263, 263, 263, 263, 84, 427, 4,
        -35, 23, '', 0, 49, 0, 1.55, 100, 100, 100),
       (6, 81, 81, 13677, 0, 3443, 2470, 592, 592, 592, 592, 440, 440, 592, 265, 265, 265, 265, 265, 265, 87, 444, 4,
        -35, 23, '', 0, 50, 0, 1.55, 100, 100, 100),
       (6, 82, 82, 14036, 0, 3485, 2501, 607, 607, 607, 607, 448, 448, 607, 267, 267, 267, 267, 267, 267, 90, 460, 4,
        -36, 23, '', 0, 50, 0, 1.55, 100, 100, 100),
       (6, 83, 83, 14403, 0, 3528, 2531, 620, 620, 620, 620, 456, 456, 620, 271, 271, 271, 271, 271, 271, 94, 476, 4,
        -36, 23, '', 0, 50, 0, 1.55, 100, 100, 100),
       (6, 84, 84, 14777, 0, 3570, 2562, 635, 635, 635, 635, 464, 464, 635, 274, 274, 274, 274, 274, 274, 97, 493, 4,
        -37, 23, '', 0, 51, 0, 1.55, 100, 100, 100),
       (6, 85, 85, 15158, 0, 3613, 2592, 649, 649, 649, 649, 472, 472, 649, 276, 276, 276, 276, 276, 276, 100, 509, 4,
        -39, 22, '', 0, 51, 0, 1.55, 100, 100, 100),
       (7, 1, 1, 90, 0, 44, 31, 72, 72, 72, 72, 97, 97, 72, 34, 34, 34, 34, 34, 34, 5, 19, 1, -18, 30, '', 0, 25, 0,
        1.25, 100, 100, 100),
       (7, 2, 2, 170, 0, 88, 62, 74, 74, 74, 74, 100, 100, 74, 38, 38, 38, 38, 38, 38, 5, 21, 1, -18, 30, '', 0, 25, 0,
        1.25, 100, 100, 100),
       (7, 3, 3, 250, 0, 132, 93, 74, 74, 74, 74, 103, 103, 74, 40, 40, 40, 40, 40, 40, 5, 22, 1, -18, 30, '', 0, 26, 0,
        1.25, 100, 100, 100),
       (7, 4, 4, 330, 0, 176, 124, 76, 76, 76, 76, 106, 106, 76, 44, 44, 44, 44, 44, 44, 5, 24, 1, -18, 30, '', 0, 26,
        0, 1.25, 100, 100, 100),
       (7, 5, 5, 411, 0, 220, 155, 77, 77, 77, 77, 109, 109, 77, 48, 48, 48, 48, 48, 48, 6, 25, 1, -18, 30, '', 0, 26,
        0, 1.25, 100, 100, 100),
       (7, 6, 6, 493, 0, 264, 186, 79, 79, 79, 79, 112, 112, 79, 50, 50, 50, 50, 50, 50, 6, 26, 1, -18, 30, '', 0, 27,
        0, 1.25, 100, 100, 100),
       (7, 7, 7, 574, 0, 308, 217, 80, 80, 80, 80, 115, 115, 80, 52, 52, 52, 52, 52, 52, 6, 28, 1, -18, 30, '', 0, 27,
        0, 1.25, 100, 100, 100),
       (7, 8, 8, 657, 0, 352, 248, 83, 83, 83, 83, 118, 118, 83, 58, 58, 58, 58, 58, 58, 6, 29, 1, -18, 30, '', 0, 27,
        0, 1.25, 100, 100, 100),
       (7, 9, 9, 740, 0, 396, 279, 84, 84, 84, 84, 121, 121, 84, 60, 60, 60, 60, 60, 60, 7, 31, 1, -18, 30, '', 0, 28,
        0, 1.25, 100, 100, 100),
       (7, 10, 10, 824, 0, 440, 310, 89, 89, 89, 89, 124, 124, 89, 62, 62, 62, 62, 62, 62, 7, 32, 1, -18, 30, '', 0, 28,
        0, 1.25, 100, 100, 100),
       (7, 11, 11, 909, 0, 484, 341, 90, 90, 90, 90, 127, 127, 90, 66, 66, 66, 66, 66, 66, 7, 33, 1, -18, 30, '', 0, 28,
        0, 1.25, 100, 100, 100),
       (7, 12, 12, 994, 0, 528, 372, 93, 93, 93, 93, 130, 130, 93, 70, 70, 70, 70, 70, 70, 7, 35, 1, -18, 30, '', 0, 29,
        0, 1.25, 100, 100, 100),
       (7, 13, 13, 1081, 0, 572, 403, 94, 94, 94, 94, 133, 133, 94, 72, 72, 72, 72, 72, 72, 8, 36, 1, -18, 30, '', 0,
        29, 0, 1.25, 100, 100, 100),
       (7, 14, 14, 1169, 0, 616, 434, 97, 97, 97, 97, 136, 136, 97, 76, 76, 76, 76, 76, 76, 8, 38, 1, -18, 30, '', 0,
        29, 0, 1.25, 100, 100, 100),
       (7, 15, 15, 1258, 0, 660, 465, 99, 99, 99, 99, 139, 139, 99, 78, 78, 78, 78, 78, 78, 8, 39, 1, -18, 30, '', 0,
        30, 0, 1.25, 100, 100, 100),
       (7, 16, 16, 1348, 0, 704, 496, 102, 102, 102, 102, 142, 142, 102, 82, 82, 82, 82, 82, 82, 8, 40, 1, -18, 30, '',
        0, 30, 0, 1.25, 100, 100, 100),
       (7, 17, 17, 1440, 0, 748, 527, 104, 104, 104, 104, 145, 145, 104, 86, 86, 86, 86, 86, 86, 9, 42, 2, -18, 30, '',
        0, 30, 0, 1.25, 100, 100, 100),
       (7, 18, 18, 1533, 0, 792, 558, 108, 108, 108, 108, 148, 148, 108, 88, 88, 88, 88, 88, 88, 9, 43, 2, -18, 30, '',
        0, 31, 0, 1.25, 100, 100, 100),
       (7, 19, 19, 1627, 0, 836, 589, 110, 110, 110, 110, 151, 151, 110, 90, 90, 90, 90, 90, 90, 9, 45, 2, -18, 30, '',
        0, 31, 0, 1.25, 100, 100, 100),
       (7, 20, 20, 1724, 0, 880, 620, 116, 116, 116, 116, 154, 154, 116, 96, 96, 96, 96, 96, 96, 9, 46, 2, -18, 30, '',
        0, 31, 0, 1.25, 100, 100, 100),
       (7, 21, 21, 1822, 0, 924, 651, 118, 118, 118, 118, 157, 157, 118, 98, 98, 98, 98, 98, 98, 10, 47, 2, -18, 30, '',
        0, 32, 0, 1.25, 100, 100, 100),
       (7, 22, 22, 1922, 0, 968, 682, 122, 122, 122, 122, 160, 160, 122, 100, 100, 100, 100, 100, 100, 10, 49, 2, -18,
        30, '', 0, 32, 0, 1.25, 100, 100, 100),
       (7, 23, 23, 2023, 0, 1012, 713, 124, 124, 124, 124, 163, 163, 124, 104, 104, 104, 104, 104, 104, 10, 50, 2, -18,
        30, '', 0, 32, 0, 1.25, 100, 100, 100),
       (7, 24, 24, 2127, 0, 1056, 744, 128, 128, 128, 128, 166, 166, 128, 108, 108, 108, 108, 108, 108, 10, 52, 2, -18,
        30, '', 0, 33, 0, 1.25, 100, 100, 100),
       (7, 25, 25, 2233, 0, 1100, 775, 131, 131, 131, 131, 169, 169, 131, 110, 110, 110, 110, 110, 110, 11, 53, 2, -18,
        30, '', 0, 33, 0, 1.25, 100, 100, 100),
       (7, 26, 26, 2341, 0, 1144, 806, 135, 135, 135, 135, 172, 172, 135, 114, 114, 114, 114, 114, 114, 11, 54, 2, -18,
        30, '', 0, 33, 0, 1.25, 100, 100, 100),
       (7, 27, 27, 2451, 0, 1188, 837, 138, 138, 138, 138, 175, 175, 138, 116, 116, 116, 116, 116, 116, 11, 56, 2, -18,
        30, '', 0, 34, 0, 1.25, 100, 100, 100),
       (7, 28, 28, 2563, 0, 1232, 868, 143, 143, 143, 143, 178, 178, 143, 120, 120, 120, 120, 120, 120, 11, 57, 2, -18,
        30, '', 0, 34, 0, 1.25, 100, 100, 100),
       (7, 29, 29, 2678, 0, 1276, 899, 146, 146, 146, 146, 181, 181, 146, 124, 124, 124, 124, 124, 124, 12, 59, 2, -18,
        30, '', 0, 34, 0, 1.25, 100, 100, 100),
       (7, 30, 30, 2795, 0, 1320, 930, 153, 153, 153, 153, 184, 184, 153, 126, 126, 126, 126, 126, 126, 12, 60, 2, -18,
        30, '', 0, 35, 0, 1.25, 100, 100, 100),
       (7, 31, 31, 2915, 0, 1364, 961, 156, 156, 156, 156, 187, 187, 156, 128, 128, 128, 128, 128, 128, 12, 61, 2, -18,
        30, '', 0, 35, 0, 1.25, 100, 100, 100),
       (7, 32, 32, 3038, 0, 1408, 992, 161, 161, 161, 161, 190, 190, 161, 134, 134, 134, 134, 134, 134, 12, 63, 2, -18,
        30, '', 0, 35, 0, 1.25, 100, 100, 100),
       (7, 33, 33, 3163, 0, 1452, 1023, 164, 164, 164, 164, 193, 193, 164, 136, 136, 136, 136, 136, 136, 13, 64, 2, -18,
        30, '', 0, 36, 0, 1.25, 100, 100, 100),
       (7, 34, 34, 3291, 0, 1496, 1054, 169, 169, 169, 169, 196, 196, 169, 138, 138, 138, 138, 138, 138, 13, 66, 2, -18,
        30, '', 0, 36, 0, 1.25, 100, 100, 100),
       (7, 35, 35, 3422, 0, 1540, 1085, 173, 173, 173, 173, 199, 199, 173, 142, 142, 142, 142, 142, 142, 13, 67, 2, -18,
        30, '', 0, 36, 0, 1.25, 100, 100, 100),
       (7, 36, 36, 3556, 0, 1584, 1116, 178, 178, 178, 178, 202, 202, 178, 146, 146, 146, 146, 146, 146, 13, 68, 2, -18,
        30, '', 0, 37, 0, 1.25, 100, 100, 100),
       (7, 37, 37, 3693, 0, 1628, 1147, 182, 182, 182, 182, 205, 205, 182, 148, 148, 148, 148, 148, 148, 14, 70, 2, -18,
        30, '', 0, 37, 0, 1.25, 100, 100, 100),
       (7, 38, 38, 3833, 0, 1672, 1178, 188, 188, 188, 188, 208, 208, 188, 152, 152, 152, 152, 152, 152, 14, 71, 2, -18,
        30, '', 0, 37, 0, 1.25, 100, 100, 100),
       (7, 39, 39, 3977, 0, 1716, 1209, 192, 192, 192, 192, 211, 211, 192, 154, 154, 154, 154, 154, 154, 14, 73, 2, -18,
        30, '', 0, 38, 0, 1.25, 100, 100, 100),
       (7, 40, 40, 4124, 0, 1760, 1240, 200, 200, 200, 200, 214, 214, 200, 158, 158, 158, 158, 158, 158, 14, 74, 2, -18,
        30, '', 0, 38, 0, 1.25, 100, 100, 100),
       (7, 41, 41, 4274, 0, 1804, 1271, 204, 204, 204, 204, 217, 217, 204, 162, 162, 162, 162, 162, 162, 15, 75, 2, -18,
        30, '', 0, 38, 0, 1.25, 100, 100, 100),
       (7, 42, 42, 4428, 0, 1848, 1302, 210, 210, 210, 210, 220, 220, 210, 164, 164, 164, 164, 164, 164, 15, 77, 2, -18,
        30, '', 0, 39, 0, 1.25, 100, 100, 100),
       (7, 43, 43, 4585, 0, 1892, 1333, 214, 214, 214, 214, 223, 223, 214, 166, 166, 166, 166, 166, 166, 15, 78, 2, -18,
        30, '', 0, 39, 0, 1.25, 100, 100, 100),
       (7, 44, 44, 4746, 0, 1936, 1364, 220, 220, 220, 220, 226, 226, 220, 172, 172, 172, 172, 172, 172, 15, 80, 2, -18,
        30, '', 0, 39, 0, 1.25, 100, 100, 100),
       (7, 45, 45, 4911, 0, 1980, 1395, 225, 225, 225, 225, 229, 229, 225, 174, 174, 174, 174, 174, 174, 16, 81, 2, -18,
        30, '', 0, 40, 0, 1.25, 100, 100, 100),
       (7, 46, 46, 5080, 0, 2024, 1426, 231, 231, 231, 231, 232, 232, 231, 176, 176, 176, 176, 176, 176, 16, 82, 2, -18,
        30, '', 0, 40, 0, 1.25, 100, 100, 100),
       (7, 47, 47, 5253, 0, 2068, 1457, 236, 236, 236, 236, 235, 235, 236, 180, 180, 180, 180, 180, 180, 16, 84, 3, -18,
        30, '', 0, 40, 0, 1.25, 100, 100, 100),
       (7, 48, 48, 5429, 0, 2112, 1488, 243, 243, 243, 243, 238, 238, 243, 184, 184, 184, 184, 184, 184, 16, 85, 3, -18,
        30, '', 0, 41, 0, 1.25, 100, 100, 100),
       (7, 49, 49, 5610, 0, 2156, 1519, 248, 248, 248, 248, 241, 241, 248, 186, 186, 186, 186, 186, 186, 17, 87, 3, -18,
        30, '', 0, 41, 0, 1.25, 100, 100, 100),
       (7, 50, 50, 5795, 0, 2200, 1550, 257, 257, 257, 257, 244, 244, 257, 190, 190, 190, 190, 190, 190, 17, 88, 3, -18,
        30, '', 0, 41, 0, 1.25, 100, 100, 100),
       (7, 51, 51, 5985, 0, 2244, 1581, 262, 262, 262, 262, 247, 247, 262, 192, 192, 192, 192, 192, 192, 17, 89, 3, -18,
        30, '', 0, 42, 0, 1.25, 100, 100, 100),
       (7, 52, 52, 6178, 0, 2288, 1612, 269, 269, 269, 269, 250, 250, 269, 196, 196, 196, 196, 196, 196, 17, 91, 3, -18,
        30, '', 0, 42, 0, 1.61, 100, 100, 100),
       (7, 53, 53, 6376, 0, 2332, 1643, 274, 274, 274, 274, 253, 253, 274, 200, 200, 200, 200, 200, 200, 18, 92, 3, -18,
        30, '', 0, 42, 0, 1.61, 100, 100, 100),
       (7, 54, 54, 6579, 0, 2376, 1674, 281, 281, 281, 281, 256, 256, 281, 202, 202, 202, 202, 202, 202, 18, 94, 3, -18,
        30, '', 0, 43, 0, 1.61, 100, 100, 100),
       (7, 55, 55, 6786, 0, 2420, 1705, 287, 287, 287, 287, 259, 259, 287, 204, 204, 204, 204, 204, 204, 18, 95, 3, -18,
        30, '', 0, 43, 0, 1.61, 100, 100, 100),
       (7, 56, 56, 6998, 0, 2464, 1736, 294, 294, 294, 294, 262, 262, 294, 210, 210, 210, 210, 210, 210, 18, 96, 3, -18,
        30, '', 0, 43, 0, 1.61, 100, 100, 100),
       (7, 57, 57, 7215, 0, 2508, 1767, 300, 300, 300, 300, 265, 265, 300, 212, 212, 212, 212, 212, 212, 19, 98, 3, -18,
        30, '', 0, 44, 0, 1.61, 100, 100, 100),
       (7, 58, 58, 7437, 0, 2552, 1798, 308, 308, 308, 308, 268, 268, 308, 214, 214, 214, 214, 214, 214, 19, 99, 3, -18,
        30, '', 0, 44, 0, 1.61, 100, 100, 100),
       (7, 59, 59, 7663, 0, 2596, 1829, 314, 314, 314, 314, 271, 271, 314, 218, 218, 218, 218, 218, 218, 19, 101, 3,
        -18, 30, '', 0, 44, 0, 1.61, 100, 100, 100),
       (7, 60, 60, 7895, 0, 2640, 1860, 324, 324, 324, 324, 274, 274, 324, 222, 222, 222, 222, 222, 222, 19, 102, 3,
        -18, 30, '', 0, 45, 0, 1.61, 100, 100, 100),
       (7, 61, 61, 8132, 0, 2684, 1891, 330, 330, 330, 330, 277, 277, 330, 224, 224, 224, 224, 224, 224, 23, 118, 4,
        -26, 27, '', 0, 45, 0, 1.61, 100, 100, 100),
       (7, 62, 62, 8374, 0, 2728, 1922, 338, 338, 338, 338, 280, 280, 338, 228, 228, 228, 228, 228, 228, 26, 135, 4,
        -27, 26, '', 0, 45, 0, 1.61, 100, 100, 100),
       (7, 63, 63, 8622, 0, 2772, 1953, 344, 344, 344, 344, 283, 283, 344, 230, 230, 230, 230, 230, 230, 29, 151, 4,
        -27, 26, '', 0, 46, 0, 1.61, 100, 100, 100),
       (7, 64, 64, 8874, 0, 2816, 1984, 352, 352, 352, 352, 286, 286, 352, 234, 234, 234, 234, 234, 234, 32, 168, 4,
        -28, 26, '', 0, 46, 0, 1.61, 100, 100, 100),
       (7, 65, 65, 9133, 0, 2860, 2015, 359, 359, 359, 359, 289, 289, 359, 238, 238, 238, 238, 238, 238, 36, 184, 4,
        -28, 26, '', 0, 46, 0, 1.61, 100, 100, 100),
       (7, 66, 66, 9397, 0, 2904, 2046, 397, 397, 397, 397, 322, 322, 397, 240, 240, 240, 240, 240, 240, 39, 200, 4,
        -29, 26, '', 0, 47, 0, 1.61, 100, 100, 100),
       (7, 67, 67, 9666, 0, 2948, 2077, 409, 409, 409, 409, 330, 330, 409, 242, 242, 242, 242, 242, 242, 42, 217, 4,
        -29, 26, '', 0, 47, 0, 1.61, 100, 100, 100),
       (7, 68, 68, 9941, 0, 2992, 2108, 423, 423, 423, 423, 338, 338, 423, 248, 248, 248, 248, 248, 248, 45, 233, 4,
        -30, 25, '', 0, 47, 0, 1.61, 100, 100, 100),
       (7, 69, 69, 10222, 0, 3036, 2139, 435, 435, 435, 435, 346, 346, 435, 250, 250, 250, 250, 250, 250, 49, 250, 4,
        -30, 25, '', 0, 48, 0, 1.61, 100, 100, 100),
       (7, 70, 70, 10510, 0, 3080, 2170, 451, 451, 451, 451, 354, 354, 451, 252, 252, 252, 252, 252, 252, 52, 266, 4,
        -31, 25, '', 0, 48, 0, 1.61, 100, 100, 100),
       (7, 71, 71, 10803, 0, 3124, 2201, 463, 463, 463, 463, 362, 362, 463, 256, 256, 256, 256, 256, 256, 55, 282, 4,
        -31, 25, '', 0, 48, 0, 1.61, 100, 100, 100),
       (7, 72, 72, 11102, 0, 3168, 2232, 477, 477, 477, 477, 370, 370, 477, 260, 260, 260, 260, 260, 260, 58, 299, 4,
        -32, 24, '', 0, 49, 0, 1.61, 100, 100, 100),
       (7, 73, 73, 11407, 0, 3212, 2263, 489, 489, 489, 489, 378, 378, 489, 262, 262, 262, 262, 262, 262, 62, 315, 4,
        -32, 24, '', 0, 49, 0, 1.61, 100, 100, 100),
       (7, 74, 74, 11718, 0, 3256, 2294, 503, 503, 503, 503, 386, 386, 503, 266, 266, 266, 266, 266, 266, 65, 332, 4,
        -33, 24, '', 0, 49, 0, 1.61, 100, 100, 100),
       (7, 75, 75, 12036, 0, 3300, 2325, 516, 516, 516, 516, 394, 394, 516, 268, 268, 268, 268, 268, 268, 68, 348, 4,
        -33, 24, '', 0, 50, 0, 1.61, 100, 100, 100),
       (7, 76, 76, 12361, 0, 3344, 2356, 530, 530, 530, 530, 402, 402, 530, 272, 272, 272, 272, 272, 272, 71, 364, 4,
        -34, 24, '', 0, 50, 0, 1.61, 100, 100, 100),
       (7, 77, 77, 12691, 0, 3388, 2387, 543, 543, 543, 543, 410, 410, 543, 276, 276, 276, 276, 276, 276, 75, 381, 4,
        -34, 24, '', 0, 50, 0, 1.61, 100, 100, 100),
       (7, 78, 78, 13029, 0, 3432, 2418, 558, 558, 558, 558, 418, 418, 558, 278, 278, 278, 278, 278, 278, 78, 397, 4,
        -35, 23, '', 0, 51, 0, 1.61, 100, 100, 100),
       (7, 79, 79, 13373, 0, 3476, 2449, 571, 571, 571, 571, 426, 426, 571, 280, 280, 280, 280, 280, 280, 81, 414, 4,
        -35, 23, '', 0, 51, 0, 1.61, 100, 100, 100),
       (7, 80, 80, 13724, 0, 3520, 2480, 588, 588, 588, 588, 434, 434, 588, 286, 286, 286, 286, 286, 286, 84, 430, 4,
        -36, 23, '', 0, 51, 0, 1.61, 100, 100, 100),
       (7, 81, 81, 14082, 0, 3564, 2511, 601, 601, 601, 601, 442, 442, 601, 288, 288, 288, 288, 288, 288, 88, 446, 4,
        -36, 23, '', 0, 52, 0, 1.61, 100, 100, 100),
       (7, 82, 82, 14446, 0, 3608, 2542, 616, 616, 616, 616, 450, 450, 616, 290, 290, 290, 290, 290, 290, 91, 463, 4,
        -37, 23, '', 0, 52, 0, 1.61, 100, 100, 100),
       (7, 83, 83, 14818, 0, 3652, 2573, 629, 629, 629, 629, 458, 458, 629, 294, 294, 294, 294, 294, 294, 94, 479, 4,
        -37, 23, '', 0, 52, 0, 1.61, 100, 100, 100),
       (7, 84, 84, 15197, 0, 3696, 2604, 644, 644, 644, 644, 466, 466, 644, 298, 298, 298, 298, 298, 298, 97, 496, 4,
        -38, 22, '', 0, 53, 0, 1.61, 100, 100, 100),
       (7, 85, 85, 15583, 0, 3740, 2635, 658, 658, 658, 658, 474, 474, 658, 300, 300, 300, 300, 300, 300, 101, 512, 4,
        -40, 22, '', 0, 53, 0, 1.61, 100, 100, 100),
       (11, 1, 1, 43, 29, 27, 17, 56, 56, 56, 56, 106, 106, 56, 15, 15, 15, 15, 15, 15, 1, 8, 1, -18, 30, '', 0, 8, 5,
        1.25, 100, 100, 100),
       (11, 2, 2, 76, 59, 54, 33, 57, 57, 57, 57, 110, 110, 57, 17, 17, 17, 17, 17, 17, 1, 10, 1, -18, 30, '', 0, 8, 5,
        1.25, 100, 100, 100),
       (11, 3, 3, 109, 91, 81, 51, 57, 57, 57, 57, 113, 113, 57, 19, 19, 19, 19, 19, 19, 2, 11, 1, -18, 30, '', 0, 8, 5,
        1.25, 100, 100, 100),
       (11, 4, 4, 142, 125, 108, 67, 58, 58, 58, 58, 117, 117, 58, 22, 22, 22, 22, 22, 22, 2, 13, 1, -18, 30, '', 0, 9,
        5, 1.25, 100, 100, 100),
       (11, 5, 5, 176, 160, 135, 84, 59, 59, 59, 59, 120, 120, 59, 24, 24, 24, 24, 24, 24, 2, 14, 1, -18, 30, '', 0, 9,
        6, 1.25, 100, 100, 100),
       (11, 6, 6, 210, 197, 162, 101, 60, 60, 60, 60, 124, 124, 60, 26, 26, 26, 26, 26, 26, 2, 15, 1, -18, 30, '', 0, 9,
        6, 1.25, 100, 100, 100),
       (11, 7, 7, 245, 235, 189, 118, 61, 61, 61, 61, 127, 127, 61, 28, 28, 28, 28, 28, 28, 3, 17, 1, -18, 30, '', 0, 9,
        6, 1.25, 100, 100, 100),
       (11, 8, 8, 280, 275, 216, 134, 62, 62, 62, 62, 131, 131, 62, 31, 31, 31, 31, 31, 31, 3, 18, 1, -18, 30, '', 0,
        10, 6, 1.25, 100, 100, 100),
       (11, 9, 9, 315, 317, 243, 152, 63, 63, 63, 63, 134, 134, 63, 33, 33, 33, 33, 33, 33, 3, 20, 1, -18, 30, '', 0,
        10, 6, 1.25, 100, 100, 100),
       (11, 10, 10, 351, 360, 270, 168, 66, 66, 66, 66, 138, 138, 66, 35, 35, 35, 35, 35, 35, 3, 21, 1, -18, 30, '', 0,
        10, 7, 1.25, 100, 100, 100),
       (11, 11, 11, 388, 405, 297, 185, 67, 67, 67, 67, 141, 141, 67, 37, 37, 37, 37, 37, 37, 4, 22, 1, -18, 30, '', 0,
        10, 7, 1.25, 100, 100, 100),
       (11, 12, 12, 426, 451, 324, 202, 69, 69, 69, 69, 145, 145, 69, 40, 40, 40, 40, 40, 40, 4, 24, 1, -18, 30, '', 0,
        11, 7, 1.25, 100, 100, 100),
       (11, 13, 13, 464, 499, 351, 219, 70, 70, 70, 70, 148, 148, 70, 42, 42, 42, 42, 42, 42, 4, 25, 1, -18, 30, '', 0,
        11, 7, 1.25, 100, 100, 100),
       (11, 14, 14, 504, 549, 378, 235, 72, 72, 72, 72, 152, 152, 72, 44, 44, 44, 44, 44, 44, 4, 27, 1, -18, 30, '', 0,
        11, 7, 1.25, 100, 100, 100),
       (11, 15, 15, 544, 600, 405, 253, 74, 74, 74, 74, 155, 155, 74, 46, 46, 46, 46, 46, 46, 5, 28, 1, -18, 30, '', 0,
        11, 8, 1.25, 100, 100, 100),
       (11, 16, 16, 586, 653, 432, 269, 76, 76, 76, 76, 159, 159, 76, 49, 49, 49, 49, 49, 49, 5, 29, 1, -18, 30, '', 0,
        12, 8, 1.25, 100, 100, 100),
       (11, 17, 17, 628, 707, 459, 286, 78, 78, 78, 78, 162, 162, 78, 51, 51, 51, 51, 51, 51, 5, 31, 1, -18, 30, '', 0,
        12, 8, 1.25, 100, 100, 100),
       (11, 18, 18, 672, 763, 486, 303, 80, 80, 80, 80, 166, 166, 80, 53, 53, 53, 53, 53, 53, 5, 32, 1, -18, 30, '', 0,
        12, 8, 1.25, 100, 100, 100),
       (11, 19, 19, 717, 821, 513, 320, 82, 82, 82, 82, 169, 169, 82, 55, 55, 55, 55, 55, 55, 6, 34, 1, -18, 30, '', 0,
        12, 8, 1.25, 100, 100, 100),
       (11, 20, 20, 764, 880, 540, 336, 86, 86, 86, 86, 173, 173, 86, 58, 58, 58, 58, 58, 58, 6, 35, 1, -18, 30, '', 0,
        13, 9, 1.25, 100, 100, 100),
       (11, 21, 21, 811, 941, 567, 354, 88, 88, 88, 88, 176, 176, 88, 60, 60, 60, 60, 60, 60, 6, 36, 1, -18, 30, '', 0,
        13, 9, 1.25, 100, 100, 100),
       (11, 22, 22, 861, 1003, 594, 370, 91, 91, 91, 91, 180, 180, 91, 62, 62, 62, 62, 62, 62, 6, 38, 1, -18, 30, '', 0,
        13, 9, 1.25, 100, 100, 100),
       (11, 23, 23, 912, 1067, 621, 387, 93, 93, 93, 93, 183, 183, 93, 64, 64, 64, 64, 64, 64, 7, 39, 1, -18, 30, '', 0,
        13, 9, 1.25, 100, 100, 100),
       (11, 24, 24, 964, 1133, 648, 404, 96, 96, 96, 96, 187, 187, 96, 67, 67, 67, 67, 67, 67, 7, 41, 1, -18, 30, '', 0,
        14, 9, 1.25, 100, 100, 100),
       (11, 25, 25, 1018, 1200, 675, 421, 98, 98, 98, 98, 190, 190, 98, 69, 69, 69, 69, 69, 69, 7, 42, 1, -18, 30, '',
        0, 14, 10, 1.25, 100, 100, 100),
       (11, 26, 26, 1074, 1269, 702, 437, 101, 101, 101, 101, 194, 194, 101, 71, 71, 71, 71, 71, 71, 7, 43, 1, -18, 30,
        '', 0, 14, 10, 1.25, 100, 100, 100),
       (11, 27, 27, 1132, 1339, 729, 455, 104, 104, 104, 104, 197, 197, 104, 73, 73, 73, 73, 73, 73, 8, 45, 1, -18, 30,
        '', 0, 14, 10, 1.25, 100, 100, 100),
       (11, 28, 28, 1192, 1411, 756, 471, 107, 107, 107, 107, 201, 201, 107, 76, 76, 76, 76, 76, 76, 8, 46, 1, -18, 30,
        '', 0, 15, 10, 1.25, 100, 100, 100),
       (11, 29, 29, 1253, 1485, 783, 488, 110, 110, 110, 110, 204, 204, 110, 78, 78, 78, 78, 78, 78, 8, 48, 1, -18, 30,
        '', 0, 15, 10, 1.25, 100, 100, 100),
       (11, 30, 30, 1317, 1560, 810, 505, 114, 114, 114, 114, 208, 208, 114, 80, 80, 80, 80, 80, 80, 8, 49, 1, -18, 30,
        '', 0, 15, 11, 1.25, 100, 100, 100),
       (11, 31, 31, 1383, 1637, 837, 522, 117, 117, 117, 117, 211, 211, 117, 82, 82, 82, 82, 82, 82, 9, 50, 1, -18, 30,
        '', 0, 15, 11, 1.25, 100, 100, 100),
       (11, 32, 32, 1451, 1715, 864, 538, 121, 121, 121, 121, 215, 215, 121, 85, 85, 85, 85, 85, 85, 9, 52, 1, -18, 30,
        '', 0, 16, 11, 1.25, 100, 100, 100),
       (11, 33, 33, 1521, 1795, 891, 556, 124, 124, 124, 124, 218, 218, 124, 87, 87, 87, 87, 87, 87, 9, 53, 1, -18, 30,
        '', 0, 16, 11, 1.25, 100, 100, 100),
       (11, 34, 34, 1594, 1877, 918, 572, 128, 128, 128, 128, 222, 222, 128, 89, 89, 89, 89, 89, 89, 9, 55, 1, -18, 30,
        '', 0, 16, 11, 1.25, 100, 100, 100),
       (11, 35, 35, 1669, 1960, 945, 589, 131, 131, 131, 131, 225, 225, 131, 91, 91, 91, 91, 91, 91, 10, 56, 1, -18, 30,
        '', 0, 16, 12, 1.25, 100, 100, 100),
       (11, 36, 36, 1746, 2045, 972, 606, 135, 135, 135, 135, 229, 229, 135, 94, 94, 94, 94, 94, 94, 10, 57, 1, -18, 30,
        '', 0, 17, 12, 1.25, 100, 100, 100),
       (11, 37, 37, 1826, 2131, 999, 623, 139, 139, 139, 139, 232, 232, 139, 96, 96, 96, 96, 96, 96, 10, 59, 1, -18, 30,
        '', 0, 17, 12, 1.25, 100, 100, 100),
       (11, 38, 38, 1909, 2219, 1026, 639, 143, 143, 143, 143, 236, 236, 143, 98, 98, 98, 98, 98, 98, 10, 60, 1, -18,
        30, '', 0, 17, 12, 1.25, 100, 100, 100),
       (11, 39, 39, 1994, 2309, 1053, 657, 147, 147, 147, 147, 239, 239, 147, 100, 100, 100, 100, 100, 100, 11, 62, 1,
        -18, 30, '', 0, 17, 12, 1.25, 100, 100, 100),
       (11, 40, 40, 2082, 2400, 1080, 673, 152, 152, 152, 152, 243, 243, 152, 103, 103, 103, 103, 103, 103, 11, 63, 1,
        -18, 30, '', 0, 18, 13, 1.25, 100, 100, 100),
       (11, 41, 41, 2173, 2493, 1107, 690, 156, 156, 156, 156, 246, 246, 156, 105, 105, 105, 105, 105, 105, 11, 64, 1,
        -18, 30, '', 0, 18, 13, 1.25, 100, 100, 100),
       (11, 42, 42, 2267, 2587, 1134, 707, 161, 161, 161, 161, 250, 250, 161, 107, 107, 107, 107, 107, 107, 11, 66, 1,
        -18, 30, '', 0, 18, 13, 1.25, 100, 100, 100),
       (11, 43, 43, 2364, 2683, 1161, 724, 165, 165, 165, 165, 253, 253, 165, 109, 109, 109, 109, 109, 109, 12, 67, 1,
        -18, 30, '', 0, 18, 13, 1.25, 100, 100, 100),
       (11, 44, 44, 2464, 2781, 1188, 740, 170, 170, 170, 170, 257, 257, 170, 112, 112, 112, 112, 112, 112, 12, 69, 1,
        -18, 30, '', 0, 19, 13, 1.25, 100, 100, 100),
       (11, 45, 45, 2567, 2880, 1215, 758, 174, 174, 174, 174, 260, 260, 174, 114, 114, 114, 114, 114, 114, 12, 70, 1,
        -18, 30, '', 0, 19, 14, 1.25, 100, 100, 100),
       (11, 46, 46, 2673, 2981, 1242, 774, 179, 179, 179, 179, 264, 264, 179, 116, 116, 116, 116, 116, 116, 12, 71, 1,
        -18, 30, '', 0, 19, 14, 1.25, 100, 100, 100),
       (11, 47, 47, 2782, 3083, 1269, 791, 183, 183, 183, 183, 267, 267, 183, 118, 118, 118, 118, 118, 118, 13, 73, 1,
        -18, 30, '', 0, 19, 14, 1.25, 100, 100, 100),
       (11, 48, 48, 2895, 3187, 1296, 808, 188, 188, 188, 188, 271, 271, 188, 121, 121, 121, 121, 121, 121, 13, 74, 1,
        -18, 30, '', 0, 20, 14, 1.25, 100, 100, 100),
       (11, 49, 49, 3011, 3293, 1323, 825, 193, 193, 193, 193, 274, 274, 193, 123, 123, 123, 123, 123, 123, 13, 76, 1,
        -18, 30, '', 0, 20, 14, 1.25, 100, 100, 100),
       (11, 50, 50, 3130, 3400, 1350, 841, 199, 199, 199, 199, 278, 278, 199, 125, 125, 125, 125, 125, 125, 13, 77, 1,
        -18, 30, '', 0, 20, 15, 1.25, 100, 100, 100),
       (11, 51, 51, 3253, 3509, 1377, 859, 204, 204, 204, 204, 281, 281, 204, 127, 127, 127, 127, 127, 127, 14, 78, 1,
        -18, 30, '', 0, 20, 15, 1.25, 100, 100, 100),
       (11, 52, 52, 3380, 3619, 1404, 875, 209, 209, 209, 209, 285, 285, 209, 130, 130, 130, 130, 130, 130, 14, 80, 1,
        -18, 30, '', 0, 21, 15, 1.25, 100, 100, 100),
       (11, 53, 53, 3510, 3731, 1431, 892, 214, 214, 214, 214, 288, 288, 214, 132, 132, 132, 132, 132, 132, 14, 81, 1,
        -18, 30, '', 0, 21, 15, 1.25, 100, 100, 100),
       (11, 54, 54, 3644, 3845, 1458, 909, 220, 220, 220, 220, 292, 292, 220, 134, 134, 134, 134, 134, 134, 14, 83, 1,
        -18, 30, '', 0, 21, 15, 1.25, 100, 100, 100),
       (11, 55, 55, 3782, 3960, 1485, 926, 225, 225, 225, 225, 295, 295, 225, 136, 136, 136, 136, 136, 136, 15, 84, 1,
        -18, 30, '', 0, 21, 16, 1.25, 100, 100, 100),
       (11, 56, 56, 3924, 4077, 1512, 942, 231, 231, 231, 231, 299, 299, 231, 139, 139, 139, 139, 139, 139, 15, 85, 1,
        -18, 30, '', 0, 22, 16, 1.25, 100, 100, 100),
       (11, 57, 57, 4069, 4195, 1539, 960, 236, 236, 236, 236, 302, 302, 236, 141, 141, 141, 141, 141, 141, 15, 87, 1,
        -18, 30, '', 0, 22, 16, 1.25, 100, 100, 100),
       (11, 58, 58, 4219, 4315, 1566, 976, 242, 242, 242, 242, 306, 306, 242, 143, 143, 143, 143, 143, 143, 15, 88, 1,
        -18, 30, '', 0, 22, 16, 1.25, 100, 100, 100),
       (11, 59, 59, 4373, 4437, 1593, 993, 248, 248, 248, 248, 309, 309, 248, 145, 145, 145, 145, 145, 145, 16, 90, 1,
        -18, 30, '', 0, 22, 16, 1.25, 100, 100, 100),
       (11, 60, 60, 4531, 4560, 1620, 1010, 255, 255, 255, 255, 313, 313, 255, 148, 148, 148, 148, 148, 148, 16, 91, 1,
        -18, 30, '', 0, 23, 17, 1.25, 100, 100, 100),
       (11, 61, 61, 4693, 4685, 1647, 1027, 261, 261, 261, 261, 316, 316, 261, 150, 150, 150, 150, 150, 150, 16, 92, 1,
        -18, 30, '', 0, 23, 17, 1.25, 100, 100, 100),
       (11, 62, 62, 4859, 4811, 1674, 1043, 267, 267, 267, 267, 320, 320, 267, 152, 152, 152, 152, 152, 152, 16, 94, 1,
        -18, 30, '', 0, 23, 17, 1.25, 100, 100, 100),
       (11, 63, 63, 5030, 4939, 1701, 1061, 273, 273, 273, 273, 323, 323, 273, 154, 154, 154, 154, 154, 154, 17, 95, 1,
        -18, 30, '', 0, 23, 17, 1.25, 100, 100, 100),
       (11, 64, 64, 5206, 5069, 1728, 1077, 280, 280, 280, 280, 327, 327, 280, 157, 157, 157, 157, 157, 157, 17, 97, 1,
        -18, 30, '', 0, 24, 17, 1.25, 100, 100, 100),
       (11, 65, 65, 5385, 5200, 1755, 1094, 286, 286, 286, 286, 330, 330, 286, 159, 159, 159, 159, 159, 159, 17, 98, 1,
        -18, 30, '', 0, 24, 18, 1.25, 100, 100, 100),
       (11, 66, 66, 5570, 5333, 1782, 1111, 323, 323, 323, 323, 364, 364, 323, 161, 161, 161, 161, 161, 161, 17, 99, 1,
        -18, 30, '', 0, 24, 18, 1.25, 100, 100, 100),
       (11, 67, 67, 5759, 5467, 1809, 1128, 334, 334, 334, 334, 372, 372, 334, 163, 163, 163, 163, 163, 163, 18, 101, 1,
        -18, 30, '', 0, 24, 18, 1.25, 100, 100, 100),
       (11, 68, 68, 5953, 5603, 1836, 1144, 346, 346, 346, 346, 381, 381, 346, 166, 166, 166, 166, 166, 166, 18, 102, 1,
        -18, 30, '', 0, 25, 18, 1.25, 100, 100, 100),
       (11, 69, 69, 6151, 5741, 1863, 1162, 357, 357, 357, 357, 389, 389, 357, 168, 168, 168, 168, 168, 168, 18, 104, 1,
        -18, 30, '', 0, 25, 18, 1.25, 100, 100, 100),
       (11, 70, 70, 6355, 5880, 1890, 1178, 370, 370, 370, 370, 398, 398, 370, 170, 170, 170, 170, 170, 170, 18, 105, 1,
        -18, 30, '', 0, 25, 19, 1.25, 100, 100, 100),
       (11, 71, 71, 6563, 6021, 1917, 1195, 382, 382, 382, 382, 406, 406, 382, 172, 172, 172, 172, 172, 172, 19, 106, 1,
        -18, 30, '', 0, 25, 19, 1.25, 100, 100, 100),
       (11, 72, 72, 6777, 6163, 1944, 1212, 394, 394, 394, 394, 415, 415, 394, 175, 175, 175, 175, 175, 175, 19, 108, 1,
        -18, 30, '', 0, 26, 19, 1.25, 100, 100, 100),
       (11, 73, 73, 6995, 6307, 1971, 1229, 406, 406, 406, 406, 423, 423, 406, 177, 177, 177, 177, 177, 177, 19, 109, 1,
        -18, 30, '', 0, 26, 19, 1.25, 100, 100, 100),
       (11, 74, 74, 7219, 6453, 1998, 1245, 418, 418, 418, 418, 432, 432, 418, 179, 179, 179, 179, 179, 179, 19, 111, 1,
        -18, 30, '', 0, 26, 19, 1.25, 100, 100, 100),
       (11, 75, 75, 7448, 6600, 2025, 1263, 430, 430, 430, 430, 440, 440, 430, 181, 181, 181, 181, 181, 181, 20, 112, 1,
        -18, 30, '', 0, 26, 20, 1.25, 100, 100, 100),
       (11, 76, 76, 7682, 6749, 2052, 1279, 443, 443, 443, 443, 449, 449, 443, 184, 184, 184, 184, 184, 184, 20, 113, 1,
        -18, 30, '', 0, 27, 20, 1.25, 100, 100, 100),
       (11, 77, 77, 7921, 6899, 2079, 1296, 455, 455, 455, 455, 457, 457, 455, 186, 186, 186, 186, 186, 186, 20, 115, 1,
        -18, 30, '', 0, 27, 20, 1.25, 100, 100, 100),
       (11, 78, 78, 8166, 7051, 2106, 1313, 468, 468, 468, 468, 466, 466, 468, 188, 188, 188, 188, 188, 188, 20, 116, 1,
        -18, 30, '', 0, 27, 20, 1.25, 100, 100, 100),
       (11, 79, 79, 8417, 7205, 2133, 1330, 480, 480, 480, 480, 474, 474, 480, 190, 190, 190, 190, 190, 190, 21, 118, 1,
        -18, 30, '', 0, 27, 20, 1.25, 100, 100, 100),
       (11, 80, 80, 8673, 7360, 2160, 1346, 494, 494, 494, 494, 483, 483, 494, 193, 193, 193, 193, 193, 193, 21, 119, 1,
        -18, 30, '', 0, 28, 21, 1.25, 100, 100, 100),
       (11, 81, 81, 8935, 7517, 2187, 1364, 507, 507, 507, 507, 491, 491, 507, 195, 195, 195, 195, 195, 195, 21, 120, 1,
        -18, 30, '', 0, 28, 21, 1.25, 100, 100, 100),
       (11, 82, 82, 9202, 7675, 2214, 1380, 520, 520, 520, 520, 500, 500, 520, 197, 197, 197, 197, 197, 197, 21, 122, 1,
        -18, 30, '', 0, 28, 21, 1.25, 100, 100, 100),
       (11, 83, 83, 9475, 7835, 2241, 1397, 533, 533, 533, 533, 508, 508, 533, 199, 199, 199, 199, 199, 199, 22, 123, 1,
        -18, 30, '', 0, 28, 21, 1.25, 100, 100, 100),
       (11, 84, 84, 9754, 7997, 2268, 1414, 546, 546, 546, 546, 517, 517, 546, 202, 202, 202, 202, 202, 202, 22, 125, 1,
        -18, 30, '', 0, 29, 21, 1.25, 100, 100, 100),
       (11, 85, 85, 10040, 8160, 2295, 1431, 559, 559, 559, 559, 525, 525, 559, 204, 204, 204, 204, 204, 204, 22, 126,
        1, -18, 30, '', 0, 29, 22, 1.25, 100, 100, 100),
       (12, 1, 1, 46, 32, 28, 17, 57, 57, 57, 57, 109, 109, 57, 18, 18, 18, 18, 18, 18, 1, 10, 1, -18, 30, '', 0, 9, 6,
        1.25, 100, 100, 100),
       (12, 2, 2, 82, 65, 56, 34, 58, 58, 58, 58, 113, 113, 58, 20, 20, 20, 20, 20, 20, 2, 11, 1, -18, 30, '', 0, 9, 6,
        1.25, 100, 100, 100),
       (12, 3, 3, 118, 100, 84, 52, 58, 58, 58, 58, 116, 116, 58, 22, 22, 22, 22, 22, 22, 2, 13, 1, -18, 30, '', 0, 9,
        6, 1.25, 100, 100, 100),
       (12, 4, 4, 154, 137, 112, 68, 59, 59, 59, 59, 120, 120, 59, 26, 26, 26, 26, 26, 26, 2, 14, 1, -18, 30, '', 0, 10,
        6, 1.25, 100, 100, 100),
       (12, 5, 5, 191, 175, 140, 86, 60, 60, 60, 60, 123, 123, 60, 28, 28, 28, 28, 28, 28, 2, 15, 1, -18, 30, '', 0, 10,
        7, 1.25, 100, 100, 100),
       (12, 6, 6, 228, 215, 168, 103, 61, 61, 61, 61, 127, 127, 61, 30, 30, 30, 30, 30, 30, 3, 17, 1, -18, 30, '', 0,
        10, 7, 1.25, 100, 100, 100),
       (12, 7, 7, 266, 256, 196, 120, 62, 62, 62, 62, 130, 130, 62, 32, 32, 32, 32, 32, 32, 3, 18, 1, -18, 30, '', 0,
        10, 7, 1.25, 100, 100, 100),
       (12, 8, 8, 304, 299, 224, 137, 63, 63, 63, 63, 134, 134, 63, 36, 36, 36, 36, 36, 36, 3, 20, 1, -18, 30, '', 0,
        11, 7, 1.25, 100, 100, 100),
       (12, 9, 9, 342, 344, 252, 155, 64, 64, 64, 64, 137, 137, 64, 38, 38, 38, 38, 38, 38, 3, 21, 1, -18, 30, '', 0,
        11, 7, 1.25, 100, 100, 100),
       (12, 10, 10, 381, 390, 280, 171, 68, 68, 68, 68, 141, 141, 68, 40, 40, 40, 40, 40, 40, 4, 22, 1, -18, 30, '', 0,
        11, 8, 1.25, 100, 100, 100),
       (12, 11, 11, 421, 438, 308, 189, 69, 69, 69, 69, 144, 144, 69, 42, 42, 42, 42, 42, 42, 4, 24, 1, -18, 30, '', 0,
        11, 8, 1.25, 100, 100, 100),
       (12, 12, 12, 462, 487, 336, 206, 71, 71, 71, 71, 148, 148, 71, 46, 46, 46, 46, 46, 46, 4, 25, 1, -18, 30, '', 0,
        12, 8, 1.25, 100, 100, 100),
       (12, 13, 13, 503, 538, 364, 223, 72, 72, 72, 72, 151, 151, 72, 48, 48, 48, 48, 48, 48, 4, 27, 1, -18, 30, '', 0,
        12, 8, 1.25, 100, 100, 100),
       (12, 14, 14, 546, 591, 392, 240, 74, 74, 74, 74, 155, 155, 74, 50, 50, 50, 50, 50, 50, 5, 28, 1, -18, 30, '', 0,
        12, 8, 1.25, 100, 100, 100),
       (12, 15, 15, 589, 645, 420, 258, 76, 76, 76, 76, 158, 158, 76, 52, 52, 52, 52, 52, 52, 5, 29, 1, -18, 30, '', 0,
        12, 9, 1.25, 100, 100, 100),
       (12, 16, 16, 634, 701, 448, 274, 78, 78, 78, 78, 162, 162, 78, 56, 56, 56, 56, 56, 56, 5, 31, 1, -18, 30, '', 0,
        13, 9, 1.25, 100, 100, 100),
       (12, 17, 17, 679, 758, 476, 292, 80, 80, 80, 80, 165, 165, 80, 58, 58, 58, 58, 58, 58, 5, 32, 1, -18, 30, '', 0,
        13, 9, 1.25, 100, 100, 100),
       (12, 18, 18, 726, 817, 504, 309, 82, 82, 82, 82, 169, 169, 82, 60, 60, 60, 60, 60, 60, 6, 34, 1, -18, 30, '', 0,
        13, 9, 1.25, 100, 100, 100),
       (12, 19, 19, 774, 878, 532, 326, 84, 84, 84, 84, 172, 172, 84, 62, 62, 62, 62, 62, 62, 6, 35, 1, -18, 30, '', 0,
        13, 9, 1.25, 100, 100, 100),
       (12, 20, 20, 824, 940, 560, 343, 89, 89, 89, 89, 176, 176, 89, 66, 66, 66, 66, 66, 66, 6, 36, 1, -18, 30, '', 0,
        14, 10, 1.25, 100, 100, 100),
       (12, 21, 21, 874, 1004, 588, 361, 91, 91, 91, 91, 179, 179, 91, 68, 68, 68, 68, 68, 68, 6, 38, 1, -18, 30, '', 0,
        14, 10, 1.25, 100, 100, 100),
       (12, 22, 22, 927, 1069, 616, 377, 94, 94, 94, 94, 183, 183, 94, 70, 70, 70, 70, 70, 70, 7, 39, 1, -18, 30, '', 0,
        14, 10, 1.25, 100, 100, 100),
       (12, 23, 23, 981, 1136, 644, 395, 96, 96, 96, 96, 186, 186, 96, 72, 72, 72, 72, 72, 72, 7, 41, 1, -18, 30, '', 0,
        14, 10, 1.25, 100, 100, 100),
       (12, 24, 24, 1036, 1205, 672, 412, 99, 99, 99, 99, 190, 190, 99, 76, 76, 76, 76, 76, 76, 7, 42, 1, -18, 30, '',
        0, 15, 10, 1.25, 100, 100, 100),
       (12, 25, 25, 1093, 1275, 700, 429, 101, 101, 101, 101, 193, 193, 101, 78, 78, 78, 78, 78, 78, 7, 43, 1, -18, 30,
        '', 0, 15, 11, 1.25, 100, 100, 100),
       (12, 26, 26, 1152, 1347, 728, 446, 104, 104, 104, 104, 197, 197, 104, 80, 80, 80, 80, 80, 80, 8, 45, 1, -18, 30,
        '', 0, 15, 11, 1.25, 100, 100, 100),
       (12, 27, 27, 1213, 1420, 756, 464, 107, 107, 107, 107, 200, 200, 107, 82, 82, 82, 82, 82, 82, 8, 46, 1, -18, 30,
        '', 0, 15, 11, 1.25, 100, 100, 100),
       (12, 28, 28, 1276, 1495, 784, 480, 110, 110, 110, 110, 204, 204, 110, 86, 86, 86, 86, 86, 86, 8, 48, 1, -18, 30,
        '', 0, 16, 11, 1.25, 100, 100, 100),
       (12, 29, 29, 1340, 1572, 812, 498, 113, 113, 113, 113, 207, 207, 113, 88, 88, 88, 88, 88, 88, 8, 49, 1, -18, 30,
        '', 0, 16, 11, 1.25, 100, 100, 100),
       (12, 30, 30, 1407, 1650, 840, 515, 118, 118, 118, 118, 211, 211, 118, 90, 90, 90, 90, 90, 90, 9, 50, 1, -18, 30,
        '', 0, 16, 12, 1.25, 100, 100, 100),
       (12, 31, 31, 1476, 1730, 868, 532, 121, 121, 121, 121, 214, 214, 121, 92, 92, 92, 92, 92, 92, 9, 52, 1, -18, 30,
        '', 0, 16, 12, 1.25, 100, 100, 100),
       (12, 32, 32, 1547, 1811, 896, 549, 125, 125, 125, 125, 218, 218, 125, 96, 96, 96, 96, 96, 96, 9, 53, 1, -18, 30,
        '', 0, 17, 12, 1.25, 100, 100, 100),
       (12, 33, 33, 1620, 1894, 924, 567, 128, 128, 128, 128, 221, 221, 128, 98, 98, 98, 98, 98, 98, 9, 55, 1, -18, 30,
        '', 0, 17, 12, 1.25, 100, 100, 100),
       (12, 34, 34, 1696, 1979, 952, 583, 132, 132, 132, 132, 225, 225, 132, 100, 100, 100, 100, 100, 100, 10, 56, 1,
        -18, 30, '', 0, 17, 12, 1.25, 100, 100, 100),
       (12, 35, 35, 1774, 2065, 980, 601, 135, 135, 135, 135, 228, 228, 135, 102, 102, 102, 102, 102, 102, 10, 57, 1,
        -18, 30, '', 0, 17, 13, 1.25, 100, 100, 100),
       (12, 36, 36, 1854, 2153, 1008, 618, 139, 139, 139, 139, 232, 232, 139, 106, 106, 106, 106, 106, 106, 10, 59, 1,
        -18, 30, '', 0, 18, 13, 1.25, 100, 100, 100),
       (12, 37, 37, 1937, 2242, 1036, 635, 143, 143, 143, 143, 235, 235, 143, 108, 108, 108, 108, 108, 108, 10, 60, 1,
        -18, 30, '', 0, 18, 13, 1.25, 100, 100, 100),
       (12, 38, 38, 2023, 2333, 1064, 652, 147, 147, 147, 147, 239, 239, 147, 110, 110, 110, 110, 110, 110, 11, 62, 1,
        -18, 30, '', 0, 18, 13, 1.25, 100, 100, 100),
       (12, 39, 39, 2111, 2426, 1092, 670, 151, 151, 151, 151, 242, 242, 151, 112, 112, 112, 112, 112, 112, 11, 63, 1,
        -18, 30, '', 0, 18, 13, 1.25, 100, 100, 100),
       (12, 40, 40, 2202, 2520, 1120, 686, 157, 157, 157, 157, 246, 246, 157, 116, 116, 116, 116, 116, 116, 11, 64, 1,
        -18, 30, '', 0, 19, 14, 1.25, 100, 100, 100),
       (12, 41, 41, 2296, 2616, 1148, 704, 161, 161, 161, 161, 249, 249, 161, 118, 118, 118, 118, 118, 118, 11, 66, 1,
        -18, 30, '', 0, 19, 14, 1.25, 100, 100, 100),
       (12, 42, 42, 2393, 2713, 1176, 721, 166, 166, 166, 166, 253, 253, 166, 120, 120, 120, 120, 120, 120, 12, 67, 1,
        -18, 30, '', 0, 19, 14, 1.25, 100, 100, 100),
       (12, 43, 43, 2493, 2812, 1204, 738, 170, 170, 170, 170, 256, 256, 170, 122, 122, 122, 122, 122, 122, 12, 69, 1,
        -18, 30, '', 0, 19, 14, 1.25, 100, 100, 100),
       (12, 44, 44, 2596, 2913, 1232, 755, 175, 175, 175, 175, 260, 260, 175, 126, 126, 126, 126, 126, 126, 12, 70, 1,
        -18, 30, '', 0, 20, 14, 1.25, 100, 100, 100),
       (12, 45, 45, 2702, 3015, 1260, 773, 179, 179, 179, 179, 263, 263, 179, 128, 128, 128, 128, 128, 128, 12, 71, 1,
        -18, 30, '', 0, 20, 15, 1.25, 100, 100, 100),
       (12, 46, 46, 2811, 3119, 1288, 789, 184, 184, 184, 184, 267, 267, 184, 130, 130, 130, 130, 130, 130, 13, 73, 1,
        -18, 30, '', 0, 20, 15, 1.25, 100, 100, 100),
       (12, 47, 47, 2923, 3224, 1316, 807, 188, 188, 188, 188, 270, 270, 188, 132, 132, 132, 132, 132, 132, 13, 74, 1,
        -18, 30, '', 0, 20, 15, 1.25, 100, 100, 100),
       (12, 48, 48, 3039, 3331, 1344, 824, 193, 193, 193, 193, 274, 274, 193, 136, 136, 136, 136, 136, 136, 13, 76, 1,
        -18, 30, '', 0, 21, 15, 1.25, 100, 100, 100),
       (12, 49, 49, 3158, 3440, 1372, 841, 198, 198, 198, 198, 277, 277, 198, 138, 138, 138, 138, 138, 138, 13, 77, 1,
        -18, 30, '', 0, 21, 15, 1.25, 100, 100, 100),
       (12, 50, 50, 3280, 3550, 1400, 858, 205, 205, 205, 205, 281, 281, 205, 140, 140, 140, 140, 140, 140, 14, 78, 1,
        -18, 30, '', 0, 21, 16, 1.25, 100, 100, 100),
       (12, 51, 51, 3406, 3662, 1428, 876, 210, 210, 210, 210, 284, 284, 210, 142, 142, 142, 142, 142, 142, 14, 80, 1,
        -18, 30, '', 0, 21, 16, 1.25, 100, 100, 100),
       (12, 52, 52, 3536, 3775, 1456, 892, 215, 215, 215, 215, 288, 288, 215, 146, 146, 146, 146, 146, 146, 14, 81, 1,
        -18, 30, '', 0, 22, 16, 1.31, 100, 100, 100),
       (12, 53, 53, 3669, 3890, 1484, 910, 220, 220, 220, 220, 291, 291, 220, 148, 148, 148, 148, 148, 148, 14, 83, 1,
        -18, 30, '', 0, 22, 16, 1.31, 100, 100, 100),
       (12, 54, 54, 3806, 4007, 1512, 927, 226, 226, 226, 226, 295, 295, 226, 150, 150, 150, 150, 150, 150, 15, 84, 1,
        -18, 30, '', 0, 22, 16, 1.31, 100, 100, 100),
       (12, 55, 55, 3947, 4125, 1540, 944, 231, 231, 231, 231, 298, 298, 231, 152, 152, 152, 152, 152, 152, 15, 85, 1,
        -18, 30, '', 0, 22, 17, 1.31, 100, 100, 100),
       (12, 56, 56, 4092, 4245, 1568, 961, 237, 237, 237, 237, 302, 302, 237, 156, 156, 156, 156, 156, 156, 15, 87, 1,
        -18, 30, '', 0, 23, 17, 1.31, 100, 100, 100),
       (12, 57, 57, 4240, 4366, 1596, 979, 242, 242, 242, 242, 305, 305, 242, 158, 158, 158, 158, 158, 158, 15, 88, 1,
        -18, 30, '', 0, 23, 17, 1.31, 100, 100, 100),
       (12, 58, 58, 4393, 4489, 1624, 995, 248, 248, 248, 248, 309, 309, 248, 160, 160, 160, 160, 160, 160, 16, 90, 1,
        -18, 30, '', 0, 23, 17, 1.31, 100, 100, 100),
       (12, 59, 59, 4550, 4614, 1652, 1013, 254, 254, 254, 254, 312, 312, 254, 162, 162, 162, 162, 162, 162, 16, 91, 1,
        -18, 30, '', 0, 23, 17, 1.31, 100, 100, 100),
       (12, 60, 60, 4711, 4740, 1680, 1030, 262, 262, 262, 262, 316, 316, 262, 166, 166, 166, 166, 166, 166, 16, 92, 1,
        -18, 30, '', 0, 24, 18, 1.31, 100, 100, 100),
       (12, 61, 61, 4876, 4868, 1708, 1047, 268, 268, 268, 268, 319, 319, 268, 168, 168, 168, 168, 168, 168, 16, 94, 1,
        -18, 30, '', 0, 24, 18, 1.31, 100, 100, 100),
       (12, 62, 62, 5045, 4997, 1736, 1064, 274, 274, 274, 274, 323, 323, 274, 170, 170, 170, 170, 170, 170, 17, 95, 1,
        -18, 30, '', 0, 24, 18, 1.31, 100, 100, 100),
       (12, 63, 63, 5219, 5128, 1764, 1082, 280, 280, 280, 280, 326, 326, 280, 172, 172, 172, 172, 172, 172, 17, 97, 1,
        -18, 30, '', 0, 24, 18, 1.31, 100, 100, 100),
       (12, 64, 64, 5398, 5261, 1792, 1098, 287, 287, 287, 287, 330, 330, 287, 176, 176, 176, 176, 176, 176, 17, 98, 1,
        -18, 30, '', 0, 25, 18, 1.31, 100, 100, 100),
       (12, 65, 65, 5580, 5395, 1820, 1116, 293, 293, 293, 293, 333, 333, 293, 178, 178, 178, 178, 178, 178, 17, 99, 1,
        -18, 30, '', 0, 25, 19, 1.31, 100, 100, 100),
       (12, 66, 66, 5768, 5531, 1848, 1133, 330, 330, 330, 330, 367, 367, 330, 180, 180, 180, 180, 180, 180, 18, 101, 1,
        -18, 30, '', 0, 25, 19, 1.31, 100, 100, 100),
       (12, 67, 67, 5960, 5668, 1876, 1150, 341, 341, 341, 341, 375, 375, 341, 182, 182, 182, 182, 182, 182, 18, 102, 1,
        -18, 30, '', 0, 25, 19, 1.31, 100, 100, 100),
       (12, 68, 68, 6157, 5807, 1904, 1167, 353, 353, 353, 353, 384, 384, 353, 186, 186, 186, 186, 186, 186, 18, 104, 1,
        -18, 30, '', 0, 26, 19, 1.31, 100, 100, 100),
       (12, 69, 69, 6358, 5948, 1932, 1185, 364, 364, 364, 364, 392, 392, 364, 188, 188, 188, 188, 188, 188, 18, 105, 1,
        -18, 30, '', 0, 26, 19, 1.31, 100, 100, 100),
       (12, 70, 70, 6565, 6090, 1960, 1201, 378, 378, 378, 378, 401, 401, 378, 190, 190, 190, 190, 190, 190, 19, 106, 1,
        -18, 30, '', 0, 26, 20, 1.31, 100, 100, 100),
       (12, 71, 71, 6776, 6234, 1988, 1219, 390, 390, 390, 390, 409, 409, 390, 192, 192, 192, 192, 192, 192, 19, 108, 1,
        -18, 30, '', 0, 26, 20, 1.31, 100, 100, 100),
       (12, 72, 72, 6993, 6379, 2016, 1236, 402, 402, 402, 402, 418, 418, 402, 196, 196, 196, 196, 196, 196, 19, 109, 1,
        -18, 30, '', 0, 27, 20, 1.31, 100, 100, 100),
       (12, 73, 73, 7214, 6526, 2044, 1253, 414, 414, 414, 414, 426, 426, 414, 198, 198, 198, 198, 198, 198, 19, 111, 1,
        -18, 30, '', 0, 27, 20, 1.31, 100, 100, 100),
       (12, 74, 74, 7441, 6675, 2072, 1270, 426, 426, 426, 426, 435, 435, 426, 200, 200, 200, 200, 200, 200, 20, 112, 1,
        -18, 30, '', 0, 27, 20, 1.31, 100, 100, 100),
       (12, 75, 75, 7673, 6825, 2100, 1288, 438, 438, 438, 438, 443, 443, 438, 202, 202, 202, 202, 202, 202, 20, 113, 1,
        -18, 30, '', 0, 27, 21, 1.31, 100, 100, 100),
       (12, 76, 76, 7910, 6977, 2128, 1304, 451, 451, 451, 451, 452, 452, 451, 206, 206, 206, 206, 206, 206, 20, 115, 1,
        -18, 30, '', 0, 28, 21, 1.31, 100, 100, 100),
       (12, 77, 77, 8152, 7130, 2156, 1322, 463, 463, 463, 463, 460, 460, 463, 208, 208, 208, 208, 208, 208, 20, 116, 1,
        -18, 30, '', 0, 28, 21, 1.31, 100, 100, 100),
       (12, 78, 78, 8400, 7285, 2184, 1339, 476, 476, 476, 476, 469, 469, 476, 210, 210, 210, 210, 210, 210, 21, 118, 1,
        -18, 30, '', 0, 28, 21, 1.31, 100, 100, 100),
       (12, 79, 79, 8654, 7442, 2212, 1356, 488, 488, 488, 488, 477, 477, 488, 212, 212, 212, 212, 212, 212, 21, 119, 1,
        -18, 30, '', 0, 28, 21, 1.31, 100, 100, 100),
       (12, 80, 80, 8913, 7600, 2240, 1373, 503, 503, 503, 503, 486, 486, 503, 216, 216, 216, 216, 216, 216, 21, 120, 1,
        -18, 30, '', 0, 29, 22, 1.31, 100, 100, 100),
       (12, 81, 81, 9178, 7760, 2268, 1391, 516, 516, 516, 516, 494, 494, 516, 218, 218, 218, 218, 218, 218, 21, 122, 1,
        -18, 30, '', 0, 29, 22, 1.31, 100, 100, 100),
       (12, 82, 82, 9448, 7921, 2296, 1407, 529, 529, 529, 529, 503, 503, 529, 220, 220, 220, 220, 220, 220, 22, 123, 1,
        -18, 30, '', 0, 29, 22, 1.31, 100, 100, 100),
       (12, 83, 83, 9724, 8084, 2324, 1425, 542, 542, 542, 542, 511, 511, 542, 222, 222, 222, 222, 222, 222, 22, 125, 1,
        -18, 30, '', 0, 29, 22, 1.31, 100, 100, 100),
       (12, 84, 84, 10006, 8249, 2352, 1442, 555, 555, 555, 555, 520, 520, 555, 226, 226, 226, 226, 226, 226, 22, 126,
        1, -18, 30, '', 0, 30, 22, 1.31, 100, 100, 100),
       (12, 85, 85, 10295, 8415, 2380, 1459, 568, 568, 568, 568, 528, 528, 568, 228, 228, 228, 228, 228, 228, 22, 127,
        1, -18, 30, '', 0, 30, 23, 1.31, 100, 100, 100),
       (13, 1, 1, 49, 35, 29, 18, 58, 58, 58, 58, 112, 112, 58, 21, 21, 21, 21, 21, 21, 2, 11, 1, -18, 30, '', 0, 10, 7,
        1.25, 100, 100, 100),
       (13, 2, 2, 88, 71, 58, 35, 59, 59, 59, 59, 116, 116, 59, 23, 23, 23, 23, 23, 23, 2, 13, 1, -18, 30, '', 0, 10, 7,
        1.25, 100, 100, 100),
       (13, 3, 3, 127, 109, 87, 53, 59, 59, 59, 59, 119, 119, 59, 25, 25, 25, 25, 25, 25, 2, 14, 1, -18, 30, '', 0, 10,
        7, 1.25, 100, 100, 100),
       (13, 4, 4, 166, 149, 116, 70, 60, 60, 60, 60, 123, 123, 60, 30, 30, 30, 30, 30, 30, 2, 15, 1, -18, 30, '', 0, 11,
        7, 1.25, 100, 100, 100),
       (13, 5, 5, 206, 190, 145, 88, 61, 61, 61, 61, 126, 126, 61, 32, 32, 32, 32, 32, 32, 3, 17, 1, -18, 30, '', 0, 11,
        8, 1.25, 100, 100, 100),
       (13, 6, 6, 246, 233, 174, 105, 62, 62, 62, 62, 130, 130, 62, 34, 34, 34, 34, 34, 34, 3, 18, 1, -18, 30, '', 0,
        11, 8, 1.25, 100, 100, 100),
       (13, 7, 7, 287, 277, 203, 123, 63, 63, 63, 63, 133, 133, 63, 36, 36, 36, 36, 36, 36, 3, 20, 1, -18, 30, '', 0,
        11, 8, 1.25, 100, 100, 100),
       (13, 8, 8, 328, 323, 232, 140, 64, 64, 64, 64, 137, 137, 64, 41, 41, 41, 41, 41, 41, 3, 21, 1, -18, 30, '', 0,
        12, 8, 1.25, 100, 100, 100),
       (13, 9, 9, 369, 371, 261, 158, 65, 65, 65, 65, 140, 140, 65, 43, 43, 43, 43, 43, 43, 4, 22, 1, -18, 30, '', 0,
        12, 8, 1.25, 100, 100, 100),
       (13, 10, 10, 411, 420, 290, 175, 70, 70, 70, 70, 144, 144, 70, 45, 45, 45, 45, 45, 45, 4, 24, 1, -18, 30, '', 0,
        12, 9, 1.25, 100, 100, 100),
       (13, 11, 11, 454, 471, 319, 193, 71, 71, 71, 71, 147, 147, 71, 47, 47, 47, 47, 47, 47, 4, 25, 1, -18, 30, '', 0,
        12, 9, 1.25, 100, 100, 100),
       (13, 12, 12, 498, 523, 348, 210, 73, 73, 73, 73, 151, 151, 73, 52, 52, 52, 52, 52, 52, 4, 27, 1, -18, 30, '', 0,
        13, 9, 1.25, 100, 100, 100),
       (13, 13, 13, 542, 577, 377, 228, 74, 74, 74, 74, 154, 154, 74, 54, 54, 54, 54, 54, 54, 5, 28, 1, -18, 30, '', 0,
        13, 9, 1.25, 100, 100, 100),
       (13, 14, 14, 588, 633, 406, 245, 76, 76, 76, 76, 158, 158, 76, 56, 56, 56, 56, 56, 56, 5, 29, 1, -18, 30, '', 0,
        13, 9, 1.25, 100, 100, 100),
       (13, 15, 15, 634, 690, 435, 263, 78, 78, 78, 78, 161, 161, 78, 58, 58, 58, 58, 58, 58, 5, 31, 1, -18, 30, '', 0,
        13, 10, 1.25, 100, 100, 100),
       (13, 16, 16, 682, 749, 464, 280, 80, 80, 80, 80, 165, 165, 80, 63, 63, 63, 63, 63, 63, 5, 32, 1, -18, 30, '', 0,
        14, 10, 1.25, 100, 100, 100),
       (13, 17, 17, 730, 809, 493, 298, 82, 82, 82, 82, 168, 168, 82, 65, 65, 65, 65, 65, 65, 6, 34, 1, -18, 30, '', 0,
        14, 10, 1.25, 100, 100, 100),
       (13, 18, 18, 780, 871, 522, 315, 84, 84, 84, 84, 172, 172, 84, 67, 67, 67, 67, 67, 67, 6, 35, 1, -18, 30, '', 0,
        14, 10, 1.25, 100, 100, 100),
       (13, 19, 19, 831, 935, 551, 333, 86, 86, 86, 86, 175, 175, 86, 69, 69, 69, 69, 69, 69, 6, 36, 1, -18, 30, '', 0,
        14, 10, 1.25, 100, 100, 100),
       (13, 20, 20, 884, 1000, 580, 350, 92, 92, 92, 92, 179, 179, 92, 74, 74, 74, 74, 74, 74, 6, 38, 1, -18, 30, '', 0,
        15, 11, 1.25, 100, 100, 100),
       (13, 21, 21, 937, 1067, 609, 368, 94, 94, 94, 94, 182, 182, 94, 76, 76, 76, 76, 76, 76, 7, 39, 1, -18, 30, '', 0,
        15, 11, 1.25, 100, 100, 100),
       (13, 22, 22, 993, 1135, 638, 385, 97, 97, 97, 97, 186, 186, 97, 78, 78, 78, 78, 78, 78, 7, 41, 1, -18, 30, '', 0,
        15, 11, 1.25, 100, 100, 100),
       (13, 23, 23, 1050, 1205, 667, 403, 99, 99, 99, 99, 189, 189, 99, 80, 80, 80, 80, 80, 80, 7, 42, 1, -18, 30, '',
        0, 15, 11, 1.25, 100, 100, 100),
       (13, 24, 24, 1108, 1277, 696, 420, 102, 102, 102, 102, 193, 193, 102, 85, 85, 85, 85, 85, 85, 7, 43, 1, -18, 30,
        '', 0, 16, 11, 1.25, 100, 100, 100),
       (13, 25, 25, 1168, 1350, 725, 438, 104, 104, 104, 104, 196, 196, 104, 87, 87, 87, 87, 87, 87, 8, 45, 1, -18, 30,
        '', 0, 16, 12, 1.25, 100, 100, 100),
       (13, 26, 26, 1230, 1425, 754, 455, 107, 107, 107, 107, 200, 200, 107, 89, 89, 89, 89, 89, 89, 8, 46, 1, -18, 30,
        '', 0, 16, 12, 1.25, 100, 100, 100),
       (13, 27, 27, 1294, 1501, 783, 473, 110, 110, 110, 110, 203, 203, 110, 91, 91, 91, 91, 91, 91, 8, 48, 1, -18, 30,
        '', 0, 16, 12, 1.25, 100, 100, 100),
       (13, 28, 28, 1360, 1579, 812, 490, 113, 113, 113, 113, 207, 207, 113, 96, 96, 96, 96, 96, 96, 8, 49, 1, -18, 30,
        '', 0, 17, 12, 1.25, 100, 100, 100),
       (13, 29, 29, 1427, 1659, 841, 508, 116, 116, 116, 116, 210, 210, 116, 98, 98, 98, 98, 98, 98, 9, 50, 1, -18, 30,
        '', 0, 17, 12, 1.25, 100, 100, 100),
       (13, 30, 30, 1497, 1740, 870, 525, 122, 122, 122, 122, 214, 214, 122, 100, 100, 100, 100, 100, 100, 9, 52, 1,
        -18, 30, '', 0, 17, 13, 1.25, 100, 100, 100),
       (13, 31, 31, 1569, 1823, 899, 543, 125, 125, 125, 125, 217, 217, 125, 102, 102, 102, 102, 102, 102, 9, 53, 1,
        -18, 30, '', 0, 17, 13, 1.25, 100, 100, 100),
       (13, 32, 32, 1643, 1907, 928, 560, 129, 129, 129, 129, 221, 221, 129, 107, 107, 107, 107, 107, 107, 9, 55, 1,
        -18, 30, '', 0, 18, 13, 1.25, 100, 100, 100),
       (13, 33, 33, 1719, 1993, 957, 578, 132, 132, 132, 132, 224, 224, 132, 109, 109, 109, 109, 109, 109, 10, 56, 1,
        -18, 30, '', 0, 18, 13, 1.25, 100, 100, 100),
       (13, 34, 34, 1798, 2081, 986, 595, 136, 136, 136, 136, 228, 228, 136, 111, 111, 111, 111, 111, 111, 10, 57, 1,
        -18, 30, '', 0, 18, 13, 1.25, 100, 100, 100),
       (13, 35, 35, 1879, 2170, 1015, 613, 139, 139, 139, 139, 231, 231, 139, 113, 113, 113, 113, 113, 113, 10, 59, 1,
        -18, 30, '', 0, 18, 14, 1.25, 100, 100, 100),
       (13, 36, 36, 1962, 2261, 1044, 630, 143, 143, 143, 143, 235, 235, 143, 118, 118, 118, 118, 118, 118, 10, 60, 1,
        -18, 30, '', 0, 19, 14, 1.25, 100, 100, 100),
       (13, 37, 37, 2048, 2353, 1073, 648, 147, 147, 147, 147, 238, 238, 147, 120, 120, 120, 120, 120, 120, 11, 62, 1,
        -18, 30, '', 0, 19, 14, 1.25, 100, 100, 100),
       (13, 38, 38, 2137, 2447, 1102, 665, 151, 151, 151, 151, 242, 242, 151, 122, 122, 122, 122, 122, 122, 11, 63, 1,
        -18, 30, '', 0, 19, 14, 1.25, 100, 100, 100),
       (13, 39, 39, 2228, 2543, 1131, 683, 155, 155, 155, 155, 245, 245, 155, 124, 124, 124, 124, 124, 124, 11, 64, 1,
        -18, 30, '', 0, 19, 14, 1.25, 100, 100, 100),
       (13, 40, 40, 2322, 2640, 1160, 700, 162, 162, 162, 162, 249, 249, 162, 129, 129, 129, 129, 129, 129, 11, 66, 1,
        -18, 30, '', 0, 20, 15, 1.25, 100, 100, 100),
       (13, 41, 41, 2419, 2739, 1189, 718, 166, 166, 166, 166, 252, 252, 166, 131, 131, 131, 131, 131, 131, 12, 67, 1,
        -18, 30, '', 0, 20, 15, 1.25, 100, 100, 100),
       (13, 42, 42, 2519, 2839, 1218, 735, 171, 171, 171, 171, 256, 256, 171, 133, 133, 133, 133, 133, 133, 12, 69, 1,
        -18, 30, '', 0, 20, 15, 1.25, 100, 100, 100),
       (13, 43, 43, 2622, 2941, 1247, 753, 175, 175, 175, 175, 259, 259, 175, 135, 135, 135, 135, 135, 135, 12, 70, 1,
        -18, 30, '', 0, 20, 15, 1.25, 100, 100, 100),
       (13, 44, 44, 2728, 3045, 1276, 770, 180, 180, 180, 180, 263, 263, 180, 140, 140, 140, 140, 140, 140, 12, 71, 1,
        -18, 30, '', 0, 21, 15, 1.25, 100, 100, 100),
       (13, 45, 45, 2837, 3150, 1305, 788, 184, 184, 184, 184, 266, 266, 184, 142, 142, 142, 142, 142, 142, 13, 73, 1,
        -18, 30, '', 0, 21, 16, 1.25, 100, 100, 100),
       (13, 46, 46, 2949, 3257, 1334, 805, 189, 189, 189, 189, 270, 270, 189, 144, 144, 144, 144, 144, 144, 13, 74, 1,
        -18, 30, '', 0, 21, 16, 1.25, 100, 100, 100),
       (13, 47, 47, 3064, 3365, 1363, 823, 193, 193, 193, 193, 273, 273, 193, 146, 146, 146, 146, 146, 146, 13, 76, 1,
        -18, 30, '', 0, 21, 16, 1.25, 100, 100, 100),
       (13, 48, 48, 3183, 3475, 1392, 840, 198, 198, 198, 198, 277, 277, 198, 151, 151, 151, 151, 151, 151, 13, 77, 1,
        -18, 30, '', 0, 22, 16, 1.25, 100, 100, 100),
       (13, 49, 49, 3305, 3587, 1421, 858, 203, 203, 203, 203, 280, 280, 203, 153, 153, 153, 153, 153, 153, 14, 78, 1,
        -18, 30, '', 0, 22, 16, 1.25, 100, 100, 100),
       (13, 50, 50, 3430, 3700, 1450, 875, 211, 211, 211, 211, 284, 284, 211, 155, 155, 155, 155, 155, 155, 14, 80, 1,
        -18, 30, '', 0, 22, 17, 1.25, 100, 100, 100),
       (13, 51, 51, 3559, 3815, 1479, 893, 216, 216, 216, 216, 287, 287, 216, 157, 157, 157, 157, 157, 157, 14, 81, 1,
        -18, 30, '', 0, 22, 17, 1.25, 100, 100, 100),
       (13, 52, 52, 3692, 3931, 1508, 910, 221, 221, 221, 221, 291, 291, 221, 162, 162, 162, 162, 162, 162, 14, 83, 1,
        -18, 30, '', 0, 23, 17, 1.37, 100, 100, 100),
       (13, 53, 53, 3828, 4049, 1537, 928, 226, 226, 226, 226, 294, 294, 226, 164, 164, 164, 164, 164, 164, 15, 84, 1,
        -18, 30, '', 0, 23, 17, 1.37, 100, 100, 100),
       (13, 54, 54, 3968, 4169, 1566, 945, 232, 232, 232, 232, 298, 298, 232, 166, 166, 166, 166, 166, 166, 15, 85, 1,
        -18, 30, '', 0, 23, 17, 1.37, 100, 100, 100),
       (13, 55, 55, 4112, 4290, 1595, 963, 237, 237, 237, 237, 301, 301, 237, 168, 168, 168, 168, 168, 168, 15, 87, 1,
        -18, 30, '', 0, 23, 18, 1.37, 100, 100, 100),
       (13, 56, 56, 4260, 4413, 1624, 980, 243, 243, 243, 243, 305, 305, 243, 173, 173, 173, 173, 173, 173, 15, 88, 1,
        -18, 30, '', 0, 24, 18, 1.37, 100, 100, 100),
       (13, 57, 57, 4411, 4537, 1653, 998, 248, 248, 248, 248, 308, 308, 248, 175, 175, 175, 175, 175, 175, 16, 90, 1,
        -18, 30, '', 0, 24, 18, 1.37, 100, 100, 100),
       (13, 58, 58, 4567, 4663, 1682, 1015, 254, 254, 254, 254, 312, 312, 254, 177, 177, 177, 177, 177, 177, 16, 91, 1,
        -18, 30, '', 0, 24, 18, 1.37, 100, 100, 100),
       (13, 59, 59, 4727, 4791, 1711, 1033, 260, 260, 260, 260, 315, 315, 260, 179, 179, 179, 179, 179, 179, 16, 92, 1,
        -18, 30, '', 0, 24, 18, 1.37, 100, 100, 100),
       (13, 60, 60, 4891, 4920, 1740, 1050, 269, 269, 269, 269, 319, 319, 269, 184, 184, 184, 184, 184, 184, 16, 94, 1,
        -18, 30, '', 0, 25, 19, 1.37, 100, 100, 100),
       (13, 61, 61, 5059, 5051, 1769, 1068, 275, 275, 275, 275, 322, 322, 275, 186, 186, 186, 186, 186, 186, 17, 95, 1,
        -18, 30, '', 0, 25, 19, 1.37, 100, 100, 100),
       (13, 62, 62, 5231, 5183, 1798, 1085, 281, 281, 281, 281, 326, 326, 281, 188, 188, 188, 188, 188, 188, 17, 97, 1,
        -18, 30, '', 0, 25, 19, 1.37, 100, 100, 100),
       (13, 63, 63, 5408, 5317, 1827, 1103, 287, 287, 287, 287, 329, 329, 287, 190, 190, 190, 190, 190, 190, 17, 98, 1,
        -18, 30, '', 0, 25, 19, 1.37, 100, 100, 100),
       (13, 64, 64, 5590, 5453, 1856, 1120, 294, 294, 294, 294, 333, 333, 294, 195, 195, 195, 195, 195, 195, 17, 99, 1,
        -18, 30, '', 0, 26, 19, 1.37, 100, 100, 100),
       (13, 65, 65, 5775, 5590, 1885, 1138, 300, 300, 300, 300, 336, 336, 300, 197, 197, 197, 197, 197, 197, 18, 101, 1,
        -18, 30, '', 0, 26, 20, 1.37, 100, 100, 100),
       (13, 66, 66, 5966, 5729, 1914, 1155, 337, 337, 337, 337, 370, 370, 337, 199, 199, 199, 199, 199, 199, 18, 102, 1,
        -18, 30, '', 0, 26, 20, 1.37, 100, 100, 100),
       (13, 67, 67, 6161, 5869, 1943, 1173, 348, 348, 348, 348, 378, 378, 348, 201, 201, 201, 201, 201, 201, 18, 104, 1,
        -18, 30, '', 0, 26, 20, 1.37, 100, 100, 100),
       (13, 68, 68, 6361, 6011, 1972, 1190, 360, 360, 360, 360, 387, 387, 360, 206, 206, 206, 206, 206, 206, 18, 105, 1,
        -18, 30, '', 0, 27, 20, 1.37, 100, 100, 100),
       (13, 69, 69, 6565, 6155, 2001, 1208, 371, 371, 371, 371, 395, 395, 371, 208, 208, 208, 208, 208, 208, 19, 106, 1,
        -18, 30, '', 0, 27, 20, 1.37, 100, 100, 100),
       (13, 70, 70, 6775, 6300, 2030, 1225, 386, 386, 386, 386, 404, 404, 386, 210, 210, 210, 210, 210, 210, 19, 108, 1,
        -18, 30, '', 0, 27, 21, 1.37, 100, 100, 100),
       (13, 71, 71, 6989, 6447, 2059, 1243, 398, 398, 398, 398, 412, 412, 398, 212, 212, 212, 212, 212, 212, 19, 109, 1,
        -18, 30, '', 0, 27, 21, 1.37, 100, 100, 100),
       (13, 72, 72, 7209, 6595, 2088, 1260, 410, 410, 410, 410, 421, 421, 410, 217, 217, 217, 217, 217, 217, 19, 111, 1,
        -18, 30, '', 0, 28, 21, 1.37, 100, 100, 100),
       (13, 73, 73, 7433, 6745, 2117, 1278, 422, 422, 422, 422, 429, 429, 422, 219, 219, 219, 219, 219, 219, 20, 112, 1,
        -18, 30, '', 0, 28, 21, 1.37, 100, 100, 100),
       (13, 74, 74, 7663, 6897, 2146, 1295, 434, 434, 434, 434, 438, 438, 434, 221, 221, 221, 221, 221, 221, 20, 113, 1,
        -18, 30, '', 0, 28, 21, 1.37, 100, 100, 100),
       (13, 75, 75, 7898, 7050, 2175, 1313, 446, 446, 446, 446, 446, 446, 446, 223, 223, 223, 223, 223, 223, 20, 115, 1,
        -18, 30, '', 0, 28, 22, 1.37, 100, 100, 100),
       (13, 76, 76, 8138, 7205, 2204, 1330, 459, 459, 459, 459, 455, 455, 459, 228, 228, 228, 228, 228, 228, 20, 116, 1,
        -18, 30, '', 0, 29, 22, 1.37, 100, 100, 100),
       (13, 77, 77, 8383, 7361, 2233, 1348, 471, 471, 471, 471, 463, 463, 471, 230, 230, 230, 230, 230, 230, 21, 118, 1,
        -18, 30, '', 0, 29, 22, 1.37, 100, 100, 100),
       (13, 78, 78, 8634, 7519, 2262, 1365, 484, 484, 484, 484, 472, 472, 484, 232, 232, 232, 232, 232, 232, 21, 119, 1,
        -18, 30, '', 0, 29, 22, 1.37, 100, 100, 100),
       (13, 79, 79, 8891, 7679, 2291, 1383, 496, 496, 496, 496, 480, 480, 496, 234, 234, 234, 234, 234, 234, 21, 120, 1,
        -18, 30, '', 0, 29, 22, 1.37, 100, 100, 100),
       (13, 80, 80, 9153, 7840, 2320, 1400, 512, 512, 512, 512, 489, 489, 512, 239, 239, 239, 239, 239, 239, 21, 122, 1,
        -18, 30, '', 0, 30, 23, 1.37, 100, 100, 100),
       (13, 81, 81, 9421, 8003, 2349, 1418, 525, 525, 525, 525, 497, 497, 525, 241, 241, 241, 241, 241, 241, 22, 123, 1,
        -18, 30, '', 0, 30, 23, 1.37, 100, 100, 100),
       (13, 82, 82, 9694, 8167, 2378, 1435, 538, 538, 538, 538, 506, 506, 538, 243, 243, 243, 243, 243, 243, 22, 125, 1,
        -18, 30, '', 0, 30, 23, 1.37, 100, 100, 100),
       (13, 83, 83, 9973, 8333, 2407, 1453, 551, 551, 551, 551, 514, 514, 551, 245, 245, 245, 245, 245, 245, 22, 126, 1,
        -18, 30, '', 0, 30, 23, 1.37, 100, 100, 100),
       (13, 84, 84, 10258, 8501, 2436, 1470, 564, 564, 564, 564, 523, 523, 564, 250, 250, 250, 250, 250, 250, 22, 127,
        1, -18, 30, '', 0, 31, 23, 1.37, 100, 100, 100),
       (13, 85, 85, 10550, 8670, 2465, 1488, 577, 577, 577, 577, 531, 531, 577, 252, 252, 252, 252, 252, 252, 23, 129,
        1, -18, 30, '', 0, 31, 24, 1.37, 100, 100, 100),
       (14, 1, 1, 52, 38, 30, 18, 59, 59, 59, 59, 115, 115, 59, 24, 24, 24, 24, 24, 24, 2, 13, 1, -18, 30, '', 0, 11, 8,
        1.25, 100, 100, 100),
       (14, 2, 2, 94, 77, 60, 35, 60, 60, 60, 60, 119, 119, 60, 26, 26, 26, 26, 26, 26, 2, 14, 1, -18, 30, '', 0, 11, 8,
        1.25, 100, 100, 100),
       (14, 3, 3, 136, 118, 90, 54, 60, 60, 60, 60, 122, 122, 60, 28, 28, 28, 28, 28, 28, 2, 15, 1, -18, 30, '', 0, 11,
        8, 1.25, 100, 100, 100),
       (14, 4, 4, 178, 161, 120, 71, 61, 61, 61, 61, 126, 126, 61, 34, 34, 34, 34, 34, 34, 3, 17, 1, -18, 30, '', 0, 12,
        8, 1.25, 100, 100, 100),
       (14, 5, 5, 221, 205, 150, 89, 62, 62, 62, 62, 129, 129, 62, 36, 36, 36, 36, 36, 36, 3, 18, 1, -18, 30, '', 0, 12,
        9, 1.25, 100, 100, 100),
       (14, 6, 6, 264, 251, 180, 107, 63, 63, 63, 63, 133, 133, 63, 38, 38, 38, 38, 38, 38, 3, 20, 1, -18, 30, '', 0,
        12, 9, 1.25, 100, 100, 100),
       (14, 7, 7, 308, 298, 210, 125, 64, 64, 64, 64, 136, 136, 64, 40, 40, 40, 40, 40, 40, 3, 21, 1, -18, 30, '', 0,
        12, 9, 1.25, 100, 100, 100),
       (14, 8, 8, 352, 347, 240, 142, 65, 65, 65, 65, 140, 140, 65, 46, 46, 46, 46, 46, 46, 4, 22, 1, -18, 30, '', 0,
        13, 9, 1.25, 100, 100, 100),
       (14, 9, 9, 396, 398, 270, 161, 66, 66, 66, 66, 143, 143, 66, 48, 48, 48, 48, 48, 48, 4, 24, 1, -18, 30, '', 0,
        13, 9, 1.25, 100, 100, 100),
       (14, 10, 10, 441, 450, 300, 178, 72, 72, 72, 72, 147, 147, 72, 50, 50, 50, 50, 50, 50, 4, 25, 1, -18, 30, '', 0,
        13, 10, 1.25, 100, 100, 100),
       (14, 11, 11, 487, 504, 330, 196, 73, 73, 73, 73, 150, 150, 73, 52, 52, 52, 52, 52, 52, 4, 27, 1, -18, 30, '', 0,
        13, 10, 1.25, 100, 100, 100),
       (14, 12, 12, 534, 559, 360, 214, 75, 75, 75, 75, 154, 154, 75, 58, 58, 58, 58, 58, 58, 5, 28, 1, -18, 30, '', 0,
        14, 10, 1.25, 100, 100, 100),
       (14, 13, 13, 581, 616, 390, 232, 76, 76, 76, 76, 157, 157, 76, 60, 60, 60, 60, 60, 60, 5, 29, 1, -18, 30, '', 0,
        14, 10, 1.25, 100, 100, 100),
       (14, 14, 14, 630, 675, 420, 249, 78, 78, 78, 78, 161, 161, 78, 62, 62, 62, 62, 62, 62, 5, 31, 1, -18, 30, '', 0,
        14, 10, 1.25, 100, 100, 100),
       (14, 15, 15, 679, 735, 450, 268, 80, 80, 80, 80, 164, 164, 80, 64, 64, 64, 64, 64, 64, 5, 32, 1, -18, 30, '', 0,
        14, 11, 1.25, 100, 100, 100),
       (14, 16, 16, 730, 797, 480, 285, 82, 82, 82, 82, 168, 168, 82, 70, 70, 70, 70, 70, 70, 6, 34, 1, -18, 30, '', 0,
        15, 11, 1.25, 100, 100, 100),
       (14, 17, 17, 781, 860, 510, 303, 84, 84, 84, 84, 171, 171, 84, 72, 72, 72, 72, 72, 72, 6, 35, 1, -18, 30, '', 0,
        15, 11, 1.25, 100, 100, 100),
       (14, 18, 18, 834, 925, 540, 321, 86, 86, 86, 86, 175, 175, 86, 74, 74, 74, 74, 74, 74, 6, 36, 1, -18, 30, '', 0,
        15, 11, 1.25, 100, 100, 100),
       (14, 19, 19, 888, 992, 570, 339, 88, 88, 88, 88, 178, 178, 88, 76, 76, 76, 76, 76, 76, 6, 38, 1, -18, 30, '', 0,
        15, 11, 1.25, 100, 100, 100),
       (14, 20, 20, 944, 1060, 600, 356, 95, 95, 95, 95, 182, 182, 95, 82, 82, 82, 82, 82, 82, 7, 39, 1, -18, 30, '', 0,
        16, 12, 1.25, 100, 100, 100),
       (14, 21, 21, 1000, 1130, 630, 375, 97, 97, 97, 97, 185, 185, 97, 84, 84, 84, 84, 84, 84, 7, 41, 1, -18, 30, '',
        0, 16, 12, 1.25, 100, 100, 100),
       (14, 22, 22, 1059, 1201, 660, 392, 100, 100, 100, 100, 189, 189, 100, 86, 86, 86, 86, 86, 86, 7, 42, 1, -18, 30,
        '', 0, 16, 12, 1.25, 100, 100, 100),
       (14, 23, 23, 1119, 1274, 690, 410, 102, 102, 102, 102, 192, 192, 102, 88, 88, 88, 88, 88, 88, 7, 43, 1, -18, 30,
        '', 0, 16, 12, 1.25, 100, 100, 100),
       (14, 24, 24, 1180, 1349, 720, 428, 105, 105, 105, 105, 196, 196, 105, 94, 94, 94, 94, 94, 94, 8, 45, 1, -18, 30,
        '', 0, 17, 12, 1.25, 100, 100, 100),
       (14, 25, 25, 1243, 1425, 750, 446, 107, 107, 107, 107, 199, 199, 107, 96, 96, 96, 96, 96, 96, 8, 46, 1, -18, 30,
        '', 0, 17, 13, 1.25, 100, 100, 100),
       (14, 26, 26, 1308, 1503, 780, 463, 110, 110, 110, 110, 203, 203, 110, 98, 98, 98, 98, 98, 98, 8, 48, 1, -18, 30,
        '', 0, 17, 13, 1.25, 100, 100, 100),
       (14, 27, 27, 1375, 1582, 810, 482, 113, 113, 113, 113, 206, 206, 113, 100, 100, 100, 100, 100, 100, 8, 49, 1,
        -18, 30, '', 0, 17, 13, 1.25, 100, 100, 100),
       (14, 28, 28, 1444, 1663, 840, 499, 116, 116, 116, 116, 210, 210, 116, 106, 106, 106, 106, 106, 106, 9, 50, 1,
        -18, 30, '', 0, 18, 13, 1.25, 100, 100, 100),
       (14, 29, 29, 1514, 1746, 870, 517, 119, 119, 119, 119, 213, 213, 119, 108, 108, 108, 108, 108, 108, 9, 52, 1,
        -18, 30, '', 0, 18, 13, 1.25, 100, 100, 100),
       (14, 30, 30, 1587, 1830, 900, 535, 126, 126, 126, 126, 217, 217, 126, 110, 110, 110, 110, 110, 110, 9, 53, 1,
        -18, 30, '', 0, 18, 14, 1.25, 100, 100, 100),
       (14, 31, 31, 1662, 1916, 930, 553, 129, 129, 129, 129, 220, 220, 129, 112, 112, 112, 112, 112, 112, 9, 55, 1,
        -18, 30, '', 0, 18, 14, 1.25, 100, 100, 100),
       (14, 32, 32, 1739, 2003, 960, 570, 133, 133, 133, 133, 224, 224, 133, 118, 118, 118, 118, 118, 118, 10, 56, 1,
        -18, 30, '', 0, 19, 14, 1.25, 100, 100, 100),
       (14, 33, 33, 1818, 2092, 990, 589, 136, 136, 136, 136, 227, 227, 136, 120, 120, 120, 120, 120, 120, 10, 57, 1,
        -18, 30, '', 0, 19, 14, 1.25, 100, 100, 100),
       (14, 34, 34, 1900, 2183, 1020, 606, 140, 140, 140, 140, 231, 231, 140, 122, 122, 122, 122, 122, 122, 10, 59, 1,
        -18, 30, '', 0, 19, 14, 1.25, 100, 100, 100),
       (14, 35, 35, 1984, 2275, 1050, 624, 143, 143, 143, 143, 234, 234, 143, 124, 124, 124, 124, 124, 124, 10, 60, 1,
        -18, 30, '', 0, 19, 15, 1.25, 100, 100, 100),
       (14, 36, 36, 2070, 2369, 1080, 642, 147, 147, 147, 147, 238, 238, 147, 130, 130, 130, 130, 130, 130, 11, 62, 1,
        -18, 30, '', 0, 20, 15, 1.25, 100, 100, 100),
       (14, 37, 37, 2159, 2464, 1110, 660, 151, 151, 151, 151, 241, 241, 151, 132, 132, 132, 132, 132, 132, 11, 63, 1,
        -18, 30, '', 0, 20, 15, 1.25, 100, 100, 100),
       (14, 38, 38, 2251, 2561, 1140, 677, 155, 155, 155, 155, 245, 245, 155, 134, 134, 134, 134, 134, 134, 11, 64, 1,
        -18, 30, '', 0, 20, 15, 1.25, 100, 100, 100),
       (14, 39, 39, 2345, 2660, 1170, 696, 159, 159, 159, 159, 248, 248, 159, 136, 136, 136, 136, 136, 136, 11, 66, 1,
        -18, 30, '', 0, 20, 15, 1.25, 100, 100, 100),
       (14, 40, 40, 2442, 2760, 1200, 713, 167, 167, 167, 167, 252, 252, 167, 142, 142, 142, 142, 142, 142, 12, 67, 1,
        -18, 30, '', 0, 21, 16, 1.25, 100, 100, 100),
       (14, 41, 41, 2542, 2862, 1230, 731, 171, 171, 171, 171, 255, 255, 171, 144, 144, 144, 144, 144, 144, 12, 69, 1,
        -18, 30, '', 0, 21, 16, 1.25, 100, 100, 100),
       (14, 42, 42, 2645, 2965, 1260, 749, 176, 176, 176, 176, 259, 259, 176, 146, 146, 146, 146, 146, 146, 12, 70, 1,
        -18, 30, '', 0, 21, 16, 1.25, 100, 100, 100),
       (14, 43, 43, 2751, 3070, 1290, 767, 180, 180, 180, 180, 262, 262, 180, 148, 148, 148, 148, 148, 148, 12, 71, 1,
        -18, 30, '', 0, 21, 16, 1.25, 100, 100, 100),
       (14, 44, 44, 2860, 3177, 1320, 784, 185, 185, 185, 185, 266, 266, 185, 154, 154, 154, 154, 154, 154, 13, 73, 1,
        -18, 30, '', 0, 22, 16, 1.25, 100, 100, 100),
       (14, 45, 45, 2972, 3285, 1350, 803, 189, 189, 189, 189, 269, 269, 189, 156, 156, 156, 156, 156, 156, 13, 74, 1,
        -18, 30, '', 0, 22, 17, 1.25, 100, 100, 100),
       (14, 46, 46, 3087, 3395, 1380, 820, 194, 194, 194, 194, 273, 273, 194, 158, 158, 158, 158, 158, 158, 13, 76, 1,
        -18, 30, '', 0, 22, 17, 1.25, 100, 100, 100),
       (14, 47, 47, 3205, 3506, 1410, 838, 198, 198, 198, 198, 276, 276, 198, 160, 160, 160, 160, 160, 160, 13, 77, 1,
        -18, 30, '', 0, 22, 17, 1.25, 100, 100, 100),
       (14, 48, 48, 3327, 3619, 1440, 856, 203, 203, 203, 203, 280, 280, 203, 166, 166, 166, 166, 166, 166, 14, 78, 1,
        -18, 30, '', 0, 23, 17, 1.25, 100, 100, 100),
       (14, 49, 49, 3452, 3734, 1470, 874, 208, 208, 208, 208, 283, 283, 208, 168, 168, 168, 168, 168, 168, 14, 80, 1,
        -18, 30, '', 0, 23, 17, 1.25, 100, 100, 100),
       (14, 50, 50, 3580, 3850, 1500, 891, 217, 217, 217, 217, 287, 287, 217, 170, 170, 170, 170, 170, 170, 14, 81, 1,
        -18, 30, '', 0, 23, 18, 1.25, 100, 100, 100),
       (14, 51, 51, 3712, 3968, 1530, 910, 222, 222, 222, 222, 290, 290, 222, 172, 172, 172, 172, 172, 172, 14, 83, 1,
        -18, 30, '', 0, 23, 18, 1.25, 100, 100, 100),
       (14, 52, 52, 3848, 4087, 1560, 927, 227, 227, 227, 227, 294, 294, 227, 178, 178, 178, 178, 178, 178, 15, 84, 1,
        -18, 30, '', 0, 24, 18, 1.43, 100, 100, 100),
       (14, 53, 53, 3987, 4208, 1590, 945, 232, 232, 232, 232, 297, 297, 232, 180, 180, 180, 180, 180, 180, 15, 85, 1,
        -18, 30, '', 0, 24, 18, 1.43, 100, 100, 100),
       (14, 54, 54, 4130, 4331, 1620, 963, 238, 238, 238, 238, 301, 301, 238, 182, 182, 182, 182, 182, 182, 15, 87, 1,
        -18, 30, '', 0, 24, 18, 1.43, 100, 100, 100),
       (14, 55, 55, 4277, 4455, 1650, 981, 243, 243, 243, 243, 304, 304, 243, 184, 184, 184, 184, 184, 184, 15, 88, 1,
        -18, 30, '', 0, 24, 19, 1.43, 100, 100, 100),
       (14, 56, 56, 4428, 4581, 1680, 998, 249, 249, 249, 249, 308, 308, 249, 190, 190, 190, 190, 190, 190, 16, 90, 1,
        -18, 30, '', 0, 25, 19, 1.43, 100, 100, 100),
       (14, 57, 57, 4582, 4708, 1710, 1017, 254, 254, 254, 254, 311, 311, 254, 192, 192, 192, 192, 192, 192, 16, 91, 1,
        -18, 30, '', 0, 25, 19, 1.43, 100, 100, 100),
       (14, 58, 58, 4741, 4837, 1740, 1034, 260, 260, 260, 260, 315, 315, 260, 194, 194, 194, 194, 194, 194, 16, 92, 1,
        -18, 30, '', 0, 25, 19, 1.43, 100, 100, 100),
       (14, 59, 59, 4904, 4968, 1770, 1052, 266, 266, 266, 266, 318, 318, 266, 196, 196, 196, 196, 196, 196, 16, 94, 1,
        -18, 30, '', 0, 25, 19, 1.43, 100, 100, 100),
       (14, 60, 60, 5071, 5100, 1800, 1070, 276, 276, 276, 276, 322, 322, 276, 202, 202, 202, 202, 202, 202, 17, 95, 1,
        -18, 30, '', 0, 26, 20, 1.43, 100, 100, 100),
       (14, 61, 61, 5242, 5234, 1830, 1088, 282, 282, 282, 282, 325, 325, 282, 204, 204, 204, 204, 204, 204, 17, 97, 1,
        -18, 30, '', 0, 26, 20, 1.43, 100, 100, 100),
       (14, 62, 62, 5417, 5369, 1860, 1105, 288, 288, 288, 288, 329, 329, 288, 206, 206, 206, 206, 206, 206, 17, 98, 1,
        -18, 30, '', 0, 26, 20, 1.43, 100, 100, 100),
       (14, 63, 63, 5597, 5506, 1890, 1124, 294, 294, 294, 294, 332, 332, 294, 208, 208, 208, 208, 208, 208, 17, 99, 1,
        -18, 30, '', 0, 26, 20, 1.43, 100, 100, 100),
       (14, 64, 64, 5782, 5645, 1920, 1141, 301, 301, 301, 301, 336, 336, 301, 214, 214, 214, 214, 214, 214, 18, 101, 1,
        -18, 30, '', 0, 27, 20, 1.43, 100, 100, 100),
       (14, 65, 65, 5970, 5785, 1950, 1159, 307, 307, 307, 307, 339, 339, 307, 216, 216, 216, 216, 216, 216, 18, 102, 1,
        -18, 30, '', 0, 27, 21, 1.43, 100, 100, 100),
       (14, 66, 66, 6164, 5927, 1980, 1177, 344, 344, 344, 344, 373, 373, 344, 218, 218, 218, 218, 218, 218, 18, 104, 1,
        -18, 30, '', 0, 27, 21, 1.43, 100, 100, 100),
       (14, 67, 67, 6362, 6070, 2010, 1195, 355, 355, 355, 355, 381, 381, 355, 220, 220, 220, 220, 220, 220, 18, 105, 1,
        -18, 30, '', 0, 27, 21, 1.43, 100, 100, 100),
       (14, 68, 68, 6565, 6215, 2040, 1212, 367, 367, 367, 367, 390, 390, 367, 226, 226, 226, 226, 226, 226, 19, 106, 1,
        -18, 30, '', 0, 28, 21, 1.43, 100, 100, 100),
       (14, 69, 69, 6772, 6362, 2070, 1231, 378, 378, 378, 378, 398, 398, 378, 228, 228, 228, 228, 228, 228, 19, 108, 1,
        -18, 30, '', 0, 28, 21, 1.43, 100, 100, 100),
       (14, 70, 70, 6985, 6510, 2100, 1248, 394, 394, 394, 394, 407, 407, 394, 230, 230, 230, 230, 230, 230, 19, 109, 1,
        -18, 30, '', 0, 28, 22, 1.43, 100, 100, 100),
       (14, 71, 71, 7202, 6660, 2130, 1266, 406, 406, 406, 406, 415, 415, 406, 232, 232, 232, 232, 232, 232, 19, 111, 1,
        -18, 30, '', 0, 28, 22, 1.43, 100, 100, 100),
       (14, 72, 72, 7425, 6811, 2160, 1284, 418, 418, 418, 418, 424, 424, 418, 238, 238, 238, 238, 238, 238, 20, 112, 1,
        -18, 30, '', 0, 29, 22, 1.43, 100, 100, 100),
       (14, 73, 73, 7652, 6964, 2190, 1302, 430, 430, 430, 430, 432, 432, 430, 240, 240, 240, 240, 240, 240, 20, 113, 1,
        -18, 30, '', 0, 29, 22, 1.43, 100, 100, 100),
       (14, 74, 74, 7885, 7119, 2220, 1319, 442, 442, 442, 442, 441, 441, 442, 242, 242, 242, 242, 242, 242, 20, 115, 1,
        -18, 30, '', 0, 29, 22, 1.43, 100, 100, 100),
       (14, 75, 75, 8123, 7275, 2250, 1338, 454, 454, 454, 454, 449, 449, 454, 244, 244, 244, 244, 244, 244, 20, 116, 1,
        -18, 30, '', 0, 29, 23, 1.43, 100, 100, 100),
       (14, 76, 76, 8366, 7433, 2280, 1355, 467, 467, 467, 467, 458, 458, 467, 250, 250, 250, 250, 250, 250, 21, 118, 1,
        -18, 30, '', 0, 30, 23, 1.43, 100, 100, 100),
       (14, 77, 77, 8614, 7592, 2310, 1373, 479, 479, 479, 479, 466, 466, 479, 252, 252, 252, 252, 252, 252, 21, 119, 1,
        -18, 30, '', 0, 30, 23, 1.43, 100, 100, 100),
       (14, 78, 78, 8868, 7753, 2340, 1391, 492, 492, 492, 492, 475, 475, 492, 254, 254, 254, 254, 254, 254, 21, 120, 1,
        -18, 30, '', 0, 30, 23, 1.43, 100, 100, 100),
       (14, 79, 79, 9128, 7916, 2370, 1409, 504, 504, 504, 504, 483, 483, 504, 256, 256, 256, 256, 256, 256, 21, 122, 1,
        -18, 30, '', 0, 30, 23, 1.43, 100, 100, 100),
       (14, 80, 80, 9393, 8080, 2400, 1426, 521, 521, 521, 521, 492, 492, 521, 262, 262, 262, 262, 262, 262, 22, 123, 1,
        -18, 30, '', 0, 31, 24, 1.43, 100, 100, 100),
       (14, 81, 81, 9664, 8246, 2430, 1445, 534, 534, 534, 534, 500, 500, 534, 264, 264, 264, 264, 264, 264, 22, 125, 1,
        -18, 30, '', 0, 31, 24, 1.43, 100, 100, 100),
       (14, 82, 82, 9940, 8413, 2460, 1462, 547, 547, 547, 547, 509, 509, 547, 266, 266, 266, 266, 266, 266, 22, 126, 1,
        -18, 30, '', 0, 31, 24, 1.43, 100, 100, 100),
       (14, 83, 83, 10222, 8582, 2490, 1480, 560, 560, 560, 560, 517, 517, 560, 268, 268, 268, 268, 268, 268, 22, 127,
        1, -18, 30, '', 0, 31, 24, 1.43, 100, 100, 100),
       (14, 84, 84, 10510, 8753, 2520, 1498, 573, 573, 573, 573, 526, 526, 573, 274, 274, 274, 274, 274, 274, 23, 129,
        1, -18, 30, '', 0, 32, 24, 1.43, 100, 100, 100),
       (14, 85, 85, 10805, 8925, 2550, 1516, 586, 586, 586, 586, 534, 534, 586, 276, 276, 276, 276, 276, 276, 23, 130,
        1, -18, 30, '', 0, 32, 25, 1.43, 100, 100, 100),
       (15, 1, 1, 55, 41, 31, 18, 60, 60, 60, 60, 118, 118, 60, 27, 27, 27, 27, 27, 27, 2, 14, 1, -18, 30, '', 0, 12, 9,
        1.25, 100, 100, 100),
       (15, 2, 2, 100, 83, 62, 36, 61, 61, 61, 61, 122, 122, 61, 29, 29, 29, 29, 29, 29, 2, 15, 1, -18, 30, '', 0, 12,
        9, 1.25, 100, 100, 100),
       (15, 3, 3, 145, 127, 93, 55, 61, 61, 61, 61, 125, 125, 61, 31, 31, 31, 31, 31, 31, 3, 17, 1, -18, 30, '', 0, 12,
        9, 1.25, 100, 100, 100),
       (15, 4, 4, 190, 173, 124, 72, 62, 62, 62, 62, 129, 129, 62, 38, 38, 38, 38, 38, 38, 3, 18, 1, -18, 30, '', 0, 13,
        9, 1.25, 100, 100, 100),
       (15, 5, 5, 236, 220, 155, 91, 63, 63, 63, 63, 132, 132, 63, 40, 40, 40, 40, 40, 40, 3, 20, 1, -18, 30, '', 0, 13,
        10, 1.25, 100, 100, 100),
       (15, 6, 6, 282, 269, 186, 109, 64, 64, 64, 64, 136, 136, 64, 42, 42, 42, 42, 42, 42, 3, 21, 1, -18, 30, '', 0,
        13, 10, 1.25, 100, 100, 100),
       (15, 7, 7, 329, 319, 217, 127, 65, 65, 65, 65, 139, 139, 65, 44, 44, 44, 44, 44, 44, 4, 22, 1, -18, 30, '', 0,
        13, 10, 1.25, 100, 100, 100),
       (15, 8, 8, 376, 371, 248, 145, 66, 66, 66, 66, 143, 143, 66, 51, 51, 51, 51, 51, 51, 4, 24, 1, -18, 30, '', 0,
        14, 10, 1.25, 100, 100, 100),
       (15, 9, 9, 423, 425, 279, 164, 67, 67, 67, 67, 146, 146, 67, 53, 53, 53, 53, 53, 53, 4, 25, 1, -18, 30, '', 0,
        14, 10, 1.25, 100, 100, 100),
       (15, 10, 10, 471, 480, 310, 181, 74, 74, 74, 74, 150, 150, 74, 55, 55, 55, 55, 55, 55, 4, 27, 1, -18, 30, '', 0,
        14, 11, 1.25, 100, 100, 100),
       (15, 11, 11, 520, 537, 341, 200, 75, 75, 75, 75, 153, 153, 75, 57, 57, 57, 57, 57, 57, 5, 28, 1, -18, 30, '', 0,
        14, 11, 1.25, 100, 100, 100),
       (15, 12, 12, 570, 595, 372, 218, 77, 77, 77, 77, 157, 157, 77, 64, 64, 64, 64, 64, 64, 5, 29, 1, -18, 30, '', 0,
        15, 11, 1.25, 100, 100, 100),
       (15, 13, 13, 620, 655, 403, 236, 78, 78, 78, 78, 160, 160, 78, 66, 66, 66, 66, 66, 66, 5, 31, 1, -18, 30, '', 0,
        15, 11, 1.25, 100, 100, 100),
       (15, 14, 14, 672, 717, 434, 254, 80, 80, 80, 80, 164, 164, 80, 68, 68, 68, 68, 68, 68, 5, 32, 1, -18, 30, '', 0,
        15, 11, 1.25, 100, 100, 100),
       (15, 15, 15, 724, 780, 465, 273, 82, 82, 82, 82, 167, 167, 82, 70, 70, 70, 70, 70, 70, 6, 34, 1, -18, 30, '', 0,
        15, 12, 1.25, 100, 100, 100),
       (15, 16, 16, 778, 845, 496, 290, 84, 84, 84, 84, 171, 171, 84, 77, 77, 77, 77, 77, 77, 6, 35, 1, -18, 30, '', 0,
        16, 12, 1.25, 100, 100, 100),
       (15, 17, 17, 832, 911, 527, 309, 86, 86, 86, 86, 174, 174, 86, 79, 79, 79, 79, 79, 79, 6, 36, 1, -18, 30, '', 0,
        16, 12, 1.25, 100, 100, 100),
       (15, 18, 18, 888, 979, 558, 327, 88, 88, 88, 88, 178, 178, 88, 81, 81, 81, 81, 81, 81, 6, 38, 1, -18, 30, '', 0,
        16, 12, 1.25, 100, 100, 100),
       (15, 19, 19, 945, 1049, 589, 345, 90, 90, 90, 90, 181, 181, 90, 83, 83, 83, 83, 83, 83, 7, 39, 1, -18, 30, '', 0,
        16, 12, 1.25, 100, 100, 100),
       (15, 20, 20, 1004, 1120, 620, 363, 98, 98, 98, 98, 185, 185, 98, 90, 90, 90, 90, 90, 90, 7, 41, 1, -18, 30, '',
        0, 17, 13, 1.25, 100, 100, 100),
       (15, 21, 21, 1063, 1193, 651, 382, 100, 100, 100, 100, 188, 188, 100, 92, 92, 92, 92, 92, 92, 7, 42, 1, -18, 30,
        '', 0, 17, 13, 1.25, 100, 100, 100),
       (15, 22, 22, 1125, 1267, 682, 399, 103, 103, 103, 103, 192, 192, 103, 94, 94, 94, 94, 94, 94, 7, 43, 1, -18, 30,
        '', 0, 17, 13, 1.25, 100, 100, 100),
       (15, 23, 23, 1188, 1343, 713, 418, 105, 105, 105, 105, 195, 195, 105, 96, 96, 96, 96, 96, 96, 8, 45, 1, -18, 30,
        '', 0, 17, 13, 1.25, 100, 100, 100),
       (15, 24, 24, 1252, 1421, 744, 436, 108, 108, 108, 108, 199, 199, 108, 103, 103, 103, 103, 103, 103, 8, 46, 1,
        -18, 30, '', 0, 18, 13, 1.25, 100, 100, 100),
       (15, 25, 25, 1318, 1500, 775, 454, 110, 110, 110, 110, 202, 202, 110, 105, 105, 105, 105, 105, 105, 8, 48, 1,
        -18, 30, '', 0, 18, 14, 1.25, 100, 100, 100),
       (15, 26, 26, 1386, 1581, 806, 472, 113, 113, 113, 113, 206, 206, 113, 107, 107, 107, 107, 107, 107, 8, 49, 1,
        -18, 30, '', 0, 18, 14, 1.25, 100, 100, 100),
       (15, 27, 27, 1456, 1663, 837, 491, 116, 116, 116, 116, 209, 209, 116, 109, 109, 109, 109, 109, 109, 9, 50, 1,
        -18, 30, '', 0, 18, 14, 1.25, 100, 100, 100),
       (15, 28, 28, 1528, 1747, 868, 508, 119, 119, 119, 119, 213, 213, 119, 116, 116, 116, 116, 116, 116, 9, 52, 1,
        -18, 30, '', 0, 19, 14, 1.25, 100, 100, 100),
       (15, 29, 29, 1601, 1833, 899, 527, 122, 122, 122, 122, 216, 216, 122, 118, 118, 118, 118, 118, 118, 9, 53, 1,
        -18, 30, '', 0, 19, 14, 1.25, 100, 100, 100),
       (15, 30, 30, 1677, 1920, 930, 545, 130, 130, 130, 130, 220, 220, 130, 120, 120, 120, 120, 120, 120, 9, 55, 1,
        -18, 30, '', 0, 19, 15, 1.25, 100, 100, 100),
       (15, 31, 31, 1755, 2009, 961, 563, 133, 133, 133, 133, 223, 223, 133, 122, 122, 122, 122, 122, 122, 10, 56, 1,
        -18, 30, '', 0, 19, 15, 1.25, 100, 100, 100),
       (15, 32, 32, 1835, 2099, 992, 581, 137, 137, 137, 137, 227, 227, 137, 129, 129, 129, 129, 129, 129, 10, 57, 1,
        -18, 30, '', 0, 20, 15, 1.25, 100, 100, 100),
       (15, 33, 33, 1917, 2191, 1023, 600, 140, 140, 140, 140, 230, 230, 140, 131, 131, 131, 131, 131, 131, 10, 59, 1,
        -18, 30, '', 0, 20, 15, 1.25, 100, 100, 100),
       (15, 34, 34, 2002, 2285, 1054, 617, 144, 144, 144, 144, 234, 234, 144, 133, 133, 133, 133, 133, 133, 10, 60, 1,
        -18, 30, '', 0, 20, 15, 1.25, 100, 100, 100),
       (15, 35, 35, 2089, 2380, 1085, 636, 147, 147, 147, 147, 237, 237, 147, 135, 135, 135, 135, 135, 135, 11, 62, 1,
        -18, 30, '', 0, 20, 16, 1.25, 100, 100, 100),
       (15, 36, 36, 2178, 2477, 1116, 654, 151, 151, 151, 151, 241, 241, 151, 142, 142, 142, 142, 142, 142, 11, 63, 1,
        -18, 30, '', 0, 21, 16, 1.25, 100, 100, 100),
       (15, 37, 37, 2270, 2575, 1147, 672, 155, 155, 155, 155, 244, 244, 155, 144, 144, 144, 144, 144, 144, 11, 64, 1,
        -18, 30, '', 0, 21, 16, 1.25, 100, 100, 100),
       (15, 38, 38, 2365, 2675, 1178, 690, 159, 159, 159, 159, 248, 248, 159, 146, 146, 146, 146, 146, 146, 11, 66, 1,
        -18, 30, '', 0, 21, 16, 1.25, 100, 100, 100),
       (15, 39, 39, 2462, 2777, 1209, 709, 163, 163, 163, 163, 251, 251, 163, 148, 148, 148, 148, 148, 148, 12, 67, 1,
        -18, 30, '', 0, 21, 16, 1.25, 100, 100, 100),
       (15, 40, 40, 2562, 2880, 1240, 726, 172, 172, 172, 172, 255, 255, 172, 155, 155, 155, 155, 155, 155, 12, 69, 1,
        -18, 30, '', 0, 22, 17, 1.25, 100, 100, 100),
       (15, 41, 41, 2665, 2985, 1271, 745, 176, 176, 176, 176, 258, 258, 176, 157, 157, 157, 157, 157, 157, 12, 70, 1,
        -18, 30, '', 0, 22, 17, 1.25, 100, 100, 100),
       (15, 42, 42, 2771, 3091, 1302, 763, 181, 181, 181, 181, 262, 262, 181, 159, 159, 159, 159, 159, 159, 12, 71, 1,
        -18, 30, '', 0, 22, 17, 1.25, 100, 100, 100),
       (15, 43, 43, 2880, 3199, 1333, 781, 185, 185, 185, 185, 265, 265, 185, 161, 161, 161, 161, 161, 161, 13, 73, 1,
        -18, 30, '', 0, 22, 17, 1.25, 100, 100, 100),
       (15, 44, 44, 2992, 3309, 1364, 799, 190, 190, 190, 190, 269, 269, 190, 168, 168, 168, 168, 168, 168, 13, 74, 1,
        -18, 30, '', 0, 23, 17, 1.25, 100, 100, 100),
       (15, 45, 45, 3107, 3420, 1395, 818, 194, 194, 194, 194, 272, 272, 194, 170, 170, 170, 170, 170, 170, 13, 76, 1,
        -18, 30, '', 0, 23, 18, 1.25, 100, 100, 100),
       (15, 46, 46, 3225, 3533, 1426, 835, 199, 199, 199, 199, 276, 276, 199, 172, 172, 172, 172, 172, 172, 13, 77, 1,
        -18, 30, '', 0, 23, 18, 1.25, 100, 100, 100),
       (15, 47, 47, 3346, 3647, 1457, 854, 203, 203, 203, 203, 279, 279, 203, 174, 174, 174, 174, 174, 174, 14, 78, 1,
        -18, 30, '', 0, 23, 18, 1.25, 100, 100, 100),
       (15, 48, 48, 3471, 3763, 1488, 872, 208, 208, 208, 208, 283, 283, 208, 181, 181, 181, 181, 181, 181, 14, 80, 1,
        -18, 30, '', 0, 24, 18, 1.25, 100, 100, 100),
       (15, 49, 49, 3599, 3881, 1519, 890, 213, 213, 213, 213, 286, 286, 213, 183, 183, 183, 183, 183, 183, 14, 81, 1,
        -18, 30, '', 0, 24, 18, 1.25, 100, 100, 100),
       (15, 50, 50, 3730, 4000, 1550, 908, 223, 223, 223, 223, 290, 290, 223, 185, 185, 185, 185, 185, 185, 14, 83, 1,
        -18, 30, '', 0, 24, 19, 1.25, 100, 100, 100),
       (15, 51, 51, 3865, 4121, 1581, 927, 228, 228, 228, 228, 293, 293, 228, 187, 187, 187, 187, 187, 187, 15, 84, 1,
        -18, 30, '', 0, 24, 19, 1.25, 100, 100, 100),
       (15, 52, 52, 4004, 4243, 1612, 944, 233, 233, 233, 233, 297, 297, 233, 194, 194, 194, 194, 194, 194, 15, 85, 1,
        -18, 30, '', 0, 25, 19, 1.49, 100, 100, 100),
       (15, 53, 53, 4146, 4367, 1643, 963, 238, 238, 238, 238, 300, 300, 238, 196, 196, 196, 196, 196, 196, 15, 87, 1,
        -18, 30, '', 0, 25, 19, 1.49, 100, 100, 100),
       (15, 54, 54, 4292, 4493, 1674, 981, 244, 244, 244, 244, 304, 304, 244, 198, 198, 198, 198, 198, 198, 15, 88, 1,
        -18, 30, '', 0, 25, 19, 1.49, 100, 100, 100),
       (15, 55, 55, 4442, 4620, 1705, 999, 249, 249, 249, 249, 307, 307, 249, 200, 200, 200, 200, 200, 200, 16, 90, 1,
        -18, 30, '', 0, 25, 20, 1.49, 100, 100, 100),
       (15, 56, 56, 4596, 4749, 1736, 1017, 255, 255, 255, 255, 311, 311, 255, 207, 207, 207, 207, 207, 207, 16, 91, 1,
        -18, 30, '', 0, 26, 20, 1.49, 100, 100, 100),
       (15, 57, 57, 4753, 4879, 1767, 1036, 260, 260, 260, 260, 314, 314, 260, 209, 209, 209, 209, 209, 209, 16, 92, 1,
        -18, 30, '', 0, 26, 20, 1.49, 100, 100, 100),
       (15, 58, 58, 4915, 5011, 1798, 1053, 266, 266, 266, 266, 318, 318, 266, 211, 211, 211, 211, 211, 211, 16, 94, 1,
        -18, 30, '', 0, 26, 20, 1.49, 100, 100, 100),
       (15, 59, 59, 5081, 5145, 1829, 1072, 272, 272, 272, 272, 321, 321, 272, 213, 213, 213, 213, 213, 213, 17, 95, 1,
        -18, 30, '', 0, 26, 20, 1.49, 100, 100, 100),
       (15, 60, 60, 5251, 5280, 1860, 1090, 283, 283, 283, 283, 325, 325, 283, 220, 220, 220, 220, 220, 220, 17, 97, 1,
        -18, 30, '', 0, 27, 21, 1.49, 100, 100, 100),
       (15, 61, 61, 5425, 5417, 1891, 1108, 289, 289, 289, 289, 328, 328, 289, 222, 222, 222, 222, 222, 222, 17, 98, 1,
        -18, 30, '', 0, 27, 21, 1.49, 100, 100, 100),
       (15, 62, 62, 5603, 5555, 1922, 1126, 295, 295, 295, 295, 332, 332, 295, 224, 224, 224, 224, 224, 224, 17, 99, 1,
        -18, 30, '', 0, 27, 21, 1.49, 100, 100, 100),
       (15, 63, 63, 5786, 5695, 1953, 1145, 301, 301, 301, 301, 335, 335, 301, 226, 226, 226, 226, 226, 226, 18, 101, 1,
        -18, 30, '', 0, 27, 21, 1.49, 100, 100, 100),
       (15, 64, 64, 5974, 5837, 1984, 1162, 308, 308, 308, 308, 339, 339, 308, 233, 233, 233, 233, 233, 233, 18, 102, 1,
        -18, 30, '', 0, 28, 21, 1.49, 100, 100, 100),
       (15, 65, 65, 6165, 5980, 2015, 1181, 314, 314, 314, 314, 342, 342, 314, 235, 235, 235, 235, 235, 235, 18, 104, 1,
        -18, 30, '', 0, 28, 22, 1.49, 100, 100, 100),
       (15, 66, 66, 6362, 6125, 2046, 1199, 351, 351, 351, 351, 376, 376, 351, 237, 237, 237, 237, 237, 237, 18, 105, 1,
        -18, 30, '', 0, 28, 22, 1.49, 100, 100, 100),
       (15, 67, 67, 6563, 6271, 2077, 1217, 362, 362, 362, 362, 384, 384, 362, 239, 239, 239, 239, 239, 239, 19, 106, 1,
        -18, 30, '', 0, 28, 22, 1.49, 100, 100, 100),
       (15, 68, 68, 6769, 6419, 2108, 1235, 374, 374, 374, 374, 393, 393, 374, 246, 246, 246, 246, 246, 246, 19, 108, 1,
        -18, 30, '', 0, 29, 22, 1.49, 100, 100, 100),
       (15, 69, 69, 6979, 6569, 2139, 1254, 385, 385, 385, 385, 401, 401, 385, 248, 248, 248, 248, 248, 248, 19, 109, 1,
        -18, 30, '', 0, 29, 22, 1.49, 100, 100, 100),
       (15, 70, 70, 7195, 6720, 2170, 1271, 402, 402, 402, 402, 410, 410, 402, 250, 250, 250, 250, 250, 250, 19, 111, 1,
        -18, 30, '', 0, 29, 23, 1.49, 100, 100, 100),
       (15, 71, 71, 7415, 6873, 2201, 1290, 414, 414, 414, 414, 418, 418, 414, 252, 252, 252, 252, 252, 252, 20, 112, 1,
        -18, 30, '', 0, 29, 23, 1.49, 100, 100, 100),
       (15, 72, 72, 7641, 7027, 2232, 1308, 426, 426, 426, 426, 427, 427, 426, 259, 259, 259, 259, 259, 259, 20, 113, 1,
        -18, 30, '', 0, 30, 23, 1.49, 100, 100, 100),
       (15, 73, 73, 7871, 7183, 2263, 1326, 438, 438, 438, 438, 435, 435, 438, 261, 261, 261, 261, 261, 261, 20, 115, 1,
        -18, 30, '', 0, 30, 23, 1.49, 100, 100, 100),
       (15, 74, 74, 8107, 7341, 2294, 1344, 450, 450, 450, 450, 444, 444, 450, 263, 263, 263, 263, 263, 263, 20, 116, 1,
        -18, 30, '', 0, 30, 23, 1.49, 100, 100, 100),
       (15, 75, 75, 8348, 7500, 2325, 1363, 462, 462, 462, 462, 452, 452, 462, 265, 265, 265, 265, 265, 265, 21, 118, 1,
        -18, 30, '', 0, 30, 24, 1.49, 100, 100, 100),
       (15, 76, 76, 8594, 7661, 2356, 1380, 475, 475, 475, 475, 461, 461, 475, 272, 272, 272, 272, 272, 272, 21, 119, 1,
        -18, 30, '', 0, 31, 24, 1.49, 100, 100, 100),
       (15, 77, 77, 8845, 7823, 2387, 1399, 487, 487, 487, 487, 469, 469, 487, 274, 274, 274, 274, 274, 274, 21, 120, 1,
        -18, 30, '', 0, 31, 24, 1.49, 100, 100, 100),
       (15, 78, 78, 9102, 7987, 2418, 1417, 500, 500, 500, 500, 478, 478, 500, 276, 276, 276, 276, 276, 276, 21, 122, 1,
        -18, 30, '', 0, 31, 24, 1.49, 100, 100, 100),
       (15, 79, 79, 9365, 8153, 2449, 1435, 512, 512, 512, 512, 486, 486, 512, 278, 278, 278, 278, 278, 278, 22, 123, 1,
        -18, 30, '', 0, 31, 24, 1.49, 100, 100, 100),
       (15, 80, 80, 9633, 8320, 2480, 1453, 530, 530, 530, 530, 495, 495, 530, 285, 285, 285, 285, 285, 285, 22, 125, 1,
        -18, 30, '', 0, 32, 25, 1.49, 100, 100, 100),
       (15, 81, 81, 9907, 8489, 2511, 1472, 543, 543, 543, 543, 503, 503, 543, 287, 287, 287, 287, 287, 287, 22, 126, 1,
        -18, 30, '', 0, 32, 25, 1.49, 100, 100, 100),
       (15, 82, 82, 10186, 8659, 2542, 1489, 556, 556, 556, 556, 512, 512, 556, 289, 289, 289, 289, 289, 289, 22, 127,
        1, -18, 30, '', 0, 32, 25, 1.49, 100, 100, 100),
       (15, 83, 83, 10471, 8831, 2573, 1508, 569, 569, 569, 569, 520, 520, 569, 291, 291, 291, 291, 291, 291, 23, 129,
        1, -18, 30, '', 0, 32, 25, 1.49, 100, 100, 100),
       (15, 84, 84, 10762, 9005, 2604, 1526, 582, 582, 582, 582, 529, 529, 582, 298, 298, 298, 298, 298, 298, 23, 130,
        1, -18, 30, '', 0, 33, 25, 1.49, 100, 100, 100),
       (15, 85, 85, 11060, 9180, 2635, 1544, 595, 595, 595, 595, 537, 537, 595, 300, 300, 300, 300, 300, 300, 23, 132,
        1, -18, 30, '', 0, 33, 26, 1.49, 100, 100, 100),
       (16, 1, 1, 73, 54, 33, 18, 61, 61, 61, 61, 131, 131, 61, 31, 31, 31, 31, 31, 31, 2, 13, 1, -18, 30, '', 0, 14, 8,
        1.25, 100, 100, 100),
       (16, 2, 2, 136, 109, 66, 36, 63, 63, 63, 63, 135, 135, 63, 35, 35, 35, 35, 35, 35, 2, 14, 1, -18, 30, '', 0, 14,
        8, 1.25, 100, 100, 100),
       (16, 3, 3, 199, 166, 99, 55, 63, 63, 63, 63, 138, 138, 63, 37, 37, 37, 37, 37, 37, 2, 15, 1, -18, 30, '', 0, 14,
        8, 1.25, 100, 100, 100),
       (16, 4, 4, 262, 225, 132, 73, 65, 65, 65, 65, 142, 142, 65, 40, 40, 40, 40, 40, 40, 3, 17, 1, -18, 30, '', 0, 15,
        8, 1.25, 100, 100, 100),
       (16, 5, 5, 326, 285, 165, 91, 66, 66, 66, 66, 145, 145, 66, 44, 44, 44, 44, 44, 44, 3, 18, 1, -18, 30, '', 0, 15,
        9, 1.25, 100, 100, 100),
       (16, 6, 6, 390, 347, 198, 110, 68, 68, 68, 68, 149, 149, 68, 46, 46, 46, 46, 46, 46, 3, 20, 1, -18, 30, '', 0,
        15, 9, 1.25, 100, 100, 100),
       (16, 7, 7, 455, 410, 231, 128, 69, 69, 69, 69, 152, 152, 69, 48, 48, 48, 48, 48, 48, 3, 21, 1, -18, 30, '', 0,
        15, 9, 1.25, 100, 100, 100),
       (16, 8, 8, 520, 475, 264, 146, 71, 71, 71, 71, 156, 156, 71, 53, 53, 53, 53, 53, 53, 4, 22, 1, -18, 30, '', 0,
        16, 9, 1.25, 100, 100, 100),
       (16, 9, 9, 585, 542, 297, 165, 72, 72, 72, 72, 159, 159, 72, 55, 55, 55, 55, 55, 55, 4, 24, 1, -18, 30, '', 0,
        16, 9, 1.25, 100, 100, 100),
       (16, 10, 10, 651, 610, 330, 183, 76, 76, 76, 76, 163, 163, 76, 57, 57, 57, 57, 57, 57, 4, 25, 1, -18, 30, '', 0,
        16, 10, 1.25, 100, 100, 100),
       (16, 11, 11, 718, 680, 363, 201, 77, 77, 77, 77, 166, 166, 77, 61, 61, 61, 61, 61, 61, 4, 27, 1, -18, 30, '', 0,
        16, 10, 1.25, 100, 100, 100),
       (16, 12, 12, 786, 751, 396, 220, 80, 80, 80, 80, 170, 170, 80, 64, 64, 64, 64, 64, 64, 5, 28, 1, -18, 30, '', 0,
        17, 10, 1.25, 100, 100, 100),
       (16, 13, 13, 854, 824, 429, 238, 81, 81, 81, 81, 173, 173, 81, 66, 66, 66, 66, 66, 66, 5, 29, 1, -18, 30, '', 0,
        17, 10, 1.25, 100, 100, 100),
       (16, 14, 14, 924, 899, 462, 256, 84, 84, 84, 84, 177, 177, 84, 70, 70, 70, 70, 70, 70, 5, 31, 1, -18, 30, '', 0,
        17, 10, 1.25, 100, 100, 100),
       (16, 15, 15, 994, 975, 495, 275, 86, 86, 86, 86, 180, 180, 86, 72, 72, 72, 72, 72, 72, 5, 32, 1, -18, 30, '', 0,
        17, 11, 1.25, 100, 100, 100),
       (16, 16, 16, 1066, 1053, 528, 293, 89, 89, 89, 89, 184, 184, 89, 75, 75, 75, 75, 75, 75, 6, 34, 1, -18, 30, '',
        0, 18, 11, 1.25, 100, 100, 100),
       (16, 17, 17, 1138, 1132, 561, 311, 91, 91, 91, 91, 187, 187, 91, 79, 79, 79, 79, 79, 79, 6, 35, 1, -18, 30, '',
        0, 18, 11, 1.25, 100, 100, 100),
       (16, 18, 18, 1212, 1213, 594, 330, 94, 94, 94, 94, 191, 191, 94, 81, 81, 81, 81, 81, 81, 6, 36, 1, -18, 30, '',
        0, 18, 11, 1.25, 100, 100, 100),
       (16, 19, 19, 1287, 1296, 627, 348, 96, 96, 96, 96, 194, 194, 96, 83, 83, 83, 83, 83, 83, 6, 38, 1, -18, 30, '',
        0, 18, 11, 1.25, 100, 100, 100),
       (16, 20, 20, 1364, 1380, 660, 366, 101, 101, 101, 101, 198, 198, 101, 88, 88, 88, 88, 88, 88, 7, 39, 1, -18, 30,
        '', 0, 19, 12, 1.25, 100, 100, 100),
       (16, 21, 21, 1441, 1466, 693, 385, 103, 103, 103, 103, 201, 201, 103, 90, 90, 90, 90, 90, 90, 7, 41, 1, -18, 30,
        '', 0, 19, 12, 1.25, 100, 100, 100),
       (16, 22, 22, 1521, 1553, 726, 403, 107, 107, 107, 107, 205, 205, 107, 92, 92, 92, 92, 92, 92, 7, 42, 1, -18, 30,
        '', 0, 19, 12, 1.25, 100, 100, 100),
       (16, 23, 23, 1602, 1642, 759, 421, 109, 109, 109, 109, 208, 208, 109, 96, 96, 96, 96, 96, 96, 7, 43, 1, -18, 30,
        '', 0, 19, 12, 1.25, 100, 100, 100),
       (16, 24, 24, 1684, 1733, 792, 440, 113, 113, 113, 113, 212, 212, 113, 99, 99, 99, 99, 99, 99, 8, 45, 1, -18, 30,
        '', 0, 20, 12, 1.25, 100, 100, 100),
       (16, 25, 25, 1768, 1825, 825, 458, 115, 115, 115, 115, 215, 215, 115, 101, 101, 101, 101, 101, 101, 8, 46, 1,
        -18, 30, '', 0, 20, 13, 1.25, 100, 100, 100),
       (16, 26, 26, 1854, 1919, 858, 476, 119, 119, 119, 119, 219, 219, 119, 105, 105, 105, 105, 105, 105, 8, 48, 1,
        -18, 30, '', 0, 20, 13, 1.25, 100, 100, 100),
       (16, 27, 27, 1942, 2014, 891, 495, 122, 122, 122, 122, 222, 222, 122, 107, 107, 107, 107, 107, 107, 8, 49, 1,
        -18, 30, '', 0, 20, 13, 1.25, 100, 100, 100),
       (16, 28, 28, 2032, 2111, 924, 513, 126, 126, 126, 126, 226, 226, 126, 110, 110, 110, 110, 110, 110, 9, 50, 1,
        -18, 30, '', 0, 21, 13, 1.25, 100, 100, 100),
       (16, 29, 29, 2123, 2210, 957, 531, 129, 129, 129, 129, 229, 229, 129, 114, 114, 114, 114, 114, 114, 9, 52, 1,
        -18, 30, '', 0, 21, 13, 1.25, 100, 100, 100),
       (16, 30, 30, 2217, 2310, 990, 550, 134, 134, 134, 134, 233, 233, 134, 116, 116, 116, 116, 116, 116, 9, 53, 1,
        -18, 30, '', 0, 21, 14, 1.25, 100, 100, 100),
       (16, 31, 31, 2313, 2412, 1023, 568, 137, 137, 137, 137, 236, 236, 137, 118, 118, 118, 118, 118, 118, 9, 55, 1,
        -18, 30, '', 0, 21, 14, 1.25, 100, 100, 100),
       (16, 32, 32, 2411, 2515, 1056, 586, 142, 142, 142, 142, 240, 240, 142, 123, 123, 123, 123, 123, 123, 10, 56, 1,
        -18, 30, '', 0, 22, 14, 1.25, 100, 100, 100),
       (16, 33, 33, 2511, 2620, 1089, 605, 145, 145, 145, 145, 243, 243, 145, 125, 125, 125, 125, 125, 125, 10, 57, 1,
        -18, 30, '', 0, 22, 14, 1.25, 100, 100, 100),
       (16, 34, 34, 2614, 2727, 1122, 623, 150, 150, 150, 150, 247, 247, 150, 127, 127, 127, 127, 127, 127, 10, 59, 1,
        -18, 30, '', 0, 22, 14, 1.25, 100, 100, 100),
       (16, 35, 35, 2719, 2835, 1155, 641, 153, 153, 153, 153, 250, 250, 153, 131, 131, 131, 131, 131, 131, 10, 60, 1,
        -18, 30, '', 0, 22, 15, 1.25, 100, 100, 100),
       (16, 36, 36, 2826, 2945, 1188, 660, 158, 158, 158, 158, 254, 254, 158, 134, 134, 134, 134, 134, 134, 11, 62, 1,
        -18, 30, '', 0, 23, 15, 1.25, 100, 100, 100),
       (16, 37, 37, 2936, 3056, 1221, 678, 162, 162, 162, 162, 257, 257, 162, 136, 136, 136, 136, 136, 136, 11, 63, 1,
        -18, 30, '', 0, 23, 15, 1.25, 100, 100, 100),
       (16, 38, 38, 3049, 3169, 1254, 696, 167, 167, 167, 167, 261, 261, 167, 140, 140, 140, 140, 140, 140, 11, 64, 1,
        -18, 30, '', 0, 23, 15, 1.25, 100, 100, 100),
       (16, 39, 39, 3164, 3284, 1287, 715, 171, 171, 171, 171, 264, 264, 171, 142, 142, 142, 142, 142, 142, 11, 66, 1,
        -18, 30, '', 0, 23, 15, 1.25, 100, 100, 100),
       (16, 40, 40, 3282, 3400, 1320, 733, 177, 177, 177, 177, 268, 268, 177, 145, 145, 145, 145, 145, 145, 12, 67, 1,
        -18, 30, '', 0, 24, 16, 1.25, 100, 100, 100),
       (16, 41, 41, 3403, 3518, 1353, 751, 181, 181, 181, 181, 271, 271, 181, 149, 149, 149, 149, 149, 149, 12, 69, 1,
        -18, 30, '', 0, 24, 16, 1.25, 100, 100, 100),
       (16, 42, 42, 3527, 3637, 1386, 770, 187, 187, 187, 187, 275, 275, 187, 151, 151, 151, 151, 151, 151, 12, 70, 1,
        -18, 30, '', 0, 24, 16, 1.25, 100, 100, 100),
       (16, 43, 43, 3654, 3758, 1419, 788, 191, 191, 191, 191, 278, 278, 191, 153, 153, 153, 153, 153, 153, 12, 71, 1,
        -18, 30, '', 0, 24, 16, 1.25, 100, 100, 100),
       (16, 44, 44, 3784, 3881, 1452, 806, 197, 197, 197, 197, 282, 282, 197, 158, 158, 158, 158, 158, 158, 13, 73, 1,
        -18, 30, '', 0, 25, 16, 1.25, 100, 100, 100),
       (16, 45, 45, 3917, 4005, 1485, 825, 201, 201, 201, 201, 285, 285, 201, 160, 160, 160, 160, 160, 160, 13, 74, 1,
        -18, 30, '', 0, 25, 17, 1.25, 100, 100, 100),
       (16, 46, 46, 4053, 4131, 1518, 843, 207, 207, 207, 207, 289, 289, 207, 162, 162, 162, 162, 162, 162, 13, 76, 1,
        -18, 30, '', 0, 25, 17, 1.25, 100, 100, 100),
       (16, 47, 47, 4192, 4258, 1551, 861, 211, 211, 211, 211, 292, 292, 211, 166, 166, 166, 166, 166, 166, 13, 77, 1,
        -18, 30, '', 0, 25, 17, 1.25, 100, 100, 100),
       (16, 48, 48, 4335, 4387, 1584, 880, 217, 217, 217, 217, 296, 296, 217, 169, 169, 169, 169, 169, 169, 14, 78, 1,
        -18, 30, '', 0, 26, 17, 1.25, 100, 100, 100),
       (16, 49, 49, 4481, 4518, 1617, 898, 222, 222, 222, 222, 299, 299, 222, 171, 171, 171, 171, 171, 171, 14, 80, 1,
        -18, 30, '', 0, 26, 17, 1.25, 100, 100, 100),
       (16, 50, 50, 4630, 4650, 1650, 916, 229, 229, 229, 229, 303, 303, 229, 175, 175, 175, 175, 175, 175, 14, 81, 1,
        -18, 30, '', 0, 26, 18, 1.25, 100, 100, 100),
       (16, 51, 51, 4783, 4784, 1683, 935, 234, 234, 234, 234, 306, 306, 234, 177, 177, 177, 177, 177, 177, 14, 83, 1,
        -18, 30, '', 0, 26, 18, 1.25, 100, 100, 100),
       (16, 52, 52, 4940, 4919, 1716, 953, 240, 240, 240, 240, 310, 310, 240, 180, 180, 180, 180, 180, 180, 15, 84, 1,
        -18, 30, '', 0, 27, 18, 1.55, 100, 100, 100),
       (16, 53, 53, 5100, 5056, 1749, 971, 245, 245, 245, 245, 313, 313, 245, 184, 184, 184, 184, 184, 184, 15, 85, 1,
        -18, 30, '', 0, 27, 18, 1.55, 100, 100, 100),
       (16, 54, 54, 5264, 5195, 1782, 990, 252, 252, 252, 252, 317, 317, 252, 186, 186, 186, 186, 186, 186, 15, 87, 1,
        -18, 30, '', 0, 27, 18, 1.55, 100, 100, 100),
       (16, 55, 55, 5432, 5335, 1815, 1008, 257, 257, 257, 257, 320, 320, 257, 188, 188, 188, 188, 188, 188, 15, 88, 1,
        -18, 30, '', 0, 27, 19, 1.55, 100, 100, 100),
       (16, 56, 56, 5604, 5477, 1848, 1026, 264, 264, 264, 264, 324, 324, 264, 193, 193, 193, 193, 193, 193, 16, 90, 1,
        -18, 30, '', 0, 28, 19, 1.55, 100, 100, 100),
       (16, 57, 57, 5779, 5620, 1881, 1045, 269, 269, 269, 269, 327, 327, 269, 195, 195, 195, 195, 195, 195, 16, 91, 1,
        -18, 30, '', 0, 28, 19, 1.55, 100, 100, 100),
       (16, 58, 58, 5959, 5765, 1914, 1063, 276, 276, 276, 276, 331, 331, 276, 197, 197, 197, 197, 197, 197, 16, 92, 1,
        -18, 30, '', 0, 28, 19, 1.55, 100, 100, 100),
       (16, 59, 59, 6143, 5912, 1947, 1081, 282, 282, 282, 282, 334, 334, 282, 201, 201, 201, 201, 201, 201, 16, 94, 1,
        -18, 30, '', 0, 28, 19, 1.55, 100, 100, 100),
       (16, 60, 60, 6331, 6060, 1980, 1100, 290, 290, 290, 290, 338, 338, 290, 204, 204, 204, 204, 204, 204, 17, 95, 1,
        -18, 30, '', 0, 29, 20, 1.55, 100, 100, 100),
       (16, 61, 61, 6523, 6210, 2013, 1118, 296, 296, 296, 296, 341, 341, 296, 206, 206, 206, 206, 206, 206, 17, 97, 1,
        -18, 30, '', 0, 29, 20, 1.55, 100, 100, 100),
       (16, 62, 62, 6719, 6361, 2046, 1136, 303, 303, 303, 303, 345, 345, 303, 210, 210, 210, 210, 210, 210, 17, 98, 1,
        -18, 30, '', 0, 29, 20, 1.55, 100, 100, 100),
       (16, 63, 63, 6920, 6514, 2079, 1155, 309, 309, 309, 309, 348, 348, 309, 212, 212, 212, 212, 212, 212, 17, 99, 1,
        -18, 30, '', 0, 29, 20, 1.55, 100, 100, 100),
       (16, 64, 64, 7126, 6669, 2112, 1173, 317, 317, 317, 317, 352, 352, 317, 215, 215, 215, 215, 215, 215, 18, 101, 1,
        -18, 30, '', 0, 30, 20, 1.55, 100, 100, 100),
       (16, 65, 65, 7335, 6825, 2145, 1191, 323, 323, 323, 323, 355, 355, 323, 219, 219, 219, 219, 219, 219, 18, 102, 1,
        -18, 30, '', 0, 30, 21, 1.55, 100, 100, 100),
       (16, 66, 66, 7550, 6983, 2178, 1210, 361, 361, 361, 361, 389, 389, 361, 221, 221, 221, 221, 221, 221, 18, 104, 1,
        -18, 30, '', 0, 30, 21, 1.55, 100, 100, 100),
       (16, 67, 67, 7769, 7142, 2211, 1228, 372, 372, 372, 372, 397, 397, 372, 223, 223, 223, 223, 223, 223, 18, 105, 1,
        -18, 30, '', 0, 30, 21, 1.55, 100, 100, 100),
       (16, 68, 68, 7993, 7303, 2244, 1246, 385, 385, 385, 385, 406, 406, 385, 228, 228, 228, 228, 228, 228, 19, 106, 1,
        -18, 30, '', 0, 31, 21, 1.55, 100, 100, 100),
       (16, 69, 69, 8221, 7466, 2277, 1265, 396, 396, 396, 396, 414, 414, 396, 230, 230, 230, 230, 230, 230, 19, 108, 1,
        -18, 30, '', 0, 31, 21, 1.55, 100, 100, 100),
       (16, 70, 70, 8455, 7630, 2310, 1283, 410, 410, 410, 410, 423, 423, 410, 232, 232, 232, 232, 232, 232, 19, 109, 1,
        -18, 30, '', 0, 31, 22, 1.55, 100, 100, 100),
       (16, 71, 71, 8693, 7796, 2343, 1301, 422, 422, 422, 422, 431, 431, 422, 236, 236, 236, 236, 236, 236, 19, 111, 1,
        -18, 30, '', 0, 31, 22, 1.55, 100, 100, 100),
       (16, 72, 72, 8937, 7963, 2376, 1320, 435, 435, 435, 435, 440, 440, 435, 239, 239, 239, 239, 239, 239, 20, 112, 1,
        -18, 30, '', 0, 32, 22, 1.55, 100, 100, 100),
       (16, 73, 73, 9185, 8132, 2409, 1338, 447, 447, 447, 447, 448, 448, 447, 241, 241, 241, 241, 241, 241, 20, 113, 1,
        -18, 30, '', 0, 32, 22, 1.55, 100, 100, 100),
       (16, 74, 74, 9439, 8303, 2442, 1356, 460, 460, 460, 460, 457, 457, 460, 245, 245, 245, 245, 245, 245, 20, 115, 1,
        -18, 30, '', 0, 32, 22, 1.55, 100, 100, 100),
       (16, 75, 75, 9698, 8475, 2475, 1375, 472, 472, 472, 472, 465, 465, 472, 247, 247, 247, 247, 247, 247, 20, 116, 1,
        -18, 30, '', 0, 32, 23, 1.55, 100, 100, 100),
       (16, 76, 76, 9962, 8649, 2508, 1393, 486, 486, 486, 486, 474, 474, 486, 250, 250, 250, 250, 250, 250, 21, 118, 1,
        -18, 30, '', 0, 33, 23, 1.55, 100, 100, 100),
       (16, 77, 77, 10231, 8824, 2541, 1411, 498, 498, 498, 498, 482, 482, 498, 254, 254, 254, 254, 254, 254, 21, 119,
        1, -18, 30, '', 0, 33, 23, 1.55, 100, 100, 100),
       (16, 78, 78, 10506, 9001, 2574, 1430, 512, 512, 512, 512, 491, 491, 512, 256, 256, 256, 256, 256, 256, 21, 120,
        1, -18, 30, '', 0, 33, 23, 1.55, 100, 100, 100),
       (16, 79, 79, 10787, 9180, 2607, 1448, 524, 524, 524, 524, 499, 499, 524, 258, 258, 258, 258, 258, 258, 21, 122,
        1, -18, 30, '', 0, 33, 23, 1.55, 100, 100, 100),
       (16, 80, 80, 11073, 9360, 2640, 1466, 539, 539, 539, 539, 508, 508, 539, 263, 263, 263, 263, 263, 263, 22, 123,
        1, -18, 30, '', 0, 34, 24, 1.55, 100, 100, 100),
       (16, 81, 81, 11365, 9542, 2673, 1485, 552, 552, 552, 552, 516, 516, 552, 265, 265, 265, 265, 265, 265, 22, 125,
        1, -18, 30, '', 0, 34, 24, 1.55, 100, 100, 100),
       (16, 82, 82, 11662, 9725, 2706, 1503, 566, 566, 566, 566, 525, 525, 566, 267, 267, 267, 267, 267, 267, 22, 126,
        1, -18, 30, '', 0, 34, 24, 1.55, 100, 100, 100),
       (16, 83, 83, 11965, 9910, 2739, 1521, 579, 579, 579, 579, 533, 533, 579, 271, 271, 271, 271, 271, 271, 22, 127,
        1, -18, 30, '', 0, 34, 24, 1.55, 100, 100, 100),
       (16, 84, 84, 12274, 10097, 2772, 1540, 593, 593, 593, 593, 542, 542, 593, 274, 274, 274, 274, 274, 274, 23, 129,
        1, -18, 30, '', 0, 35, 24, 1.55, 100, 100, 100),
       (16, 85, 85, 12590, 10285, 2805, 1558, 606, 606, 606, 606, 550, 550, 606, 276, 276, 276, 276, 276, 276, 23, 130,
        1, -18, 30, '', 0, 35, 25, 1.55, 100, 100, 100),
       (17, 1, 1, 76, 57, 34, 18, 62, 62, 62, 62, 134, 134, 62, 34, 34, 34, 34, 34, 34, 2, 14, 1, -18, 30, '', 0, 15, 9,
        1.25, 100, 100, 100),
       (17, 2, 2, 142, 115, 68, 37, 64, 64, 64, 64, 138, 138, 64, 38, 38, 38, 38, 38, 38, 2, 15, 1, -18, 30, '', 0, 15,
        9, 1.25, 100, 100, 100),
       (17, 3, 3, 208, 175, 102, 56, 64, 64, 64, 64, 141, 141, 64, 40, 40, 40, 40, 40, 40, 3, 17, 1, -18, 30, '', 0, 15,
        9, 1.25, 100, 100, 100),
       (17, 4, 4, 274, 237, 136, 74, 66, 66, 66, 66, 145, 145, 66, 44, 44, 44, 44, 44, 44, 3, 18, 1, -18, 30, '', 0, 16,
        9, 1.25, 100, 100, 100),
       (17, 5, 5, 341, 300, 170, 93, 67, 67, 67, 67, 148, 148, 67, 48, 48, 48, 48, 48, 48, 3, 20, 1, -18, 30, '', 0, 16,
        10, 1.25, 100, 100, 100),
       (17, 6, 6, 408, 365, 204, 112, 69, 69, 69, 69, 152, 152, 69, 50, 50, 50, 50, 50, 50, 3, 21, 1, -18, 30, '', 0,
        16, 10, 1.25, 100, 100, 100),
       (17, 7, 7, 476, 431, 238, 130, 70, 70, 70, 70, 155, 155, 70, 52, 52, 52, 52, 52, 52, 4, 22, 1, -18, 30, '', 0,
        16, 10, 1.25, 100, 100, 100),
       (17, 8, 8, 544, 499, 272, 149, 72, 72, 72, 72, 159, 159, 72, 58, 58, 58, 58, 58, 58, 4, 24, 1, -18, 30, '', 0,
        17, 10, 1.25, 100, 100, 100),
       (17, 9, 9, 612, 569, 306, 168, 73, 73, 73, 73, 162, 162, 73, 60, 60, 60, 60, 60, 60, 4, 25, 1, -18, 30, '', 0,
        17, 10, 1.25, 100, 100, 100),
       (17, 10, 10, 681, 640, 340, 186, 78, 78, 78, 78, 166, 166, 78, 62, 62, 62, 62, 62, 62, 4, 27, 1, -18, 30, '', 0,
        17, 11, 1.25, 100, 100, 100),
       (17, 11, 11, 751, 713, 374, 205, 79, 79, 79, 79, 169, 169, 79, 66, 66, 66, 66, 66, 66, 5, 28, 1, -18, 30, '', 0,
        17, 11, 1.25, 100, 100, 100),
       (17, 12, 12, 822, 787, 408, 224, 82, 82, 82, 82, 173, 173, 82, 70, 70, 70, 70, 70, 70, 5, 29, 1, -18, 30, '', 0,
        18, 11, 1.25, 100, 100, 100),
       (17, 13, 13, 893, 863, 442, 242, 83, 83, 83, 83, 176, 176, 83, 72, 72, 72, 72, 72, 72, 5, 31, 1, -18, 30, '', 0,
        18, 11, 1.25, 100, 100, 100),
       (17, 14, 14, 966, 941, 476, 261, 86, 86, 86, 86, 180, 180, 86, 76, 76, 76, 76, 76, 76, 5, 32, 1, -18, 30, '', 0,
        18, 11, 1.25, 100, 100, 100),
       (17, 15, 15, 1039, 1020, 510, 280, 88, 88, 88, 88, 183, 183, 88, 78, 78, 78, 78, 78, 78, 6, 34, 1, -18, 30, '',
        0, 18, 12, 1.25, 100, 100, 100),
       (17, 16, 16, 1114, 1101, 544, 298, 91, 91, 91, 91, 187, 187, 91, 82, 82, 82, 82, 82, 82, 6, 35, 1, -18, 30, '',
        0, 19, 12, 1.25, 100, 100, 100),
       (17, 17, 17, 1189, 1183, 578, 317, 93, 93, 93, 93, 190, 190, 93, 86, 86, 86, 86, 86, 86, 6, 36, 1, -18, 30, '',
        0, 19, 12, 1.25, 100, 100, 100),
       (17, 18, 18, 1266, 1267, 612, 336, 96, 96, 96, 96, 194, 194, 96, 88, 88, 88, 88, 88, 88, 6, 38, 1, -18, 30, '',
        0, 19, 12, 1.25, 100, 100, 100),
       (17, 19, 19, 1344, 1353, 646, 354, 98, 98, 98, 98, 197, 197, 98, 90, 90, 90, 90, 90, 90, 7, 39, 1, -18, 30, '',
        0, 19, 12, 1.25, 100, 100, 100),
       (17, 20, 20, 1424, 1440, 680, 373, 104, 104, 104, 104, 201, 201, 104, 96, 96, 96, 96, 96, 96, 7, 41, 1, -18, 30,
        '', 0, 20, 13, 1.25, 100, 100, 100),
       (17, 21, 21, 1504, 1529, 714, 392, 106, 106, 106, 106, 204, 204, 106, 98, 98, 98, 98, 98, 98, 7, 42, 1, -18, 30,
        '', 0, 20, 13, 1.25, 100, 100, 100),
       (17, 22, 22, 1587, 1619, 748, 410, 110, 110, 110, 110, 208, 208, 110, 100, 100, 100, 100, 100, 100, 7, 43, 1,
        -18, 30, '', 0, 20, 13, 1.25, 100, 100, 100),
       (17, 23, 23, 1671, 1711, 782, 429, 112, 112, 112, 112, 211, 211, 112, 104, 104, 104, 104, 104, 104, 8, 45, 1,
        -18, 30, '', 0, 20, 13, 1.25, 100, 100, 100),
       (17, 24, 24, 1756, 1805, 816, 448, 116, 116, 116, 116, 215, 215, 116, 108, 108, 108, 108, 108, 108, 8, 46, 1,
        -18, 30, '', 0, 21, 13, 1.25, 100, 100, 100),
       (17, 25, 25, 1843, 1900, 850, 466, 118, 118, 118, 118, 218, 218, 118, 110, 110, 110, 110, 110, 110, 8, 48, 1,
        -18, 30, '', 0, 21, 14, 1.25, 100, 100, 100),
       (17, 26, 26, 1932, 1997, 884, 485, 122, 122, 122, 122, 222, 222, 122, 114, 114, 114, 114, 114, 114, 8, 49, 1,
        -18, 30, '', 0, 21, 14, 1.25, 100, 100, 100),
       (17, 27, 27, 2023, 2095, 918, 504, 125, 125, 125, 125, 225, 225, 125, 116, 116, 116, 116, 116, 116, 9, 50, 1,
        -18, 30, '', 0, 21, 14, 1.25, 100, 100, 100),
       (17, 28, 28, 2116, 2195, 952, 522, 129, 129, 129, 129, 229, 229, 129, 120, 120, 120, 120, 120, 120, 9, 52, 1,
        -18, 30, '', 0, 22, 14, 1.25, 100, 100, 100),
       (17, 29, 29, 2210, 2297, 986, 541, 132, 132, 132, 132, 232, 232, 132, 124, 124, 124, 124, 124, 124, 9, 53, 1,
        -18, 30, '', 0, 22, 14, 1.25, 100, 100, 100),
       (17, 30, 30, 2307, 2400, 1020, 560, 138, 138, 138, 138, 236, 236, 138, 126, 126, 126, 126, 126, 126, 9, 55, 1,
        -18, 30, '', 0, 22, 15, 1.25, 100, 100, 100),
       (17, 31, 31, 2406, 2505, 1054, 578, 141, 141, 141, 141, 239, 239, 141, 128, 128, 128, 128, 128, 128, 10, 56, 1,
        -18, 30, '', 0, 22, 15, 1.25, 100, 100, 100),
       (17, 32, 32, 2507, 2611, 1088, 597, 146, 146, 146, 146, 243, 243, 146, 134, 134, 134, 134, 134, 134, 10, 57, 1,
        -18, 30, '', 0, 23, 15, 1.25, 100, 100, 100),
       (17, 33, 33, 2610, 2719, 1122, 616, 149, 149, 149, 149, 246, 246, 149, 136, 136, 136, 136, 136, 136, 10, 59, 1,
        -18, 30, '', 0, 23, 15, 1.25, 100, 100, 100),
       (17, 34, 34, 2716, 2829, 1156, 634, 154, 154, 154, 154, 250, 250, 154, 138, 138, 138, 138, 138, 138, 10, 60, 1,
        -18, 30, '', 0, 23, 15, 1.25, 100, 100, 100),
       (17, 35, 35, 2824, 2940, 1190, 653, 157, 157, 157, 157, 253, 253, 157, 142, 142, 142, 142, 142, 142, 11, 62, 1,
        -18, 30, '', 0, 23, 16, 1.25, 100, 100, 100),
       (17, 36, 36, 2934, 3053, 1224, 672, 162, 162, 162, 162, 257, 257, 162, 146, 146, 146, 146, 146, 146, 11, 63, 1,
        -18, 30, '', 0, 24, 16, 1.25, 100, 100, 100),
       (17, 37, 37, 3047, 3167, 1258, 690, 166, 166, 166, 166, 260, 260, 166, 148, 148, 148, 148, 148, 148, 11, 64, 1,
        -18, 30, '', 0, 24, 16, 1.25, 100, 100, 100),
       (17, 38, 38, 3163, 3283, 1292, 709, 171, 171, 171, 171, 264, 264, 171, 152, 152, 152, 152, 152, 152, 11, 66, 1,
        -18, 30, '', 0, 24, 16, 1.25, 100, 100, 100),
       (17, 39, 39, 3281, 3401, 1326, 728, 175, 175, 175, 175, 267, 267, 175, 154, 154, 154, 154, 154, 154, 12, 67, 1,
        -18, 30, '', 0, 24, 16, 1.25, 100, 100, 100),
       (17, 40, 40, 3402, 3520, 1360, 746, 182, 182, 182, 182, 271, 271, 182, 158, 158, 158, 158, 158, 158, 12, 69, 1,
        -18, 30, '', 0, 25, 17, 1.25, 100, 100, 100),
       (17, 41, 41, 3526, 3641, 1394, 765, 186, 186, 186, 186, 274, 274, 186, 162, 162, 162, 162, 162, 162, 12, 70, 1,
        -18, 30, '', 0, 25, 17, 1.25, 100, 100, 100),
       (17, 42, 42, 3653, 3763, 1428, 784, 192, 192, 192, 192, 278, 278, 192, 164, 164, 164, 164, 164, 164, 12, 71, 1,
        -18, 30, '', 0, 25, 17, 1.25, 100, 100, 100),
       (17, 43, 43, 3783, 3887, 1462, 802, 196, 196, 196, 196, 281, 281, 196, 166, 166, 166, 166, 166, 166, 13, 73, 1,
        -18, 30, '', 0, 25, 17, 1.25, 100, 100, 100),
       (17, 44, 44, 3916, 4013, 1496, 821, 202, 202, 202, 202, 285, 285, 202, 172, 172, 172, 172, 172, 172, 13, 74, 1,
        -18, 30, '', 0, 26, 17, 1.25, 100, 100, 100),
       (17, 45, 45, 4052, 4140, 1530, 840, 206, 206, 206, 206, 288, 288, 206, 174, 174, 174, 174, 174, 174, 13, 76, 1,
        -18, 30, '', 0, 26, 18, 1.25, 100, 100, 100),
       (17, 46, 46, 4191, 4269, 1564, 858, 212, 212, 212, 212, 292, 292, 212, 176, 176, 176, 176, 176, 176, 13, 77, 1,
        -18, 30, '', 0, 26, 18, 1.25, 100, 100, 100),
       (17, 47, 47, 4333, 4399, 1598, 877, 216, 216, 216, 216, 295, 295, 216, 180, 180, 180, 180, 180, 180, 14, 78, 1,
        -18, 30, '', 0, 26, 18, 1.25, 100, 100, 100),
       (17, 48, 48, 4479, 4531, 1632, 896, 222, 222, 222, 222, 299, 299, 222, 184, 184, 184, 184, 184, 184, 14, 80, 1,
        -18, 30, '', 0, 27, 18, 1.25, 100, 100, 100),
       (17, 49, 49, 4628, 4665, 1666, 914, 227, 227, 227, 227, 302, 302, 227, 186, 186, 186, 186, 186, 186, 14, 81, 1,
        -18, 30, '', 0, 27, 18, 1.25, 100, 100, 100),
       (17, 50, 50, 4780, 4800, 1700, 933, 235, 235, 235, 235, 306, 306, 235, 190, 190, 190, 190, 190, 190, 14, 83, 1,
        -18, 30, '', 0, 27, 19, 1.25, 100, 100, 100),
       (17, 51, 51, 4936, 4937, 1734, 952, 240, 240, 240, 240, 309, 309, 240, 192, 192, 192, 192, 192, 192, 15, 84, 1,
        -18, 30, '', 0, 27, 19, 1.25, 100, 100, 100),
       (17, 52, 52, 5096, 5075, 1768, 970, 246, 246, 246, 246, 313, 313, 246, 196, 196, 196, 196, 196, 196, 15, 85, 1,
        -18, 30, '', 0, 28, 19, 1.61, 100, 100, 100),
       (17, 53, 53, 5259, 5215, 1802, 989, 251, 251, 251, 251, 316, 316, 251, 200, 200, 200, 200, 200, 200, 15, 87, 1,
        -18, 30, '', 0, 28, 19, 1.61, 100, 100, 100),
       (17, 54, 54, 5426, 5357, 1836, 1008, 258, 258, 258, 258, 320, 320, 258, 202, 202, 202, 202, 202, 202, 15, 88, 1,
        -18, 30, '', 0, 28, 19, 1.61, 100, 100, 100),
       (17, 55, 55, 5597, 5500, 1870, 1026, 263, 263, 263, 263, 323, 323, 263, 204, 204, 204, 204, 204, 204, 16, 90, 1,
        -18, 30, '', 0, 28, 20, 1.61, 100, 100, 100),
       (17, 56, 56, 5772, 5645, 1904, 1045, 270, 270, 270, 270, 327, 327, 270, 210, 210, 210, 210, 210, 210, 16, 91, 1,
        -18, 30, '', 0, 29, 20, 1.61, 100, 100, 100),
       (17, 57, 57, 5950, 5791, 1938, 1064, 275, 275, 275, 275, 330, 330, 275, 212, 212, 212, 212, 212, 212, 16, 92, 1,
        -18, 30, '', 0, 29, 20, 1.61, 100, 100, 100),
       (17, 58, 58, 6133, 5939, 1972, 1082, 282, 282, 282, 282, 334, 334, 282, 214, 214, 214, 214, 214, 214, 16, 94, 1,
        -18, 30, '', 0, 29, 20, 1.61, 100, 100, 100),
       (17, 59, 59, 6320, 6089, 2006, 1101, 288, 288, 288, 288, 337, 337, 288, 218, 218, 218, 218, 218, 218, 17, 95, 1,
        -18, 30, '', 0, 29, 20, 1.61, 100, 100, 100),
       (17, 60, 60, 6511, 6240, 2040, 1120, 297, 297, 297, 297, 341, 341, 297, 222, 222, 222, 222, 222, 222, 17, 97, 1,
        -18, 30, '', 0, 30, 21, 1.61, 100, 100, 100),
       (17, 61, 61, 6706, 6393, 2074, 1138, 303, 303, 303, 303, 344, 344, 303, 224, 224, 224, 224, 224, 224, 17, 98, 1,
        -18, 30, '', 0, 30, 21, 1.61, 100, 100, 100),
       (17, 62, 62, 6905, 6547, 2108, 1157, 310, 310, 310, 310, 348, 348, 310, 228, 228, 228, 228, 228, 228, 17, 99, 1,
        -18, 30, '', 0, 30, 21, 1.61, 100, 100, 100),
       (17, 63, 63, 7109, 6703, 2142, 1176, 316, 316, 316, 316, 351, 351, 316, 230, 230, 230, 230, 230, 230, 18, 101, 1,
        -18, 30, '', 0, 30, 21, 1.61, 100, 100, 100),
       (17, 64, 64, 7318, 6861, 2176, 1194, 324, 324, 324, 324, 355, 355, 324, 234, 234, 234, 234, 234, 234, 18, 102, 1,
        -18, 30, '', 0, 31, 21, 1.61, 100, 100, 100),
       (17, 65, 65, 7530, 7020, 2210, 1213, 330, 330, 330, 330, 358, 358, 330, 238, 238, 238, 238, 238, 238, 18, 104, 1,
        -18, 30, '', 0, 31, 22, 1.61, 100, 100, 100),
       (17, 66, 66, 7748, 7181, 2244, 1232, 368, 368, 368, 368, 392, 392, 368, 240, 240, 240, 240, 240, 240, 18, 105, 1,
        -18, 30, '', 0, 31, 22, 1.61, 100, 100, 100),
       (17, 67, 67, 7970, 7343, 2278, 1250, 379, 379, 379, 379, 400, 400, 379, 242, 242, 242, 242, 242, 242, 19, 106, 1,
        -18, 30, '', 0, 31, 22, 1.61, 100, 100, 100),
       (17, 68, 68, 8197, 7507, 2312, 1269, 392, 392, 392, 392, 409, 409, 392, 248, 248, 248, 248, 248, 248, 19, 108, 1,
        -18, 30, '', 0, 32, 22, 1.61, 100, 100, 100),
       (17, 69, 69, 8428, 7673, 2346, 1288, 403, 403, 403, 403, 417, 417, 403, 250, 250, 250, 250, 250, 250, 19, 109, 1,
        -18, 30, '', 0, 32, 22, 1.61, 100, 100, 100),
       (17, 70, 70, 8665, 7840, 2380, 1306, 418, 418, 418, 418, 426, 426, 418, 252, 252, 252, 252, 252, 252, 19, 111, 1,
        -18, 30, '', 0, 32, 23, 1.61, 100, 100, 100),
       (17, 71, 71, 8906, 8009, 2414, 1325, 430, 430, 430, 430, 434, 434, 430, 256, 256, 256, 256, 256, 256, 20, 112, 1,
        -18, 30, '', 0, 32, 23, 1.61, 100, 100, 100),
       (17, 72, 72, 9153, 8179, 2448, 1344, 443, 443, 443, 443, 443, 443, 443, 260, 260, 260, 260, 260, 260, 20, 113, 1,
        -18, 30, '', 0, 33, 23, 1.61, 100, 100, 100),
       (17, 73, 73, 9404, 8351, 2482, 1362, 455, 455, 455, 455, 451, 451, 455, 262, 262, 262, 262, 262, 262, 20, 115, 1,
        -18, 30, '', 0, 33, 23, 1.61, 100, 100, 100),
       (17, 74, 74, 9661, 8525, 2516, 1381, 468, 468, 468, 468, 460, 460, 468, 266, 266, 266, 266, 266, 266, 20, 116, 1,
        -18, 30, '', 0, 33, 23, 1.61, 100, 100, 100),
       (17, 75, 75, 9923, 8700, 2550, 1400, 480, 480, 480, 480, 468, 468, 480, 268, 268, 268, 268, 268, 268, 21, 118, 1,
        -18, 30, '', 0, 33, 24, 1.61, 100, 100, 100),
       (17, 76, 76, 10190, 8877, 2584, 1418, 494, 494, 494, 494, 477, 477, 494, 272, 272, 272, 272, 272, 272, 21, 119,
        1, -18, 30, '', 0, 34, 24, 1.61, 100, 100, 100),
       (17, 77, 77, 10462, 9055, 2618, 1437, 506, 506, 506, 506, 485, 485, 506, 276, 276, 276, 276, 276, 276, 21, 120,
        1, -18, 30, '', 0, 34, 24, 1.61, 100, 100, 100),
       (17, 78, 78, 10740, 9235, 2652, 1456, 520, 520, 520, 520, 494, 494, 520, 278, 278, 278, 278, 278, 278, 21, 122,
        1, -18, 30, '', 0, 34, 24, 1.61, 100, 100, 100),
       (17, 79, 79, 11024, 9417, 2686, 1474, 532, 532, 532, 532, 502, 502, 532, 280, 280, 280, 280, 280, 280, 22, 123,
        1, -18, 30, '', 0, 34, 24, 1.61, 100, 100, 100),
       (17, 80, 80, 11313, 9600, 2720, 1493, 548, 548, 548, 548, 511, 511, 548, 286, 286, 286, 286, 286, 286, 22, 125,
        1, -18, 30, '', 0, 35, 25, 1.61, 100, 100, 100),
       (17, 81, 81, 11608, 9785, 2754, 1512, 561, 561, 561, 561, 519, 519, 561, 288, 288, 288, 288, 288, 288, 22, 126,
        1, -18, 30, '', 0, 35, 25, 1.61, 100, 100, 100),
       (17, 82, 82, 11908, 9971, 2788, 1530, 575, 575, 575, 575, 528, 528, 575, 290, 290, 290, 290, 290, 290, 22, 127,
        1, -18, 30, '', 0, 35, 25, 1.61, 100, 100, 100),
       (17, 83, 83, 12214, 10159, 2822, 1549, 588, 588, 588, 588, 536, 536, 588, 294, 294, 294, 294, 294, 294, 23, 129,
        1, -18, 30, '', 0, 35, 25, 1.61, 100, 100, 100),
       (17, 84, 84, 12526, 10349, 2856, 1568, 602, 602, 602, 602, 545, 545, 602, 298, 298, 298, 298, 298, 298, 23, 130,
        1, -18, 30, '', 0, 36, 25, 1.61, 100, 100, 100),
       (17, 85, 85, 12845, 10540, 2890, 1586, 615, 615, 615, 615, 553, 553, 615, 300, 300, 300, 300, 300, 300, 23, 132,
        1, -18, 30, '', 0, 36, 26, 1.61, 100, 100, 100),
       (21, 1, 1, 44, 0, 20, 28, 66, 66, 66, 66, 75, 75, 66, 15, 15, 15, 15, 15, 15, 3, 9, 1, -18, 30, '', 0, 11, 0,
        1.25, 100, 100, 100),
       (21, 2, 2, 78, 0, 41, 57, 67, 67, 67, 67, 78, 78, 67, 17, 17, 17, 17, 17, 17, 3, 10, 1, -18, 30, '', 0, 11, 0,
        1.25, 100, 100, 100),
       (21, 3, 3, 112, 0, 61, 85, 67, 67, 67, 67, 81, 81, 67, 19, 19, 19, 19, 19, 19, 3, 11, 1, -18, 30, '', 0, 12, 0,
        1.25, 100, 100, 100),
       (21, 4, 4, 146, 0, 82, 114, 68, 68, 68, 68, 84, 84, 68, 22, 22, 22, 22, 22, 22, 4, 13, 1, -18, 30, '', 0, 12, 0,
        1.25, 100, 100, 100),
       (21, 5, 5, 181, 0, 102, 142, 69, 69, 69, 69, 87, 87, 69, 24, 24, 24, 24, 24, 24, 4, 14, 1, -18, 30, '', 0, 12, 0,
        1.25, 100, 100, 100),
       (21, 6, 6, 216, 0, 123, 171, 70, 70, 70, 70, 90, 90, 70, 26, 26, 26, 26, 26, 26, 4, 15, 1, -18, 30, '', 0, 13, 0,
        1.25, 100, 100, 100),
       (21, 7, 7, 252, 0, 143, 199, 71, 71, 71, 71, 93, 93, 71, 28, 28, 28, 28, 28, 28, 4, 17, 1, -18, 30, '', 0, 13, 0,
        1.25, 100, 100, 100),
       (21, 8, 8, 288, 0, 164, 228, 73, 73, 73, 73, 96, 96, 73, 31, 31, 31, 31, 31, 31, 5, 18, 1, -18, 30, '', 0, 13, 0,
        1.25, 100, 100, 100),
       (21, 9, 9, 325, 0, 184, 256, 74, 74, 74, 74, 99, 99, 74, 33, 33, 33, 33, 33, 33, 5, 19, 1, -18, 30, '', 0, 14, 0,
        1.25, 100, 100, 100),
       (21, 10, 10, 362, 0, 205, 285, 77, 77, 77, 77, 102, 102, 77, 35, 35, 35, 35, 35, 35, 5, 20, 1, -18, 30, '', 0,
        14, 0, 1.25, 100, 100, 100),
       (21, 11, 11, 400, 0, 225, 313, 78, 78, 78, 78, 105, 105, 78, 37, 37, 37, 37, 37, 37, 5, 22, 1, -18, 30, '', 0,
        14, 0, 1.25, 100, 100, 100),
       (21, 12, 12, 439, 0, 246, 342, 80, 80, 80, 80, 108, 108, 80, 40, 40, 40, 40, 40, 40, 6, 23, 1, -18, 30, '', 0,
        15, 0, 1.25, 100, 100, 100),
       (21, 13, 13, 479, 0, 266, 370, 81, 81, 81, 81, 111, 111, 81, 42, 42, 42, 42, 42, 42, 6, 24, 1, -18, 30, '', 0,
        15, 0, 1.25, 100, 100, 100),
       (21, 14, 14, 520, 0, 287, 399, 83, 83, 83, 83, 114, 114, 83, 44, 44, 44, 44, 44, 44, 6, 26, 1, -18, 30, '', 0,
        15, 0, 1.25, 100, 100, 100),
       (21, 15, 15, 562, 0, 307, 427, 85, 85, 85, 85, 117, 117, 85, 46, 46, 46, 46, 46, 46, 6, 27, 1, -18, 30, '', 0,
        16, 0, 1.25, 100, 100, 100),
       (21, 16, 16, 605, 0, 328, 456, 87, 87, 87, 87, 120, 120, 87, 49, 49, 49, 49, 49, 49, 7, 28, 1, -18, 30, '', 0,
        16, 0, 1.25, 100, 100, 100),
       (21, 17, 17, 649, 0, 348, 484, 89, 89, 89, 89, 123, 123, 89, 51, 51, 51, 51, 51, 51, 7, 30, 2, -18, 30, '', 0,
        16, 0, 1.25, 100, 100, 100),
       (21, 18, 18, 694, 0, 369, 513, 92, 92, 92, 92, 126, 126, 92, 53, 53, 53, 53, 53, 53, 7, 31, 2, -18, 30, '', 0,
        17, 0, 1.25, 100, 100, 100),
       (21, 19, 19, 741, 0, 389, 541, 94, 94, 94, 94, 129, 129, 94, 55, 55, 55, 55, 55, 55, 7, 32, 2, -18, 30, '', 0,
        17, 0, 1.25, 100, 100, 100),
       (21, 20, 20, 790, 0, 410, 570, 98, 98, 98, 98, 132, 132, 98, 58, 58, 58, 58, 58, 58, 8, 33, 2, -18, 30, '', 0,
        17, 0, 1.25, 100, 100, 100),
       (21, 21, 21, 839, 0, 430, 598, 100, 100, 100, 100, 135, 135, 100, 60, 60, 60, 60, 60, 60, 8, 35, 2, -18, 30, '',
        0, 18, 0, 1.25, 100, 100, 100),
       (21, 22, 22, 891, 0, 451, 627, 103, 103, 103, 103, 138, 138, 103, 62, 62, 62, 62, 62, 62, 8, 36, 2, -18, 30, '',
        0, 18, 0, 1.25, 100, 100, 100),
       (21, 23, 23, 944, 0, 471, 655, 105, 105, 105, 105, 141, 141, 105, 64, 64, 64, 64, 64, 64, 8, 37, 2, -18, 30, '',
        0, 18, 0, 1.25, 100, 100, 100),
       (21, 24, 24, 998, 0, 492, 684, 108, 108, 108, 108, 144, 144, 108, 67, 67, 67, 67, 67, 67, 9, 39, 2, -18, 30, '',
        0, 19, 0, 1.25, 100, 100, 100),
       (21, 25, 25, 1055, 0, 512, 712, 111, 111, 111, 111, 147, 147, 111, 69, 69, 69, 69, 69, 69, 9, 40, 2, -18, 30, '',
        0, 19, 0, 1.25, 100, 100, 100),
       (21, 26, 26, 1113, 0, 533, 741, 114, 114, 114, 114, 150, 150, 114, 71, 71, 71, 71, 71, 71, 9, 41, 2, -18, 30, '',
        0, 19, 0, 1.25, 100, 100, 100),
       (21, 27, 27, 1174, 0, 553, 769, 117, 117, 117, 117, 153, 153, 117, 73, 73, 73, 73, 73, 73, 9, 43, 2, -18, 30, '',
        0, 20, 0, 1.25, 100, 100, 100),
       (21, 28, 28, 1236, 0, 574, 798, 121, 121, 121, 121, 156, 156, 121, 76, 76, 76, 76, 76, 76, 10, 44, 2, -18, 30,
        '', 0, 20, 0, 1.25, 100, 100, 100),
       (21, 29, 29, 1300, 0, 594, 826, 124, 124, 124, 124, 159, 159, 124, 78, 78, 78, 78, 78, 78, 10, 45, 2, -18, 30,
        '', 0, 20, 0, 1.25, 100, 100, 100),
       (21, 30, 30, 1367, 0, 615, 855, 129, 129, 129, 129, 162, 162, 129, 80, 80, 80, 80, 80, 80, 10, 46, 2, -18, 30,
        '', 0, 21, 0, 1.25, 100, 100, 100),
       (21, 31, 31, 1436, 0, 635, 883, 132, 132, 132, 132, 165, 165, 132, 82, 82, 82, 82, 82, 82, 10, 48, 2, -18, 30,
        '', 0, 21, 0, 1.25, 100, 100, 100),
       (21, 32, 32, 1507, 0, 656, 912, 136, 136, 136, 136, 168, 168, 136, 85, 85, 85, 85, 85, 85, 11, 49, 2, -18, 30,
        '', 0, 21, 0, 1.25, 100, 100, 100),
       (21, 33, 33, 1581, 0, 676, 940, 139, 139, 139, 139, 171, 171, 139, 87, 87, 87, 87, 87, 87, 11, 50, 2, -18, 30,
        '', 0, 22, 0, 1.25, 100, 100, 100),
       (21, 34, 34, 1657, 0, 697, 969, 143, 143, 143, 143, 174, 174, 143, 89, 89, 89, 89, 89, 89, 11, 52, 2, -18, 30,
        '', 0, 22, 0, 1.25, 100, 100, 100),
       (21, 35, 35, 1735, 0, 717, 997, 147, 147, 147, 147, 177, 177, 147, 91, 91, 91, 91, 91, 91, 11, 53, 2, -18, 30,
        '', 0, 22, 0, 1.25, 100, 100, 100),
       (21, 36, 36, 1817, 0, 738, 1026, 151, 151, 151, 151, 180, 180, 151, 94, 94, 94, 94, 94, 94, 12, 54, 2, -18, 30,
        '', 0, 23, 0, 1.25, 100, 100, 100),
       (21, 37, 37, 1901, 0, 758, 1054, 155, 155, 155, 155, 183, 183, 155, 96, 96, 96, 96, 96, 96, 12, 56, 2, -18, 30,
        '', 0, 23, 0, 1.25, 100, 100, 100),
       (21, 38, 38, 1987, 0, 779, 1083, 160, 160, 160, 160, 186, 186, 160, 98, 98, 98, 98, 98, 98, 12, 57, 2, -18, 30,
        '', 0, 23, 0, 1.25, 100, 100, 100),
       (21, 39, 39, 2077, 0, 799, 1111, 164, 164, 164, 164, 189, 189, 164, 100, 100, 100, 100, 100, 100, 12, 58, 2, -18,
        30, '', 0, 24, 0, 1.25, 100, 100, 100),
       (21, 40, 40, 2170, 0, 820, 1140, 170, 170, 170, 170, 192, 192, 170, 103, 103, 103, 103, 103, 103, 13, 59, 2, -18,
        30, '', 0, 24, 0, 1.25, 100, 100, 100),
       (21, 41, 41, 2265, 0, 840, 1168, 174, 174, 174, 174, 195, 195, 174, 105, 105, 105, 105, 105, 105, 13, 61, 2, -18,
        30, '', 0, 24, 0, 1.25, 100, 100, 100),
       (21, 42, 42, 2364, 0, 861, 1197, 179, 179, 179, 179, 198, 198, 179, 107, 107, 107, 107, 107, 107, 13, 62, 2, -18,
        30, '', 0, 25, 0, 1.25, 100, 100, 100),
       (21, 43, 43, 2465, 0, 881, 1225, 183, 183, 183, 183, 201, 201, 183, 109, 109, 109, 109, 109, 109, 13, 63, 2, -18,
        30, '', 0, 25, 0, 1.25, 100, 100, 100),
       (21, 44, 44, 2570, 0, 902, 1254, 188, 188, 188, 188, 204, 204, 188, 112, 112, 112, 112, 112, 112, 14, 65, 2, -18,
        30, '', 0, 25, 0, 1.25, 100, 100, 100),
       (21, 45, 45, 2679, 0, 922, 1282, 193, 193, 193, 193, 207, 207, 193, 114, 114, 114, 114, 114, 114, 14, 66, 2, -18,
        30, '', 0, 26, 0, 1.25, 100, 100, 100),
       (21, 46, 46, 2790, 0, 943, 1311, 198, 198, 198, 198, 210, 210, 198, 116, 116, 116, 116, 116, 116, 14, 67, 2, -18,
        30, '', 0, 26, 0, 1.25, 100, 100, 100),
       (21, 47, 47, 2905, 0, 963, 1339, 203, 203, 203, 203, 213, 213, 203, 118, 118, 118, 118, 118, 118, 14, 69, 3, -18,
        30, '', 0, 26, 0, 1.25, 100, 100, 100),
       (21, 48, 48, 3024, 0, 984, 1368, 209, 209, 209, 209, 216, 216, 209, 121, 121, 121, 121, 121, 121, 15, 70, 3, -18,
        30, '', 0, 27, 0, 1.25, 100, 100, 100),
       (21, 49, 49, 3146, 0, 1004, 1396, 214, 214, 214, 214, 219, 219, 214, 123, 123, 123, 123, 123, 123, 15, 71, 3,
        -18, 30, '', 0, 27, 0, 1.25, 100, 100, 100),
       (21, 50, 50, 3272, 0, 1025, 1425, 221, 221, 221, 221, 222, 222, 221, 125, 125, 125, 125, 125, 125, 15, 72, 3,
        -18, 30, '', 0, 27, 0, 1.25, 100, 100, 100),
       (21, 51, 51, 3402, 0, 1045, 1453, 226, 226, 226, 226, 225, 225, 226, 127, 127, 127, 127, 127, 127, 15, 74, 3,
        -18, 30, '', 0, 28, 0, 1.25, 100, 100, 100),
       (21, 52, 52, 3535, 0, 1066, 1482, 232, 232, 232, 232, 228, 228, 232, 130, 130, 130, 130, 130, 130, 16, 75, 3,
        -18, 30, '', 0, 28, 0, 1.25, 100, 100, 100),
       (21, 53, 53, 3672, 0, 1086, 1510, 237, 237, 237, 237, 231, 231, 237, 132, 132, 132, 132, 132, 132, 16, 76, 3,
        -18, 30, '', 0, 28, 0, 1.25, 100, 100, 100),
       (21, 54, 54, 3814, 0, 1107, 1539, 243, 243, 243, 243, 234, 234, 243, 134, 134, 134, 134, 134, 134, 16, 78, 3,
        -18, 30, '', 0, 29, 0, 1.25, 100, 100, 100),
       (21, 55, 55, 3959, 0, 1127, 1567, 249, 249, 249, 249, 237, 237, 249, 136, 136, 136, 136, 136, 136, 16, 79, 3,
        -18, 30, '', 0, 29, 0, 1.25, 100, 100, 100),
       (21, 56, 56, 4109, 0, 1148, 1596, 255, 255, 255, 255, 240, 240, 255, 139, 139, 139, 139, 139, 139, 17, 80, 3,
        -18, 30, '', 0, 29, 0, 1.25, 100, 100, 100),
       (21, 57, 57, 4262, 0, 1168, 1624, 261, 261, 261, 261, 243, 243, 261, 141, 141, 141, 141, 141, 141, 17, 82, 3,
        -18, 30, '', 0, 30, 0, 1.25, 100, 100, 100),
       (21, 58, 58, 4420, 0, 1189, 1653, 268, 268, 268, 268, 246, 246, 268, 143, 143, 143, 143, 143, 143, 17, 83, 3,
        -18, 30, '', 0, 30, 0, 1.25, 100, 100, 100),
       (21, 59, 59, 4583, 0, 1209, 1681, 274, 274, 274, 274, 249, 249, 274, 145, 145, 145, 145, 145, 145, 17, 84, 3,
        -18, 30, '', 0, 30, 0, 1.25, 100, 100, 100),
       (21, 60, 60, 4750, 0, 1230, 1710, 282, 282, 282, 282, 252, 252, 282, 148, 148, 148, 148, 148, 148, 18, 85, 3,
        -18, 30, '', 0, 31, 0, 1.25, 100, 100, 100),
       (21, 61, 61, 4921, 0, 1250, 1738, 288, 288, 288, 288, 255, 255, 288, 150, 150, 150, 150, 150, 150, 21, 102, 4,
        -20, 29, '', 0, 31, 0, 1.25, 100, 100, 100),
       (21, 62, 62, 5097, 0, 1271, 1767, 295, 295, 295, 295, 258, 258, 295, 152, 152, 152, 152, 152, 152, 24, 118, 4,
        -21, 28, '', 0, 31, 0, 1.25, 100, 100, 100),
       (21, 63, 63, 5277, 0, 1291, 1795, 301, 301, 301, 301, 261, 261, 301, 154, 154, 154, 154, 154, 154, 27, 134, 4,
        -21, 28, '', 0, 32, 0, 1.25, 100, 100, 100),
       (21, 64, 64, 5462, 0, 1312, 1824, 308, 308, 308, 308, 264, 264, 308, 157, 157, 157, 157, 157, 157, 31, 151, 4,
        -22, 28, '', 0, 32, 0, 1.25, 100, 100, 100),
       (21, 65, 65, 5652, 0, 1332, 1852, 315, 315, 315, 315, 267, 267, 315, 159, 159, 159, 159, 159, 159, 34, 167, 4,
        -22, 28, '', 0, 32, 0, 1.25, 100, 100, 100),
       (21, 66, 66, 5847, 0, 1353, 1881, 352, 352, 352, 352, 300, 300, 352, 161, 161, 161, 161, 161, 161, 37, 183, 4,
        -23, 28, '', 0, 33, 0, 1.25, 100, 100, 100),
       (21, 67, 67, 6047, 0, 1373, 1909, 364, 364, 364, 364, 308, 308, 364, 163, 163, 163, 163, 163, 163, 40, 200, 4,
        -23, 28, '', 0, 33, 0, 1.25, 100, 100, 100),
       (21, 68, 68, 6252, 0, 1394, 1938, 377, 377, 377, 377, 316, 316, 377, 166, 166, 166, 166, 166, 166, 44, 216, 4,
        -24, 27, '', 0, 33, 0, 1.25, 100, 100, 100),
       (21, 69, 69, 6462, 0, 1414, 1966, 389, 389, 389, 389, 324, 324, 389, 168, 168, 168, 168, 168, 168, 47, 232, 4,
        -24, 27, '', 0, 34, 0, 1.25, 100, 100, 100),
       (21, 70, 70, 6677, 0, 1435, 1995, 403, 403, 403, 403, 332, 332, 403, 170, 170, 170, 170, 170, 170, 50, 248, 4,
        -25, 27, '', 0, 34, 0, 1.25, 100, 100, 100),
       (21, 71, 71, 6897, 0, 1455, 2023, 415, 415, 415, 415, 340, 340, 415, 172, 172, 172, 172, 172, 172, 53, 265, 4,
        -25, 27, '', 0, 34, 0, 1.25, 100, 100, 100),
       (21, 72, 72, 7123, 0, 1476, 2052, 428, 428, 428, 428, 348, 348, 428, 175, 175, 175, 175, 175, 175, 57, 281, 4,
        -26, 27, '', 0, 35, 0, 1.25, 100, 100, 100),
       (21, 73, 73, 7354, 0, 1496, 2080, 440, 440, 440, 440, 356, 356, 440, 177, 177, 177, 177, 177, 177, 60, 297, 4,
        -26, 27, '', 0, 35, 0, 1.25, 100, 100, 100),
       (21, 74, 74, 7591, 0, 1517, 2109, 453, 453, 453, 453, 364, 364, 453, 179, 179, 179, 179, 179, 179, 63, 314, 4,
        -27, 26, '', 0, 35, 0, 1.25, 100, 100, 100),
       (21, 75, 75, 7833, 0, 1537, 2137, 466, 466, 466, 466, 372, 372, 466, 181, 181, 181, 181, 181, 181, 66, 330, 4,
        -27, 26, '', 0, 36, 0, 1.25, 100, 100, 100),
       (21, 76, 76, 8081, 0, 1558, 2166, 479, 479, 479, 479, 380, 380, 479, 184, 184, 184, 184, 184, 184, 70, 346, 4,
        -28, 26, '', 0, 36, 0, 1.25, 100, 100, 100),
       (21, 77, 77, 8334, 0, 1578, 2194, 492, 492, 492, 492, 388, 388, 492, 186, 186, 186, 186, 186, 186, 73, 363, 4,
        -28, 26, '', 0, 36, 0, 1.25, 100, 100, 100),
       (21, 78, 78, 8593, 0, 1599, 2223, 506, 506, 506, 506, 396, 396, 506, 188, 188, 188, 188, 188, 188, 76, 379, 4,
        -29, 26, '', 0, 37, 0, 1.25, 100, 100, 100),
       (21, 79, 79, 8858, 0, 1619, 2251, 519, 519, 519, 519, 404, 404, 519, 190, 190, 190, 190, 190, 190, 79, 395, 4,
        -29, 26, '', 0, 37, 0, 1.25, 100, 100, 100),
       (21, 80, 80, 9130, 0, 1640, 2280, 534, 534, 534, 534, 412, 412, 534, 193, 193, 193, 193, 193, 193, 83, 411, 4,
        -34, 24, '', 0, 37, 0, 1.25, 100, 100, 100),
       (21, 81, 81, 9407, 0, 1660, 2308, 547, 547, 547, 547, 420, 420, 547, 195, 195, 195, 195, 195, 195, 86, 428, 4,
        -34, 24, '', 0, 38, 0, 1.25, 100, 100, 100),
       (21, 82, 82, 9690, 0, 1681, 2337, 561, 561, 561, 561, 428, 428, 561, 197, 197, 197, 197, 197, 197, 89, 444, 4,
        -34, 24, '', 0, 38, 0, 1.25, 100, 100, 100),
       (21, 83, 83, 9979, 0, 1701, 2365, 574, 574, 574, 574, 436, 436, 574, 199, 199, 199, 199, 199, 199, 92, 460, 4,
        -34, 24, '', 0, 38, 0, 1.25, 100, 100, 100),
       (21, 84, 84, 10274, 0, 1722, 2394, 588, 588, 588, 588, 444, 444, 588, 202, 202, 202, 202, 202, 202, 96, 477, 4,
        -34, 24, '', 0, 39, 0, 1.25, 100, 100, 100),
       (21, 85, 85, 10576, 0, 1742, 2422, 602, 602, 602, 602, 452, 452, 602, 204, 204, 204, 204, 204, 204, 99, 493, 4,
        -34, 24, '', 0, 39, 0, 1.25, 100, 100, 100),
       (22, 1, 1, 48, 0, 21, 29, 67, 67, 67, 67, 77, 77, 67, 18, 18, 18, 18, 18, 18, 3, 11, 1, -18, 30, '', 0, 13, 0,
        1.25, 100, 100, 100),
       (22, 2, 2, 86, 0, 42, 58, 68, 68, 68, 68, 80, 80, 68, 20, 20, 20, 20, 20, 20, 4, 13, 1, -18, 30, '', 0, 13, 0,
        1.25, 100, 100, 100),
       (22, 3, 3, 124, 0, 63, 87, 68, 68, 68, 68, 83, 83, 68, 22, 22, 22, 22, 22, 22, 4, 14, 1, -18, 30, '', 0, 14, 0,
        1.25, 100, 100, 100),
       (22, 4, 4, 162, 0, 84, 116, 69, 69, 69, 69, 86, 86, 69, 26, 26, 26, 26, 26, 26, 4, 15, 1, -18, 30, '', 0, 14, 0,
        1.25, 100, 100, 100),
       (22, 5, 5, 201, 0, 105, 145, 70, 70, 70, 70, 89, 89, 70, 28, 28, 28, 28, 28, 28, 4, 17, 1, -18, 30, '', 0, 14, 0,
        1.25, 100, 100, 100),
       (22, 6, 6, 240, 0, 126, 174, 71, 71, 71, 71, 92, 92, 71, 30, 30, 30, 30, 30, 30, 5, 18, 1, -18, 30, '', 0, 15, 0,
        1.25, 100, 100, 100),
       (22, 7, 7, 280, 0, 147, 203, 72, 72, 72, 72, 95, 95, 72, 32, 32, 32, 32, 32, 32, 5, 19, 1, -18, 30, '', 0, 15, 0,
        1.25, 100, 100, 100),
       (22, 8, 8, 320, 0, 168, 232, 74, 74, 74, 74, 98, 98, 74, 36, 36, 36, 36, 36, 36, 5, 20, 1, -18, 30, '', 0, 15, 0,
        1.25, 100, 100, 100),
       (22, 9, 9, 361, 0, 189, 261, 75, 75, 75, 75, 101, 101, 75, 38, 38, 38, 38, 38, 38, 5, 22, 1, -18, 30, '', 0, 16,
        0, 1.25, 100, 100, 100),
       (22, 10, 10, 402, 0, 210, 290, 79, 79, 79, 79, 104, 104, 79, 40, 40, 40, 40, 40, 40, 6, 23, 1, -18, 30, '', 0,
        16, 0, 1.25, 100, 100, 100),
       (22, 11, 11, 444, 0, 231, 319, 80, 80, 80, 80, 107, 107, 80, 42, 42, 42, 42, 42, 42, 6, 24, 1, -18, 30, '', 0,
        16, 0, 1.25, 100, 100, 100),
       (22, 12, 12, 487, 0, 252, 348, 82, 82, 82, 82, 110, 110, 82, 46, 46, 46, 46, 46, 46, 6, 26, 1, -18, 30, '', 0,
        17, 0, 1.25, 100, 100, 100),
       (22, 13, 13, 531, 0, 273, 377, 83, 83, 83, 83, 113, 113, 83, 48, 48, 48, 48, 48, 48, 6, 27, 1, -18, 30, '', 0,
        17, 0, 1.25, 100, 100, 100),
       (22, 14, 14, 576, 0, 294, 406, 85, 85, 85, 85, 116, 116, 85, 50, 50, 50, 50, 50, 50, 7, 28, 1, -18, 30, '', 0,
        17, 0, 1.25, 100, 100, 100),
       (22, 15, 15, 622, 0, 315, 435, 87, 87, 87, 87, 119, 119, 87, 52, 52, 52, 52, 52, 52, 7, 30, 1, -18, 30, '', 0,
        18, 0, 1.25, 100, 100, 100),
       (22, 16, 16, 669, 0, 336, 464, 89, 89, 89, 89, 122, 122, 89, 56, 56, 56, 56, 56, 56, 7, 31, 1, -18, 30, '', 0,
        18, 0, 1.25, 100, 100, 100),
       (22, 17, 17, 717, 0, 357, 493, 91, 91, 91, 91, 125, 125, 91, 58, 58, 58, 58, 58, 58, 7, 32, 2, -18, 30, '', 0,
        18, 0, 1.25, 100, 100, 100),
       (22, 18, 18, 766, 0, 378, 522, 94, 94, 94, 94, 128, 128, 94, 60, 60, 60, 60, 60, 60, 8, 33, 2, -18, 30, '', 0,
        19, 0, 1.25, 100, 100, 100),
       (22, 19, 19, 817, 0, 399, 551, 96, 96, 96, 96, 131, 131, 96, 62, 62, 62, 62, 62, 62, 8, 35, 2, -18, 30, '', 0,
        19, 0, 1.25, 100, 100, 100),
       (22, 20, 20, 870, 0, 420, 580, 101, 101, 101, 101, 134, 134, 101, 66, 66, 66, 66, 66, 66, 8, 36, 2, -18, 30, '',
        0, 19, 0, 1.25, 100, 100, 100),
       (22, 21, 21, 923, 0, 441, 609, 103, 103, 103, 103, 137, 137, 103, 68, 68, 68, 68, 68, 68, 8, 37, 2, -18, 30, '',
        0, 20, 0, 1.25, 100, 100, 100),
       (22, 22, 22, 979, 0, 462, 638, 106, 106, 106, 106, 140, 140, 106, 70, 70, 70, 70, 70, 70, 9, 39, 2, -18, 30, '',
        0, 20, 0, 1.25, 100, 100, 100),
       (22, 23, 23, 1036, 0, 483, 667, 108, 108, 108, 108, 143, 143, 108, 72, 72, 72, 72, 72, 72, 9, 40, 2, -18, 30, '',
        0, 20, 0, 1.25, 100, 100, 100),
       (22, 24, 24, 1094, 0, 504, 696, 111, 111, 111, 111, 146, 146, 111, 76, 76, 76, 76, 76, 76, 9, 41, 2, -18, 30, '',
        0, 21, 0, 1.25, 100, 100, 100),
       (22, 25, 25, 1155, 0, 525, 725, 114, 114, 114, 114, 149, 149, 114, 78, 78, 78, 78, 78, 78, 9, 43, 2, -18, 30, '',
        0, 21, 0, 1.25, 100, 100, 100),
       (22, 26, 26, 1217, 0, 546, 754, 117, 117, 117, 117, 152, 152, 117, 80, 80, 80, 80, 80, 80, 10, 44, 2, -18, 30,
        '', 0, 21, 0, 1.25, 100, 100, 100),
       (22, 27, 27, 1282, 0, 567, 783, 120, 120, 120, 120, 155, 155, 120, 82, 82, 82, 82, 82, 82, 10, 45, 2, -18, 30,
        '', 0, 22, 0, 1.25, 100, 100, 100),
       (22, 28, 28, 1348, 0, 588, 812, 124, 124, 124, 124, 158, 158, 124, 86, 86, 86, 86, 86, 86, 10, 46, 2, -18, 30,
        '', 0, 22, 0, 1.25, 100, 100, 100),
       (22, 29, 29, 1416, 0, 609, 841, 127, 127, 127, 127, 161, 161, 127, 88, 88, 88, 88, 88, 88, 10, 48, 2, -18, 30,
        '', 0, 22, 0, 1.25, 100, 100, 100),
       (22, 30, 30, 1487, 0, 630, 870, 133, 133, 133, 133, 164, 164, 133, 90, 90, 90, 90, 90, 90, 11, 49, 2, -18, 30,
        '', 0, 23, 0, 1.25, 100, 100, 100),
       (22, 31, 31, 1560, 0, 651, 899, 136, 136, 136, 136, 167, 167, 136, 92, 92, 92, 92, 92, 92, 11, 50, 2, -18, 30,
        '', 0, 23, 0, 1.25, 100, 100, 100),
       (22, 32, 32, 1635, 0, 672, 928, 140, 140, 140, 140, 170, 170, 140, 96, 96, 96, 96, 96, 96, 11, 52, 2, -18, 30,
        '', 0, 23, 0, 1.25, 100, 100, 100),
       (22, 33, 33, 1713, 0, 693, 957, 143, 143, 143, 143, 173, 173, 143, 98, 98, 98, 98, 98, 98, 11, 53, 2, -18, 30,
        '', 0, 24, 0, 1.25, 100, 100, 100),
       (22, 34, 34, 1793, 0, 714, 986, 147, 147, 147, 147, 176, 176, 147, 100, 100, 100, 100, 100, 100, 12, 54, 2, -18,
        30, '', 0, 24, 0, 1.25, 100, 100, 100),
       (22, 35, 35, 1875, 0, 735, 1015, 151, 151, 151, 151, 179, 179, 151, 102, 102, 102, 102, 102, 102, 12, 56, 2, -18,
        30, '', 0, 24, 0, 1.25, 100, 100, 100),
       (22, 36, 36, 1961, 0, 756, 1044, 155, 155, 155, 155, 182, 182, 155, 106, 106, 106, 106, 106, 106, 12, 57, 2, -18,
        30, '', 0, 25, 0, 1.25, 100, 100, 100),
       (22, 37, 37, 2049, 0, 777, 1073, 159, 159, 159, 159, 185, 185, 159, 108, 108, 108, 108, 108, 108, 12, 58, 2, -18,
        30, '', 0, 25, 0, 1.25, 100, 100, 100),
       (22, 38, 38, 2139, 0, 798, 1102, 164, 164, 164, 164, 188, 188, 164, 110, 110, 110, 110, 110, 110, 13, 59, 2, -18,
        30, '', 0, 25, 0, 1.25, 100, 100, 100),
       (22, 39, 39, 2233, 0, 819, 1131, 168, 168, 168, 168, 191, 191, 168, 112, 112, 112, 112, 112, 112, 13, 61, 2, -18,
        30, '', 0, 26, 0, 1.25, 100, 100, 100),
       (22, 40, 40, 2330, 0, 840, 1160, 175, 175, 175, 175, 194, 194, 175, 116, 116, 116, 116, 116, 116, 13, 62, 2, -18,
        30, '', 0, 26, 0, 1.25, 100, 100, 100),
       (22, 41, 41, 2429, 0, 861, 1189, 179, 179, 179, 179, 197, 197, 179, 118, 118, 118, 118, 118, 118, 13, 63, 2, -18,
        30, '', 0, 26, 0, 1.25, 100, 100, 100),
       (22, 42, 42, 2532, 0, 882, 1218, 184, 184, 184, 184, 200, 200, 184, 120, 120, 120, 120, 120, 120, 14, 65, 2, -18,
        30, '', 0, 27, 0, 1.25, 100, 100, 100),
       (22, 43, 43, 2637, 0, 903, 1247, 188, 188, 188, 188, 203, 203, 188, 122, 122, 122, 122, 122, 122, 14, 66, 2, -18,
        30, '', 0, 27, 0, 1.25, 100, 100, 100),
       (22, 44, 44, 2746, 0, 924, 1276, 193, 193, 193, 193, 206, 206, 193, 126, 126, 126, 126, 126, 126, 14, 67, 2, -18,
        30, '', 0, 27, 0, 1.25, 100, 100, 100),
       (22, 45, 45, 2859, 0, 945, 1305, 198, 198, 198, 198, 209, 209, 198, 128, 128, 128, 128, 128, 128, 14, 69, 2, -18,
        30, '', 0, 28, 0, 1.25, 100, 100, 100),
       (22, 46, 46, 2974, 0, 966, 1334, 203, 203, 203, 203, 212, 212, 203, 130, 130, 130, 130, 130, 130, 15, 70, 2, -18,
        30, '', 0, 28, 0, 1.25, 100, 100, 100),
       (22, 47, 47, 3093, 0, 987, 1363, 208, 208, 208, 208, 215, 215, 208, 132, 132, 132, 132, 132, 132, 15, 71, 3, -18,
        30, '', 0, 28, 0, 1.25, 100, 100, 100),
       (22, 48, 48, 3216, 0, 1008, 1392, 214, 214, 214, 214, 218, 218, 214, 136, 136, 136, 136, 136, 136, 15, 72, 3,
        -18, 30, '', 0, 29, 0, 1.25, 100, 100, 100),
       (22, 49, 49, 3342, 0, 1029, 1421, 219, 219, 219, 219, 221, 221, 219, 138, 138, 138, 138, 138, 138, 15, 74, 3,
        -18, 30, '', 0, 29, 0, 1.25, 100, 100, 100),
       (22, 50, 50, 3472, 0, 1050, 1450, 227, 227, 227, 227, 224, 224, 227, 140, 140, 140, 140, 140, 140, 16, 75, 3,
        -18, 30, '', 0, 29, 0, 1.25, 100, 100, 100),
       (22, 51, 51, 3606, 0, 1071, 1479, 232, 232, 232, 232, 227, 227, 232, 142, 142, 142, 142, 142, 142, 16, 76, 3,
        -18, 30, '', 0, 30, 0, 1.25, 100, 100, 100),
       (22, 52, 52, 3743, 0, 1092, 1508, 238, 238, 238, 238, 230, 230, 238, 146, 146, 146, 146, 146, 146, 16, 78, 3,
        -18, 30, '', 0, 30, 0, 1.31, 100, 100, 100),
       (22, 53, 53, 3884, 0, 1113, 1537, 243, 243, 243, 243, 233, 233, 243, 148, 148, 148, 148, 148, 148, 16, 79, 3,
        -18, 30, '', 0, 30, 0, 1.31, 100, 100, 100),
       (22, 54, 54, 4030, 0, 1134, 1566, 249, 249, 249, 249, 236, 236, 249, 150, 150, 150, 150, 150, 150, 17, 80, 3,
        -18, 30, '', 0, 31, 0, 1.31, 100, 100, 100),
       (22, 55, 55, 4179, 0, 1155, 1595, 255, 255, 255, 255, 239, 239, 255, 152, 152, 152, 152, 152, 152, 17, 82, 3,
        -18, 30, '', 0, 31, 0, 1.31, 100, 100, 100),
       (22, 56, 56, 4333, 0, 1176, 1624, 261, 261, 261, 261, 242, 242, 261, 156, 156, 156, 156, 156, 156, 17, 83, 3,
        -18, 30, '', 0, 31, 0, 1.31, 100, 100, 100),
       (22, 57, 57, 4490, 0, 1197, 1653, 267, 267, 267, 267, 245, 245, 267, 158, 158, 158, 158, 158, 158, 17, 84, 3,
        -18, 30, '', 0, 32, 0, 1.31, 100, 100, 100),
       (22, 58, 58, 4652, 0, 1218, 1682, 274, 274, 274, 274, 248, 248, 274, 160, 160, 160, 160, 160, 160, 18, 85, 3,
        -18, 30, '', 0, 32, 0, 1.31, 100, 100, 100),
       (22, 59, 59, 4819, 0, 1239, 1711, 280, 280, 280, 280, 251, 251, 280, 162, 162, 162, 162, 162, 162, 18, 87, 3,
        -18, 30, '', 0, 32, 0, 1.31, 100, 100, 100),
       (22, 60, 60, 4990, 0, 1260, 1740, 289, 289, 289, 289, 254, 254, 289, 166, 166, 166, 166, 166, 166, 18, 88, 3,
        -18, 30, '', 0, 33, 0, 1.31, 100, 100, 100),
       (22, 61, 61, 5165, 0, 1281, 1769, 295, 295, 295, 295, 257, 257, 295, 168, 168, 168, 168, 168, 168, 21, 104, 4,
        -21, 28, '', 0, 33, 0, 1.31, 100, 100, 100),
       (22, 62, 62, 5345, 0, 1302, 1798, 302, 302, 302, 302, 260, 260, 302, 170, 170, 170, 170, 170, 170, 25, 121, 4,
        -22, 28, '', 0, 33, 0, 1.31, 100, 100, 100),
       (22, 63, 63, 5529, 0, 1323, 1827, 308, 308, 308, 308, 263, 263, 308, 172, 172, 172, 172, 172, 172, 28, 137, 4,
        -22, 28, '', 0, 34, 0, 1.31, 100, 100, 100),
       (22, 64, 64, 5718, 0, 1344, 1856, 315, 315, 315, 315, 266, 266, 315, 176, 176, 176, 176, 176, 176, 31, 153, 4,
        -23, 28, '', 0, 34, 0, 1.31, 100, 100, 100),
       (22, 65, 65, 5912, 0, 1365, 1885, 322, 322, 322, 322, 269, 269, 322, 178, 178, 178, 178, 178, 178, 34, 170, 4,
        -23, 28, '', 0, 34, 0, 1.31, 100, 100, 100),
       (22, 66, 66, 6111, 0, 1386, 1914, 359, 359, 359, 359, 302, 302, 359, 180, 180, 180, 180, 180, 180, 38, 186, 4,
        -24, 27, '', 0, 35, 0, 1.31, 100, 100, 100),
       (22, 67, 67, 6315, 0, 1407, 1943, 371, 371, 371, 371, 310, 310, 371, 182, 182, 182, 182, 182, 182, 41, 202, 4,
        -24, 27, '', 0, 35, 0, 1.31, 100, 100, 100),
       (22, 68, 68, 6524, 0, 1428, 1972, 384, 384, 384, 384, 318, 318, 384, 186, 186, 186, 186, 186, 186, 44, 218, 4,
        -25, 27, '', 0, 35, 0, 1.31, 100, 100, 100),
       (22, 69, 69, 6738, 0, 1449, 2001, 396, 396, 396, 396, 326, 326, 396, 188, 188, 188, 188, 188, 188, 47, 235, 4,
        -25, 27, '', 0, 36, 0, 1.31, 100, 100, 100),
       (22, 70, 70, 6957, 0, 1470, 2030, 411, 411, 411, 411, 334, 334, 411, 190, 190, 190, 190, 190, 190, 51, 251, 4,
        -26, 27, '', 0, 36, 0, 1.31, 100, 100, 100),
       (22, 71, 71, 7181, 0, 1491, 2059, 423, 423, 423, 423, 342, 342, 423, 192, 192, 192, 192, 192, 192, 54, 267, 4,
        -26, 27, '', 0, 36, 0, 1.31, 100, 100, 100),
       (22, 72, 72, 7411, 0, 1512, 2088, 436, 436, 436, 436, 350, 350, 436, 196, 196, 196, 196, 196, 196, 57, 284, 4,
        -27, 26, '', 0, 37, 0, 1.31, 100, 100, 100),
       (22, 73, 73, 7646, 0, 1533, 2117, 448, 448, 448, 448, 358, 358, 448, 198, 198, 198, 198, 198, 198, 60, 300, 4,
        -27, 26, '', 0, 37, 0, 1.31, 100, 100, 100),
       (22, 74, 74, 7887, 0, 1554, 2146, 461, 461, 461, 461, 366, 366, 461, 200, 200, 200, 200, 200, 200, 64, 316, 4,
        -28, 26, '', 0, 37, 0, 1.31, 100, 100, 100),
       (22, 75, 75, 8133, 0, 1575, 2175, 474, 474, 474, 474, 374, 374, 474, 202, 202, 202, 202, 202, 202, 67, 333, 4,
        -28, 26, '', 0, 38, 0, 1.31, 100, 100, 100),
       (22, 76, 76, 8385, 0, 1596, 2204, 487, 487, 487, 487, 382, 382, 487, 206, 206, 206, 206, 206, 206, 70, 349, 4,
        -29, 26, '', 0, 38, 0, 1.31, 100, 100, 100),
       (22, 77, 77, 8642, 0, 1617, 2233, 500, 500, 500, 500, 390, 390, 500, 208, 208, 208, 208, 208, 208, 73, 365, 4,
        -29, 26, '', 0, 38, 0, 1.31, 100, 100, 100),
       (22, 78, 78, 8905, 0, 1638, 2262, 514, 514, 514, 514, 398, 398, 514, 210, 210, 210, 210, 210, 210, 77, 381, 4,
        -30, 25, '', 0, 39, 0, 1.31, 100, 100, 100),
       (22, 79, 79, 9174, 0, 1659, 2291, 527, 527, 527, 527, 406, 406, 527, 212, 212, 212, 212, 212, 212, 80, 398, 4,
        -30, 25, '', 0, 39, 0, 1.31, 100, 100, 100),
       (22, 80, 80, 9450, 0, 1680, 2320, 543, 543, 543, 543, 414, 414, 543, 216, 216, 216, 216, 216, 216, 83, 414, 4,
        -35, 23, '', 0, 39, 0, 1.31, 100, 100, 100),
       (22, 81, 81, 9731, 0, 1701, 2349, 556, 556, 556, 556, 422, 422, 556, 218, 218, 218, 218, 218, 218, 86, 430, 4,
        -35, 23, '', 0, 40, 0, 1.31, 100, 100, 100),
       (22, 82, 82, 10018, 0, 1722, 2378, 570, 570, 570, 570, 430, 430, 570, 220, 220, 220, 220, 220, 220, 90, 447, 4,
        -35, 23, '', 0, 40, 0, 1.31, 100, 100, 100),
       (22, 83, 83, 10311, 0, 1743, 2407, 583, 583, 583, 583, 438, 438, 583, 222, 222, 222, 222, 222, 222, 93, 463, 4,
        -35, 23, '', 0, 40, 0, 1.31, 100, 100, 100),
       (22, 84, 84, 10610, 0, 1764, 2436, 597, 597, 597, 597, 446, 446, 597, 226, 226, 226, 226, 226, 226, 96, 479, 4,
        -35, 23, '', 0, 41, 0, 1.31, 100, 100, 100),
       (22, 85, 85, 10916, 0, 1785, 2465, 611, 611, 611, 611, 454, 454, 611, 228, 228, 228, 228, 228, 228, 99, 496, 4,
        -35, 23, '', 0, 41, 0, 1.31, 100, 100, 100),
       (23, 1, 1, 52, 0, 21, 29, 68, 68, 68, 68, 79, 79, 68, 21, 21, 21, 21, 21, 21, 4, 14, 1, -18, 30, '', 0, 15, 0,
        1.25, 100, 100, 100),
       (23, 2, 2, 94, 0, 43, 59, 69, 69, 69, 69, 82, 82, 69, 23, 23, 23, 23, 23, 23, 4, 15, 1, -18, 30, '', 0, 15, 0,
        1.25, 100, 100, 100),
       (23, 3, 3, 136, 0, 64, 88, 69, 69, 69, 69, 85, 85, 69, 25, 25, 25, 25, 25, 25, 4, 17, 1, -18, 30, '', 0, 16, 0,
        1.25, 100, 100, 100),
       (23, 4, 4, 178, 0, 86, 118, 70, 70, 70, 70, 88, 88, 70, 30, 30, 30, 30, 30, 30, 5, 18, 1, -18, 30, '', 0, 16, 0,
        1.25, 100, 100, 100),
       (23, 5, 5, 221, 0, 107, 147, 71, 71, 71, 71, 91, 91, 71, 32, 32, 32, 32, 32, 32, 5, 19, 1, -18, 30, '', 0, 16, 0,
        1.25, 100, 100, 100),
       (23, 6, 6, 264, 0, 129, 177, 72, 72, 72, 72, 94, 94, 72, 34, 34, 34, 34, 34, 34, 5, 20, 1, -18, 30, '', 0, 17, 0,
        1.25, 100, 100, 100),
       (23, 7, 7, 308, 0, 150, 206, 73, 73, 73, 73, 97, 97, 73, 36, 36, 36, 36, 36, 36, 5, 22, 1, -18, 30, '', 0, 17, 0,
        1.25, 100, 100, 100),
       (23, 8, 8, 352, 0, 172, 236, 75, 75, 75, 75, 100, 100, 75, 41, 41, 41, 41, 41, 41, 6, 23, 1, -18, 30, '', 0, 17,
        0, 1.25, 100, 100, 100),
       (23, 9, 9, 397, 0, 193, 265, 76, 76, 76, 76, 103, 103, 76, 43, 43, 43, 43, 43, 43, 6, 24, 1, -18, 30, '', 0, 18,
        0, 1.25, 100, 100, 100),
       (23, 10, 10, 442, 0, 215, 295, 81, 81, 81, 81, 106, 106, 81, 45, 45, 45, 45, 45, 45, 6, 26, 1, -18, 30, '', 0,
        18, 0, 1.25, 100, 100, 100),
       (23, 11, 11, 488, 0, 236, 324, 82, 82, 82, 82, 109, 109, 82, 47, 47, 47, 47, 47, 47, 6, 27, 1, -18, 30, '', 0,
        18, 0, 1.25, 100, 100, 100),
       (23, 12, 12, 535, 0, 258, 354, 84, 84, 84, 84, 112, 112, 84, 52, 52, 52, 52, 52, 52, 7, 28, 1, -18, 30, '', 0,
        19, 0, 1.25, 100, 100, 100),
       (23, 13, 13, 583, 0, 279, 383, 85, 85, 85, 85, 115, 115, 85, 54, 54, 54, 54, 54, 54, 7, 30, 1, -18, 30, '', 0,
        19, 0, 1.25, 100, 100, 100),
       (23, 14, 14, 632, 0, 301, 413, 87, 87, 87, 87, 118, 118, 87, 56, 56, 56, 56, 56, 56, 7, 31, 1, -18, 30, '', 0,
        19, 0, 1.25, 100, 100, 100),
       (23, 15, 15, 682, 0, 322, 442, 89, 89, 89, 89, 121, 121, 89, 58, 58, 58, 58, 58, 58, 7, 32, 1, -18, 30, '', 0,
        20, 0, 1.25, 100, 100, 100),
       (23, 16, 16, 733, 0, 344, 472, 91, 91, 91, 91, 124, 124, 91, 63, 63, 63, 63, 63, 63, 8, 33, 1, -18, 30, '', 0,
        20, 0, 1.25, 100, 100, 100),
       (23, 17, 17, 785, 0, 365, 501, 93, 93, 93, 93, 127, 127, 93, 65, 65, 65, 65, 65, 65, 8, 35, 2, -18, 30, '', 0,
        20, 0, 1.25, 100, 100, 100),
       (23, 18, 18, 838, 0, 387, 531, 96, 96, 96, 96, 130, 130, 96, 67, 67, 67, 67, 67, 67, 8, 36, 2, -18, 30, '', 0,
        21, 0, 1.25, 100, 100, 100),
       (23, 19, 19, 893, 0, 408, 560, 98, 98, 98, 98, 133, 133, 98, 69, 69, 69, 69, 69, 69, 8, 37, 2, -18, 30, '', 0,
        21, 0, 1.25, 100, 100, 100),
       (23, 20, 20, 950, 0, 430, 590, 104, 104, 104, 104, 136, 136, 104, 74, 74, 74, 74, 74, 74, 9, 39, 2, -18, 30, '',
        0, 21, 0, 1.25, 100, 100, 100),
       (23, 21, 21, 1007, 0, 451, 619, 106, 106, 106, 106, 139, 139, 106, 76, 76, 76, 76, 76, 76, 9, 40, 2, -18, 30, '',
        0, 22, 0, 1.25, 100, 100, 100),
       (23, 22, 22, 1067, 0, 473, 649, 109, 109, 109, 109, 142, 142, 109, 78, 78, 78, 78, 78, 78, 9, 41, 2, -18, 30, '',
        0, 22, 0, 1.25, 100, 100, 100),
       (23, 23, 23, 1128, 0, 494, 678, 111, 111, 111, 111, 145, 145, 111, 80, 80, 80, 80, 80, 80, 9, 43, 2, -18, 30, '',
        0, 22, 0, 1.25, 100, 100, 100),
       (23, 24, 24, 1190, 0, 516, 708, 114, 114, 114, 114, 148, 148, 114, 85, 85, 85, 85, 85, 85, 10, 44, 2, -18, 30,
        '', 0, 23, 0, 1.25, 100, 100, 100),
       (23, 25, 25, 1255, 0, 537, 737, 117, 117, 117, 117, 151, 151, 117, 87, 87, 87, 87, 87, 87, 10, 45, 2, -18, 30,
        '', 0, 23, 0, 1.25, 100, 100, 100),
       (23, 26, 26, 1321, 0, 559, 767, 120, 120, 120, 120, 154, 154, 120, 89, 89, 89, 89, 89, 89, 10, 46, 2, -18, 30,
        '', 0, 23, 0, 1.25, 100, 100, 100),
       (23, 27, 27, 1390, 0, 580, 796, 123, 123, 123, 123, 157, 157, 123, 91, 91, 91, 91, 91, 91, 10, 48, 2, -18, 30,
        '', 0, 24, 0, 1.25, 100, 100, 100),
       (23, 28, 28, 1460, 0, 602, 826, 127, 127, 127, 127, 160, 160, 127, 96, 96, 96, 96, 96, 96, 11, 49, 2, -18, 30,
        '', 0, 24, 0, 1.25, 100, 100, 100),
       (23, 29, 29, 1532, 0, 623, 855, 130, 130, 130, 130, 163, 163, 130, 98, 98, 98, 98, 98, 98, 11, 50, 2, -18, 30,
        '', 0, 24, 0, 1.25, 100, 100, 100),
       (23, 30, 30, 1607, 0, 645, 885, 137, 137, 137, 137, 166, 166, 137, 100, 100, 100, 100, 100, 100, 11, 52, 2, -18,
        30, '', 0, 25, 0, 1.25, 100, 100, 100),
       (23, 31, 31, 1684, 0, 666, 914, 140, 140, 140, 140, 169, 169, 140, 102, 102, 102, 102, 102, 102, 11, 53, 2, -18,
        30, '', 0, 25, 0, 1.25, 100, 100, 100),
       (23, 32, 32, 1763, 0, 688, 944, 144, 144, 144, 144, 172, 172, 144, 107, 107, 107, 107, 107, 107, 12, 54, 2, -18,
        30, '', 0, 25, 0, 1.25, 100, 100, 100),
       (23, 33, 33, 1845, 0, 709, 973, 147, 147, 147, 147, 175, 175, 147, 109, 109, 109, 109, 109, 109, 12, 56, 2, -18,
        30, '', 0, 26, 0, 1.25, 100, 100, 100),
       (23, 34, 34, 1929, 0, 731, 1003, 151, 151, 151, 151, 178, 178, 151, 111, 111, 111, 111, 111, 111, 12, 57, 2, -18,
        30, '', 0, 26, 0, 1.25, 100, 100, 100),
       (23, 35, 35, 2015, 0, 752, 1032, 155, 155, 155, 155, 181, 181, 155, 113, 113, 113, 113, 113, 113, 12, 58, 2, -18,
        30, '', 0, 26, 0, 1.25, 100, 100, 100),
       (23, 36, 36, 2105, 0, 774, 1062, 159, 159, 159, 159, 184, 184, 159, 118, 118, 118, 118, 118, 118, 13, 59, 2, -18,
        30, '', 0, 27, 0, 1.25, 100, 100, 100),
       (23, 37, 37, 2197, 0, 795, 1091, 163, 163, 163, 163, 187, 187, 163, 120, 120, 120, 120, 120, 120, 13, 61, 2, -18,
        30, '', 0, 27, 0, 1.25, 100, 100, 100),
       (23, 38, 38, 2291, 0, 817, 1121, 168, 168, 168, 168, 190, 190, 168, 122, 122, 122, 122, 122, 122, 13, 62, 2, -18,
        30, '', 0, 27, 0, 1.25, 100, 100, 100),
       (23, 39, 39, 2389, 0, 838, 1150, 172, 172, 172, 172, 193, 193, 172, 124, 124, 124, 124, 124, 124, 13, 63, 2, -18,
        30, '', 0, 28, 0, 1.25, 100, 100, 100),
       (23, 40, 40, 2490, 0, 860, 1180, 180, 180, 180, 180, 196, 196, 180, 129, 129, 129, 129, 129, 129, 14, 65, 2, -18,
        30, '', 0, 28, 0, 1.25, 100, 100, 100),
       (23, 41, 41, 2593, 0, 881, 1209, 184, 184, 184, 184, 199, 199, 184, 131, 131, 131, 131, 131, 131, 14, 66, 2, -18,
        30, '', 0, 28, 0, 1.25, 100, 100, 100),
       (23, 42, 42, 2700, 0, 903, 1239, 189, 189, 189, 189, 202, 202, 189, 133, 133, 133, 133, 133, 133, 14, 67, 2, -18,
        30, '', 0, 29, 0, 1.25, 100, 100, 100),
       (23, 43, 43, 2809, 0, 924, 1268, 193, 193, 193, 193, 205, 205, 193, 135, 135, 135, 135, 135, 135, 14, 69, 2, -18,
        30, '', 0, 29, 0, 1.25, 100, 100, 100),
       (23, 44, 44, 2922, 0, 946, 1298, 198, 198, 198, 198, 208, 208, 198, 140, 140, 140, 140, 140, 140, 15, 70, 2, -18,
        30, '', 0, 29, 0, 1.25, 100, 100, 100),
       (23, 45, 45, 3039, 0, 967, 1327, 203, 203, 203, 203, 211, 211, 203, 142, 142, 142, 142, 142, 142, 15, 71, 2, -18,
        30, '', 0, 30, 0, 1.25, 100, 100, 100),
       (23, 46, 46, 3158, 0, 989, 1357, 208, 208, 208, 208, 214, 214, 208, 144, 144, 144, 144, 144, 144, 15, 72, 2, -18,
        30, '', 0, 30, 0, 1.25, 100, 100, 100),
       (23, 47, 47, 3281, 0, 1010, 1386, 213, 213, 213, 213, 217, 217, 213, 146, 146, 146, 146, 146, 146, 15, 74, 3,
        -18, 30, '', 0, 30, 0, 1.25, 100, 100, 100),
       (23, 48, 48, 3408, 0, 1032, 1416, 219, 219, 219, 219, 220, 220, 219, 151, 151, 151, 151, 151, 151, 16, 75, 3,
        -18, 30, '', 0, 31, 0, 1.25, 100, 100, 100),
       (23, 49, 49, 3538, 0, 1053, 1445, 224, 224, 224, 224, 223, 223, 224, 153, 153, 153, 153, 153, 153, 16, 76, 3,
        -18, 30, '', 0, 31, 0, 1.25, 100, 100, 100),
       (23, 50, 50, 3672, 0, 1075, 1475, 233, 233, 233, 233, 226, 226, 233, 155, 155, 155, 155, 155, 155, 16, 78, 3,
        -18, 30, '', 0, 31, 0, 1.25, 100, 100, 100),
       (23, 51, 51, 3810, 0, 1096, 1504, 238, 238, 238, 238, 229, 229, 238, 157, 157, 157, 157, 157, 157, 16, 79, 3,
        -18, 30, '', 0, 32, 0, 1.25, 100, 100, 100),
       (23, 52, 52, 3951, 0, 1118, 1534, 244, 244, 244, 244, 232, 232, 244, 162, 162, 162, 162, 162, 162, 17, 80, 3,
        -18, 30, '', 0, 32, 0, 1.37, 100, 100, 100),
       (23, 53, 53, 4096, 0, 1139, 1563, 249, 249, 249, 249, 235, 235, 249, 164, 164, 164, 164, 164, 164, 17, 82, 3,
        -18, 30, '', 0, 32, 0, 1.37, 100, 100, 100),
       (23, 54, 54, 4246, 0, 1161, 1593, 255, 255, 255, 255, 238, 238, 255, 166, 166, 166, 166, 166, 166, 17, 83, 3,
        -18, 30, '', 0, 33, 0, 1.37, 100, 100, 100),
       (23, 55, 55, 4399, 0, 1182, 1622, 261, 261, 261, 261, 241, 241, 261, 168, 168, 168, 168, 168, 168, 17, 84, 3,
        -18, 30, '', 0, 33, 0, 1.37, 100, 100, 100),
       (23, 56, 56, 4557, 0, 1204, 1652, 267, 267, 267, 267, 244, 244, 267, 173, 173, 173, 173, 173, 173, 18, 85, 3,
        -18, 30, '', 0, 33, 0, 1.37, 100, 100, 100),
       (23, 57, 57, 4718, 0, 1225, 1681, 273, 273, 273, 273, 247, 247, 273, 175, 175, 175, 175, 175, 175, 18, 87, 3,
        -18, 30, '', 0, 34, 0, 1.37, 100, 100, 100),
       (23, 58, 58, 4884, 0, 1247, 1711, 280, 280, 280, 280, 250, 250, 280, 177, 177, 177, 177, 177, 177, 18, 88, 3,
        -18, 30, '', 0, 34, 0, 1.37, 100, 100, 100),
       (23, 59, 59, 5055, 0, 1268, 1740, 286, 286, 286, 286, 253, 253, 286, 179, 179, 179, 179, 179, 179, 18, 89, 3,
        -18, 30, '', 0, 34, 0, 1.37, 100, 100, 100),
       (23, 60, 60, 5230, 0, 1290, 1770, 296, 296, 296, 296, 256, 256, 296, 184, 184, 184, 184, 184, 184, 19, 91, 3,
        -18, 30, '', 0, 35, 0, 1.37, 100, 100, 100),
       (23, 61, 61, 5409, 0, 1311, 1799, 302, 302, 302, 302, 259, 259, 302, 186, 186, 186, 186, 186, 186, 22, 107, 4,
        -22, 28, '', 0, 35, 0, 1.37, 100, 100, 100),
       (23, 62, 62, 5593, 0, 1333, 1829, 309, 309, 309, 309, 262, 262, 309, 188, 188, 188, 188, 188, 188, 25, 123, 4,
        -23, 28, '', 0, 35, 0, 1.37, 100, 100, 100),
       (23, 63, 63, 5781, 0, 1354, 1858, 315, 315, 315, 315, 265, 265, 315, 190, 190, 190, 190, 190, 190, 28, 140, 4,
        -23, 28, '', 0, 36, 0, 1.37, 100, 100, 100),
       (23, 64, 64, 5974, 0, 1376, 1888, 322, 322, 322, 322, 268, 268, 322, 195, 195, 195, 195, 195, 195, 32, 156, 4,
        -24, 27, '', 0, 36, 0, 1.37, 100, 100, 100),
       (23, 65, 65, 6172, 0, 1397, 1917, 329, 329, 329, 329, 271, 271, 329, 197, 197, 197, 197, 197, 197, 35, 172, 4,
        -24, 27, '', 0, 36, 0, 1.37, 100, 100, 100),
       (23, 66, 66, 6375, 0, 1419, 1947, 366, 366, 366, 366, 304, 304, 366, 199, 199, 199, 199, 199, 199, 38, 188, 4,
        -25, 27, '', 0, 37, 0, 1.37, 100, 100, 100),
       (23, 67, 67, 6583, 0, 1440, 1976, 378, 378, 378, 378, 312, 312, 378, 201, 201, 201, 201, 201, 201, 41, 205, 4,
        -25, 27, '', 0, 37, 0, 1.37, 100, 100, 100),
       (23, 68, 68, 6796, 0, 1462, 2006, 391, 391, 391, 391, 320, 320, 391, 206, 206, 206, 206, 206, 206, 45, 221, 4,
        -26, 27, '', 0, 37, 0, 1.37, 100, 100, 100),
       (23, 69, 69, 7014, 0, 1483, 2035, 403, 403, 403, 403, 328, 328, 403, 208, 208, 208, 208, 208, 208, 48, 237, 4,
        -26, 27, '', 0, 38, 0, 1.37, 100, 100, 100),
       (23, 70, 70, 7237, 0, 1505, 2065, 419, 419, 419, 419, 336, 336, 419, 210, 210, 210, 210, 210, 210, 51, 254, 4,
        -27, 26, '', 0, 38, 0, 1.37, 100, 100, 100),
       (23, 71, 71, 7465, 0, 1526, 2094, 431, 431, 431, 431, 344, 344, 431, 212, 212, 212, 212, 212, 212, 54, 270, 4,
        -27, 26, '', 0, 38, 0, 1.37, 100, 100, 100),
       (23, 72, 72, 7699, 0, 1548, 2124, 444, 444, 444, 444, 352, 352, 444, 217, 217, 217, 217, 217, 217, 58, 286, 4,
        -28, 26, '', 0, 39, 0, 1.37, 100, 100, 100),
       (23, 73, 73, 7938, 0, 1569, 2153, 456, 456, 456, 456, 360, 360, 456, 219, 219, 219, 219, 219, 219, 61, 303, 4,
        -28, 26, '', 0, 39, 0, 1.37, 100, 100, 100),
       (23, 74, 74, 8183, 0, 1591, 2183, 469, 469, 469, 469, 368, 368, 469, 221, 221, 221, 221, 221, 221, 64, 319, 4,
        -29, 26, '', 0, 39, 0, 1.37, 100, 100, 100),
       (23, 75, 75, 8433, 0, 1612, 2212, 482, 482, 482, 482, 376, 376, 482, 223, 223, 223, 223, 223, 223, 67, 335, 4,
        -29, 26, '', 0, 40, 0, 1.37, 100, 100, 100),
       (23, 76, 76, 8689, 0, 1634, 2242, 495, 495, 495, 495, 384, 384, 495, 228, 228, 228, 228, 228, 228, 71, 351, 4,
        -30, 25, '', 0, 40, 0, 1.37, 100, 100, 100),
       (23, 77, 77, 8950, 0, 1655, 2271, 508, 508, 508, 508, 392, 392, 508, 230, 230, 230, 230, 230, 230, 74, 368, 4,
        -30, 25, '', 0, 40, 0, 1.37, 100, 100, 100),
       (23, 78, 78, 9217, 0, 1677, 2301, 522, 522, 522, 522, 400, 400, 522, 232, 232, 232, 232, 232, 232, 77, 384, 4,
        -31, 25, '', 0, 41, 0, 1.37, 100, 100, 100),
       (23, 79, 79, 9490, 0, 1698, 2330, 535, 535, 535, 535, 408, 408, 535, 234, 234, 234, 234, 234, 234, 80, 400, 4,
        -31, 25, '', 0, 41, 0, 1.37, 100, 100, 100),
       (23, 80, 80, 9770, 0, 1720, 2360, 552, 552, 552, 552, 416, 416, 552, 239, 239, 239, 239, 239, 239, 84, 417, 4,
        -36, 23, '', 0, 41, 0, 1.37, 100, 100, 100),
       (23, 81, 81, 10055, 0, 1741, 2389, 565, 565, 565, 565, 424, 424, 565, 241, 241, 241, 241, 241, 241, 87, 433, 4,
        -36, 23, '', 0, 42, 0, 1.37, 100, 100, 100),
       (23, 82, 82, 10346, 0, 1763, 2419, 579, 579, 579, 579, 432, 432, 579, 243, 243, 243, 243, 243, 243, 90, 449, 4,
        -36, 23, '', 0, 42, 0, 1.37, 100, 100, 100),
       (23, 83, 83, 10643, 0, 1784, 2448, 592, 592, 592, 592, 440, 440, 592, 245, 245, 245, 245, 245, 245, 93, 466, 4,
        -36, 23, '', 0, 42, 0, 1.37, 100, 100, 100),
       (23, 84, 84, 10946, 0, 1806, 2478, 606, 606, 606, 606, 448, 448, 606, 250, 250, 250, 250, 250, 250, 97, 482, 4,
        -36, 23, '', 0, 43, 0, 1.37, 100, 100, 100),
       (23, 85, 85, 11256, 0, 1827, 2507, 620, 620, 620, 620, 456, 456, 620, 252, 252, 252, 252, 252, 252, 100, 498, 4,
        -36, 23, '', 0, 43, 0, 1.37, 100, 100, 100),
       (24, 1, 1, 56, 0, 22, 30, 69, 69, 69, 69, 81, 81, 69, 24, 24, 24, 24, 24, 24, 4, 17, 1, -18, 30, '', 0, 17, 0,
        1.25, 100, 100, 100),
       (24, 2, 2, 102, 0, 44, 60, 70, 70, 70, 70, 84, 84, 70, 26, 26, 26, 26, 26, 26, 5, 18, 1, -18, 30, '', 0, 17, 0,
        1.25, 100, 100, 100),
       (24, 3, 3, 148, 0, 66, 90, 70, 70, 70, 70, 87, 87, 70, 28, 28, 28, 28, 28, 28, 5, 19, 1, -18, 30, '', 0, 18, 0,
        1.25, 100, 100, 100),
       (24, 4, 4, 194, 0, 88, 120, 71, 71, 71, 71, 90, 90, 71, 34, 34, 34, 34, 34, 34, 5, 20, 1, -18, 30, '', 0, 18, 0,
        1.25, 100, 100, 100),
       (24, 5, 5, 241, 0, 110, 150, 72, 72, 72, 72, 93, 93, 72, 36, 36, 36, 36, 36, 36, 5, 22, 1, -18, 30, '', 0, 18, 0,
        1.25, 100, 100, 100),
       (24, 6, 6, 288, 0, 132, 180, 73, 73, 73, 73, 96, 96, 73, 38, 38, 38, 38, 38, 38, 6, 23, 1, -18, 30, '', 0, 19, 0,
        1.25, 100, 100, 100),
       (24, 7, 7, 336, 0, 154, 210, 74, 74, 74, 74, 99, 99, 74, 40, 40, 40, 40, 40, 40, 6, 24, 1, -18, 30, '', 0, 19, 0,
        1.25, 100, 100, 100),
       (24, 8, 8, 384, 0, 176, 240, 76, 76, 76, 76, 102, 102, 76, 46, 46, 46, 46, 46, 46, 6, 26, 1, -18, 30, '', 0, 19,
        0, 1.25, 100, 100, 100),
       (24, 9, 9, 433, 0, 198, 270, 77, 77, 77, 77, 105, 105, 77, 48, 48, 48, 48, 48, 48, 6, 27, 1, -18, 30, '', 0, 20,
        0, 1.25, 100, 100, 100),
       (24, 10, 10, 482, 0, 220, 300, 83, 83, 83, 83, 108, 108, 83, 50, 50, 50, 50, 50, 50, 7, 28, 1, -18, 30, '', 0,
        20, 0, 1.25, 100, 100, 100),
       (24, 11, 11, 532, 0, 242, 330, 84, 84, 84, 84, 111, 111, 84, 52, 52, 52, 52, 52, 52, 7, 30, 1, -18, 30, '', 0,
        20, 0, 1.25, 100, 100, 100),
       (24, 12, 12, 583, 0, 264, 360, 86, 86, 86, 86, 114, 114, 86, 58, 58, 58, 58, 58, 58, 7, 31, 1, -18, 30, '', 0,
        21, 0, 1.25, 100, 100, 100),
       (24, 13, 13, 635, 0, 286, 390, 87, 87, 87, 87, 117, 117, 87, 60, 60, 60, 60, 60, 60, 7, 32, 1, -18, 30, '', 0,
        21, 0, 1.25, 100, 100, 100),
       (24, 14, 14, 688, 0, 308, 420, 89, 89, 89, 89, 120, 120, 89, 62, 62, 62, 62, 62, 62, 8, 33, 1, -18, 30, '', 0,
        21, 0, 1.25, 100, 100, 100),
       (24, 15, 15, 742, 0, 330, 450, 91, 91, 91, 91, 123, 123, 91, 64, 64, 64, 64, 64, 64, 8, 35, 1, -18, 30, '', 0,
        22, 0, 1.25, 100, 100, 100),
       (24, 16, 16, 797, 0, 352, 480, 93, 93, 93, 93, 126, 126, 93, 70, 70, 70, 70, 70, 70, 8, 36, 1, -18, 30, '', 0,
        22, 0, 1.25, 100, 100, 100),
       (24, 17, 17, 853, 0, 374, 510, 95, 95, 95, 95, 129, 129, 95, 72, 72, 72, 72, 72, 72, 8, 37, 2, -18, 30, '', 0,
        22, 0, 1.25, 100, 100, 100),
       (24, 18, 18, 910, 0, 396, 540, 98, 98, 98, 98, 132, 132, 98, 74, 74, 74, 74, 74, 74, 9, 39, 2, -18, 30, '', 0,
        23, 0, 1.25, 100, 100, 100),
       (24, 19, 19, 969, 0, 418, 570, 100, 100, 100, 100, 135, 135, 100, 76, 76, 76, 76, 76, 76, 9, 40, 2, -18, 30, '',
        0, 23, 0, 1.25, 100, 100, 100),
       (24, 20, 20, 1030, 0, 440, 600, 107, 107, 107, 107, 138, 138, 107, 82, 82, 82, 82, 82, 82, 9, 41, 2, -18, 30, '',
        0, 23, 0, 1.25, 100, 100, 100),
       (24, 21, 21, 1091, 0, 462, 630, 109, 109, 109, 109, 141, 141, 109, 84, 84, 84, 84, 84, 84, 9, 43, 2, -18, 30, '',
        0, 24, 0, 1.25, 100, 100, 100),
       (24, 22, 22, 1155, 0, 484, 660, 112, 112, 112, 112, 144, 144, 112, 86, 86, 86, 86, 86, 86, 10, 44, 2, -18, 30,
        '', 0, 24, 0, 1.25, 100, 100, 100),
       (24, 23, 23, 1220, 0, 506, 690, 114, 114, 114, 114, 147, 147, 114, 88, 88, 88, 88, 88, 88, 10, 45, 2, -18, 30,
        '', 0, 24, 0, 1.25, 100, 100, 100),
       (24, 24, 24, 1286, 0, 528, 720, 117, 117, 117, 117, 150, 150, 117, 94, 94, 94, 94, 94, 94, 10, 46, 2, -18, 30,
        '', 0, 25, 0, 1.25, 100, 100, 100),
       (24, 25, 25, 1355, 0, 550, 750, 120, 120, 120, 120, 153, 153, 120, 96, 96, 96, 96, 96, 96, 10, 48, 2, -18, 30,
        '', 0, 25, 0, 1.25, 100, 100, 100),
       (24, 26, 26, 1425, 0, 572, 780, 123, 123, 123, 123, 156, 156, 123, 98, 98, 98, 98, 98, 98, 11, 49, 2, -18, 30,
        '', 0, 25, 0, 1.25, 100, 100, 100),
       (24, 27, 27, 1498, 0, 594, 810, 126, 126, 126, 126, 159, 159, 126, 100, 100, 100, 100, 100, 100, 11, 50, 2, -18,
        30, '', 0, 26, 0, 1.25, 100, 100, 100),
       (24, 28, 28, 1572, 0, 616, 840, 130, 130, 130, 130, 162, 162, 130, 106, 106, 106, 106, 106, 106, 11, 52, 2, -18,
        30, '', 0, 26, 0, 1.25, 100, 100, 100),
       (24, 29, 29, 1648, 0, 638, 870, 133, 133, 133, 133, 165, 165, 133, 108, 108, 108, 108, 108, 108, 11, 53, 2, -18,
        30, '', 0, 26, 0, 1.25, 100, 100, 100),
       (24, 30, 30, 1727, 0, 660, 900, 141, 141, 141, 141, 168, 168, 141, 110, 110, 110, 110, 110, 110, 12, 54, 2, -18,
        30, '', 0, 27, 0, 1.25, 100, 100, 100),
       (24, 31, 31, 1808, 0, 682, 930, 144, 144, 144, 144, 171, 171, 144, 112, 112, 112, 112, 112, 112, 12, 56, 2, -18,
        30, '', 0, 27, 0, 1.25, 100, 100, 100),
       (24, 32, 32, 1891, 0, 704, 960, 148, 148, 148, 148, 174, 174, 148, 118, 118, 118, 118, 118, 118, 12, 57, 2, -18,
        30, '', 0, 27, 0, 1.25, 100, 100, 100),
       (24, 33, 33, 1977, 0, 726, 990, 151, 151, 151, 151, 177, 177, 151, 120, 120, 120, 120, 120, 120, 12, 58, 2, -18,
        30, '', 0, 28, 0, 1.25, 100, 100, 100),
       (24, 34, 34, 2065, 0, 748, 1020, 155, 155, 155, 155, 180, 180, 155, 122, 122, 122, 122, 122, 122, 13, 59, 2, -18,
        30, '', 0, 28, 0, 1.25, 100, 100, 100),
       (24, 35, 35, 2155, 0, 770, 1050, 159, 159, 159, 159, 183, 183, 159, 124, 124, 124, 124, 124, 124, 13, 61, 2, -18,
        30, '', 0, 28, 0, 1.25, 100, 100, 100),
       (24, 36, 36, 2249, 0, 792, 1080, 163, 163, 163, 163, 186, 186, 163, 130, 130, 130, 130, 130, 130, 13, 62, 2, -18,
        30, '', 0, 29, 0, 1.25, 100, 100, 100),
       (24, 37, 37, 2345, 0, 814, 1110, 167, 167, 167, 167, 189, 189, 167, 132, 132, 132, 132, 132, 132, 13, 63, 2, -18,
        30, '', 0, 29, 0, 1.25, 100, 100, 100),
       (24, 38, 38, 2443, 0, 836, 1140, 172, 172, 172, 172, 192, 192, 172, 134, 134, 134, 134, 134, 134, 14, 65, 2, -18,
        30, '', 0, 29, 0, 1.25, 100, 100, 100),
       (24, 39, 39, 2545, 0, 858, 1170, 176, 176, 176, 176, 195, 195, 176, 136, 136, 136, 136, 136, 136, 14, 66, 2, -18,
        30, '', 0, 30, 0, 1.25, 100, 100, 100),
       (24, 40, 40, 2650, 0, 880, 1200, 185, 185, 185, 185, 198, 198, 185, 142, 142, 142, 142, 142, 142, 14, 67, 2, -18,
        30, '', 0, 30, 0, 1.25, 100, 100, 100),
       (24, 41, 41, 2757, 0, 902, 1230, 189, 189, 189, 189, 201, 201, 189, 144, 144, 144, 144, 144, 144, 14, 69, 2, -18,
        30, '', 0, 30, 0, 1.25, 100, 100, 100),
       (24, 42, 42, 2868, 0, 924, 1260, 194, 194, 194, 194, 204, 204, 194, 146, 146, 146, 146, 146, 146, 15, 70, 2, -18,
        30, '', 0, 31, 0, 1.25, 100, 100, 100),
       (24, 43, 43, 2981, 0, 946, 1290, 198, 198, 198, 198, 207, 207, 198, 148, 148, 148, 148, 148, 148, 15, 71, 2, -18,
        30, '', 0, 31, 0, 1.25, 100, 100, 100),
       (24, 44, 44, 3098, 0, 968, 1320, 203, 203, 203, 203, 210, 210, 203, 154, 154, 154, 154, 154, 154, 15, 72, 2, -18,
        30, '', 0, 31, 0, 1.25, 100, 100, 100),
       (24, 45, 45, 3219, 0, 990, 1350, 208, 208, 208, 208, 213, 213, 208, 156, 156, 156, 156, 156, 156, 15, 74, 2, -18,
        30, '', 0, 32, 0, 1.25, 100, 100, 100),
       (24, 46, 46, 3342, 0, 1012, 1380, 213, 213, 213, 213, 216, 216, 213, 158, 158, 158, 158, 158, 158, 16, 75, 2,
        -18, 30, '', 0, 32, 0, 1.25, 100, 100, 100),
       (24, 47, 47, 3469, 0, 1034, 1410, 218, 218, 218, 218, 219, 219, 218, 160, 160, 160, 160, 160, 160, 16, 76, 3,
        -18, 30, '', 0, 32, 0, 1.25, 100, 100, 100),
       (24, 48, 48, 3600, 0, 1056, 1440, 224, 224, 224, 224, 222, 222, 224, 166, 166, 166, 166, 166, 166, 16, 78, 3,
        -18, 30, '', 0, 33, 0, 1.25, 100, 100, 100),
       (24, 49, 49, 3734, 0, 1078, 1470, 229, 229, 229, 229, 225, 225, 229, 168, 168, 168, 168, 168, 168, 16, 79, 3,
        -18, 30, '', 0, 33, 0, 1.25, 100, 100, 100),
       (24, 50, 50, 3872, 0, 1100, 1500, 239, 239, 239, 239, 228, 228, 239, 170, 170, 170, 170, 170, 170, 17, 80, 3,
        -18, 30, '', 0, 33, 0, 1.25, 100, 100, 100),
       (24, 51, 51, 4014, 0, 1122, 1530, 244, 244, 244, 244, 231, 231, 244, 172, 172, 172, 172, 172, 172, 17, 82, 3,
        -18, 30, '', 0, 34, 0, 1.25, 100, 100, 100),
       (24, 52, 52, 4159, 0, 1144, 1560, 250, 250, 250, 250, 234, 234, 250, 178, 178, 178, 178, 178, 178, 17, 83, 3,
        -18, 30, '', 0, 34, 0, 1.43, 100, 100, 100),
       (24, 53, 53, 4308, 0, 1166, 1590, 255, 255, 255, 255, 237, 237, 255, 180, 180, 180, 180, 180, 180, 17, 84, 3,
        -18, 30, '', 0, 34, 0, 1.43, 100, 100, 100),
       (24, 54, 54, 4462, 0, 1188, 1620, 261, 261, 261, 261, 240, 240, 261, 182, 182, 182, 182, 182, 182, 18, 85, 3,
        -18, 30, '', 0, 35, 0, 1.43, 100, 100, 100),
       (24, 55, 55, 4619, 0, 1210, 1650, 267, 267, 267, 267, 243, 243, 267, 184, 184, 184, 184, 184, 184, 18, 87, 3,
        -18, 30, '', 0, 35, 0, 1.43, 100, 100, 100),
       (24, 56, 56, 4781, 0, 1232, 1680, 273, 273, 273, 273, 246, 246, 273, 190, 190, 190, 190, 190, 190, 18, 88, 3,
        -18, 30, '', 0, 35, 0, 1.43, 100, 100, 100),
       (24, 57, 57, 4946, 0, 1254, 1710, 279, 279, 279, 279, 249, 249, 279, 192, 192, 192, 192, 192, 192, 18, 89, 3,
        -18, 30, '', 0, 36, 0, 1.43, 100, 100, 100),
       (24, 58, 58, 5116, 0, 1276, 1740, 286, 286, 286, 286, 252, 252, 286, 194, 194, 194, 194, 194, 194, 19, 91, 3,
        -18, 30, '', 0, 36, 0, 1.43, 100, 100, 100),
       (24, 59, 59, 5291, 0, 1298, 1770, 292, 292, 292, 292, 255, 255, 292, 196, 196, 196, 196, 196, 196, 19, 92, 3,
        -18, 30, '', 0, 36, 0, 1.43, 100, 100, 100),
       (24, 60, 60, 5470, 0, 1320, 1800, 303, 303, 303, 303, 258, 258, 303, 202, 202, 202, 202, 202, 202, 19, 93, 3,
        -18, 30, '', 0, 37, 0, 1.43, 100, 100, 100),
       (24, 61, 61, 5653, 0, 1342, 1830, 309, 309, 309, 309, 261, 261, 309, 204, 204, 204, 204, 204, 204, 22, 110, 4,
        -23, 28, '', 0, 37, 0, 1.43, 100, 100, 100),
       (24, 62, 62, 5841, 0, 1364, 1860, 316, 316, 316, 316, 264, 264, 316, 206, 206, 206, 206, 206, 206, 26, 126, 4,
        -24, 27, '', 0, 37, 0, 1.43, 100, 100, 100),
       (24, 63, 63, 6033, 0, 1386, 1890, 322, 322, 322, 322, 267, 267, 322, 208, 208, 208, 208, 208, 208, 29, 142, 4,
        -24, 27, '', 0, 38, 0, 1.43, 100, 100, 100),
       (24, 64, 64, 6230, 0, 1408, 1920, 329, 329, 329, 329, 270, 270, 329, 214, 214, 214, 214, 214, 214, 32, 158, 4,
        -25, 27, '', 0, 38, 0, 1.43, 100, 100, 100),
       (24, 65, 65, 6432, 0, 1430, 1950, 336, 336, 336, 336, 273, 273, 336, 216, 216, 216, 216, 216, 216, 35, 175, 4,
        -25, 27, '', 0, 38, 0, 1.43, 100, 100, 100),
       (24, 66, 66, 6639, 0, 1452, 1980, 373, 373, 373, 373, 306, 306, 373, 218, 218, 218, 218, 218, 218, 39, 191, 4,
        -26, 27, '', 0, 39, 0, 1.43, 100, 100, 100),
       (24, 67, 67, 6851, 0, 1474, 2010, 385, 385, 385, 385, 314, 314, 385, 220, 220, 220, 220, 220, 220, 42, 207, 4,
        -26, 27, '', 0, 39, 0, 1.43, 100, 100, 100),
       (24, 68, 68, 7068, 0, 1496, 2040, 398, 398, 398, 398, 322, 322, 398, 226, 226, 226, 226, 226, 226, 45, 224, 4,
        -27, 26, '', 0, 39, 0, 1.43, 100, 100, 100),
       (24, 69, 69, 7290, 0, 1518, 2070, 410, 410, 410, 410, 330, 330, 410, 228, 228, 228, 228, 228, 228, 48, 240, 4,
        -27, 26, '', 0, 40, 0, 1.43, 100, 100, 100),
       (24, 70, 70, 7517, 0, 1540, 2100, 427, 427, 427, 427, 338, 338, 427, 230, 230, 230, 230, 230, 230, 52, 256, 4,
        -28, 26, '', 0, 40, 0, 1.43, 100, 100, 100),
       (24, 71, 71, 7749, 0, 1562, 2130, 439, 439, 439, 439, 346, 346, 439, 232, 232, 232, 232, 232, 232, 55, 273, 4,
        -28, 26, '', 0, 40, 0, 1.43, 100, 100, 100),
       (24, 72, 72, 7987, 0, 1584, 2160, 452, 452, 452, 452, 354, 354, 452, 238, 238, 238, 238, 238, 238, 58, 289, 4,
        -29, 26, '', 0, 41, 0, 1.43, 100, 100, 100),
       (24, 73, 73, 8230, 0, 1606, 2190, 464, 464, 464, 464, 362, 362, 464, 240, 240, 240, 240, 240, 240, 61, 305, 4,
        -29, 26, '', 0, 41, 0, 1.43, 100, 100, 100),
       (24, 74, 74, 8479, 0, 1628, 2220, 477, 477, 477, 477, 370, 370, 477, 242, 242, 242, 242, 242, 242, 65, 321, 4,
        -30, 25, '', 0, 41, 0, 1.43, 100, 100, 100),
       (24, 75, 75, 8733, 0, 1650, 2250, 490, 490, 490, 490, 378, 378, 490, 244, 244, 244, 244, 244, 244, 68, 338, 4,
        -30, 25, '', 0, 42, 0, 1.43, 100, 100, 100),
       (24, 76, 76, 8993, 0, 1672, 2280, 503, 503, 503, 503, 386, 386, 503, 250, 250, 250, 250, 250, 250, 71, 354, 4,
        -31, 25, '', 0, 42, 0, 1.43, 100, 100, 100),
       (24, 77, 77, 9258, 0, 1694, 2310, 516, 516, 516, 516, 394, 394, 516, 252, 252, 252, 252, 252, 252, 74, 370, 4,
        -31, 25, '', 0, 42, 0, 1.43, 100, 100, 100),
       (24, 78, 78, 9529, 0, 1716, 2340, 530, 530, 530, 530, 402, 402, 530, 254, 254, 254, 254, 254, 254, 78, 387, 4,
        -32, 24, '', 0, 43, 0, 1.43, 100, 100, 100),
       (24, 79, 79, 9806, 0, 1738, 2370, 543, 543, 543, 543, 410, 410, 543, 256, 256, 256, 256, 256, 256, 81, 403, 4,
        -32, 24, '', 0, 43, 0, 1.43, 100, 100, 100),
       (24, 80, 80, 10090, 0, 1760, 2400, 561, 561, 561, 561, 418, 418, 561, 262, 262, 262, 262, 262, 262, 84, 419, 4,
        -37, 23, '', 0, 43, 0, 1.43, 100, 100, 100),
       (24, 81, 81, 10379, 0, 1782, 2430, 574, 574, 574, 574, 426, 426, 574, 264, 264, 264, 264, 264, 264, 87, 436, 4,
        -37, 23, '', 0, 44, 0, 1.43, 100, 100, 100),
       (24, 82, 82, 10674, 0, 1804, 2460, 588, 588, 588, 588, 434, 434, 588, 266, 266, 266, 266, 266, 266, 91, 452, 4,
        -37, 23, '', 0, 44, 0, 1.43, 100, 100, 100),
       (24, 83, 83, 10975, 0, 1826, 2490, 601, 601, 601, 601, 442, 442, 601, 268, 268, 268, 268, 268, 268, 94, 468, 4,
        -37, 23, '', 0, 44, 0, 1.43, 100, 100, 100),
       (24, 84, 84, 11282, 0, 1848, 2520, 615, 615, 615, 615, 450, 450, 615, 274, 274, 274, 274, 274, 274, 97, 484, 4,
        -37, 23, '', 0, 45, 0, 1.43, 100, 100, 100),
       (24, 85, 85, 11596, 0, 1870, 2550, 629, 629, 629, 629, 458, 458, 629, 276, 276, 276, 276, 276, 276, 100, 501, 4,
        -37, 23, '', 0, 45, 0, 1.43, 100, 100, 100),
       (25, 1, 1, 60, 0, 22, 30, 70, 70, 70, 70, 83, 83, 70, 27, 27, 27, 27, 27, 27, 5, 19, 1, -18, 30, '', 0, 19, 0,
        1.25, 100, 100, 100),
       (25, 2, 2, 110, 0, 45, 61, 71, 71, 71, 71, 86, 86, 71, 29, 29, 29, 29, 29, 29, 5, 20, 1, -18, 30, '', 0, 19, 0,
        1.25, 100, 100, 100),
       (25, 3, 3, 160, 0, 67, 91, 71, 71, 71, 71, 89, 89, 71, 31, 31, 31, 31, 31, 31, 5, 22, 1, -18, 30, '', 0, 20, 0,
        1.25, 100, 100, 100),
       (25, 4, 4, 210, 0, 90, 122, 72, 72, 72, 72, 92, 92, 72, 38, 38, 38, 38, 38, 38, 6, 23, 1, -18, 30, '', 0, 20, 0,
        1.25, 100, 100, 100),
       (25, 5, 5, 261, 0, 112, 152, 73, 73, 73, 73, 95, 95, 73, 40, 40, 40, 40, 40, 40, 6, 24, 1, -18, 30, '', 0, 20, 0,
        1.25, 100, 100, 100),
       (25, 6, 6, 312, 0, 135, 183, 74, 74, 74, 74, 98, 98, 74, 42, 42, 42, 42, 42, 42, 6, 26, 1, -18, 30, '', 0, 21, 0,
        1.25, 100, 100, 100),
       (25, 7, 7, 364, 0, 157, 213, 75, 75, 75, 75, 101, 101, 75, 44, 44, 44, 44, 44, 44, 6, 27, 1, -18, 30, '', 0, 21,
        0, 1.25, 100, 100, 100),
       (25, 8, 8, 416, 0, 180, 244, 77, 77, 77, 77, 104, 104, 77, 51, 51, 51, 51, 51, 51, 7, 28, 1, -18, 30, '', 0, 21,
        0, 1.25, 100, 100, 100),
       (25, 9, 9, 469, 0, 202, 274, 78, 78, 78, 78, 107, 107, 78, 53, 53, 53, 53, 53, 53, 7, 30, 1, -18, 30, '', 0, 22,
        0, 1.25, 100, 100, 100),
       (25, 10, 10, 522, 0, 225, 305, 85, 85, 85, 85, 110, 110, 85, 55, 55, 55, 55, 55, 55, 7, 31, 1, -18, 30, '', 0,
        22, 0, 1.25, 100, 100, 100),
       (25, 11, 11, 576, 0, 247, 335, 86, 86, 86, 86, 113, 113, 86, 57, 57, 57, 57, 57, 57, 7, 32, 1, -18, 30, '', 0,
        22, 0, 1.25, 100, 100, 100),
       (25, 12, 12, 631, 0, 270, 366, 88, 88, 88, 88, 116, 116, 88, 64, 64, 64, 64, 64, 64, 8, 33, 1, -18, 30, '', 0,
        23, 0, 1.25, 100, 100, 100),
       (25, 13, 13, 687, 0, 292, 396, 89, 89, 89, 89, 119, 119, 89, 66, 66, 66, 66, 66, 66, 8, 35, 1, -18, 30, '', 0,
        23, 0, 1.25, 100, 100, 100),
       (25, 14, 14, 744, 0, 315, 427, 91, 91, 91, 91, 122, 122, 91, 68, 68, 68, 68, 68, 68, 8, 36, 1, -18, 30, '', 0,
        23, 0, 1.25, 100, 100, 100),
       (25, 15, 15, 802, 0, 337, 457, 93, 93, 93, 93, 125, 125, 93, 70, 70, 70, 70, 70, 70, 8, 37, 1, -18, 30, '', 0,
        24, 0, 1.25, 100, 100, 100),
       (25, 16, 16, 861, 0, 360, 488, 95, 95, 95, 95, 128, 128, 95, 77, 77, 77, 77, 77, 77, 9, 39, 1, -18, 30, '', 0,
        24, 0, 1.25, 100, 100, 100),
       (25, 17, 17, 921, 0, 382, 518, 97, 97, 97, 97, 131, 131, 97, 79, 79, 79, 79, 79, 79, 9, 40, 2, -18, 30, '', 0,
        24, 0, 1.25, 100, 100, 100),
       (25, 18, 18, 982, 0, 405, 549, 100, 100, 100, 100, 134, 134, 100, 81, 81, 81, 81, 81, 81, 9, 41, 2, -18, 30, '',
        0, 25, 0, 1.25, 100, 100, 100),
       (25, 19, 19, 1045, 0, 427, 579, 102, 102, 102, 102, 137, 137, 102, 83, 83, 83, 83, 83, 83, 9, 43, 2, -18, 30, '',
        0, 25, 0, 1.25, 100, 100, 100),
       (25, 20, 20, 1110, 0, 450, 610, 110, 110, 110, 110, 140, 140, 110, 90, 90, 90, 90, 90, 90, 10, 44, 2, -18, 30,
        '', 0, 25, 0, 1.25, 100, 100, 100),
       (25, 21, 21, 1175, 0, 472, 640, 112, 112, 112, 112, 143, 143, 112, 92, 92, 92, 92, 92, 92, 10, 45, 2, -18, 30,
        '', 0, 26, 0, 1.25, 100, 100, 100),
       (25, 22, 22, 1243, 0, 495, 671, 115, 115, 115, 115, 146, 146, 115, 94, 94, 94, 94, 94, 94, 10, 46, 2, -18, 30,
        '', 0, 26, 0, 1.25, 100, 100, 100),
       (25, 23, 23, 1312, 0, 517, 701, 117, 117, 117, 117, 149, 149, 117, 96, 96, 96, 96, 96, 96, 10, 48, 2, -18, 30,
        '', 0, 26, 0, 1.25, 100, 100, 100),
       (25, 24, 24, 1382, 0, 540, 732, 120, 120, 120, 120, 152, 152, 120, 103, 103, 103, 103, 103, 103, 11, 49, 2, -18,
        30, '', 0, 27, 0, 1.25, 100, 100, 100),
       (25, 25, 25, 1455, 0, 562, 762, 123, 123, 123, 123, 155, 155, 123, 105, 105, 105, 105, 105, 105, 11, 50, 2, -18,
        30, '', 0, 27, 0, 1.25, 100, 100, 100),
       (25, 26, 26, 1529, 0, 585, 793, 126, 126, 126, 126, 158, 158, 126, 107, 107, 107, 107, 107, 107, 11, 52, 2, -18,
        30, '', 0, 27, 0, 1.25, 100, 100, 100),
       (25, 27, 27, 1606, 0, 607, 823, 129, 129, 129, 129, 161, 161, 129, 109, 109, 109, 109, 109, 109, 11, 53, 2, -18,
        30, '', 0, 28, 0, 1.25, 100, 100, 100),
       (25, 28, 28, 1684, 0, 630, 854, 133, 133, 133, 133, 164, 164, 133, 116, 116, 116, 116, 116, 116, 12, 54, 2, -18,
        30, '', 0, 28, 0, 1.25, 100, 100, 100),
       (25, 29, 29, 1764, 0, 652, 884, 136, 136, 136, 136, 167, 167, 136, 118, 118, 118, 118, 118, 118, 12, 56, 2, -18,
        30, '', 0, 28, 0, 1.25, 100, 100, 100),
       (25, 30, 30, 1847, 0, 675, 915, 145, 145, 145, 145, 170, 170, 145, 120, 120, 120, 120, 120, 120, 12, 57, 2, -18,
        30, '', 0, 29, 0, 1.25, 100, 100, 100),
       (25, 31, 31, 1932, 0, 697, 945, 148, 148, 148, 148, 173, 173, 148, 122, 122, 122, 122, 122, 122, 12, 58, 2, -18,
        30, '', 0, 29, 0, 1.25, 100, 100, 100),
       (25, 32, 32, 2019, 0, 720, 976, 152, 152, 152, 152, 176, 176, 152, 129, 129, 129, 129, 129, 129, 13, 59, 2, -18,
        30, '', 0, 29, 0, 1.25, 100, 100, 100),
       (25, 33, 33, 2109, 0, 742, 1006, 155, 155, 155, 155, 179, 179, 155, 131, 131, 131, 131, 131, 131, 13, 61, 2, -18,
        30, '', 0, 30, 0, 1.25, 100, 100, 100),
       (25, 34, 34, 2201, 0, 765, 1037, 159, 159, 159, 159, 182, 182, 159, 133, 133, 133, 133, 133, 133, 13, 62, 2, -18,
        30, '', 0, 30, 0, 1.25, 100, 100, 100),
       (25, 35, 35, 2295, 0, 787, 1067, 163, 163, 163, 163, 185, 185, 163, 135, 135, 135, 135, 135, 135, 13, 63, 2, -18,
        30, '', 0, 30, 0, 1.25, 100, 100, 100),
       (25, 36, 36, 2393, 0, 810, 1098, 167, 167, 167, 167, 188, 188, 167, 142, 142, 142, 142, 142, 142, 14, 65, 2, -18,
        30, '', 0, 31, 0, 1.25, 100, 100, 100),
       (25, 37, 37, 2493, 0, 832, 1128, 171, 171, 171, 171, 191, 191, 171, 144, 144, 144, 144, 144, 144, 14, 66, 2, -18,
        30, '', 0, 31, 0, 1.25, 100, 100, 100),
       (25, 38, 38, 2595, 0, 855, 1159, 176, 176, 176, 176, 194, 194, 176, 146, 146, 146, 146, 146, 146, 14, 67, 2, -18,
        30, '', 0, 31, 0, 1.25, 100, 100, 100),
       (25, 39, 39, 2701, 0, 877, 1189, 180, 180, 180, 180, 197, 197, 180, 148, 148, 148, 148, 148, 148, 14, 69, 2, -18,
        30, '', 0, 32, 0, 1.25, 100, 100, 100),
       (25, 40, 40, 2810, 0, 900, 1220, 190, 190, 190, 190, 200, 200, 190, 155, 155, 155, 155, 155, 155, 15, 70, 2, -18,
        30, '', 0, 32, 0, 1.25, 100, 100, 100),
       (25, 41, 41, 2921, 0, 922, 1250, 194, 194, 194, 194, 203, 203, 194, 157, 157, 157, 157, 157, 157, 15, 71, 2, -18,
        30, '', 0, 32, 0, 1.25, 100, 100, 100),
       (25, 42, 42, 3036, 0, 945, 1281, 199, 199, 199, 199, 206, 206, 199, 159, 159, 159, 159, 159, 159, 15, 72, 2, -18,
        30, '', 0, 33, 0, 1.25, 100, 100, 100),
       (25, 43, 43, 3153, 0, 967, 1311, 203, 203, 203, 203, 209, 209, 203, 161, 161, 161, 161, 161, 161, 15, 74, 2, -18,
        30, '', 0, 33, 0, 1.25, 100, 100, 100),
       (25, 44, 44, 3274, 0, 990, 1342, 208, 208, 208, 208, 212, 212, 208, 168, 168, 168, 168, 168, 168, 16, 75, 2, -18,
        30, '', 0, 33, 0, 1.25, 100, 100, 100),
       (25, 45, 45, 3399, 0, 1012, 1372, 213, 213, 213, 213, 215, 215, 213, 170, 170, 170, 170, 170, 170, 16, 76, 2,
        -18, 30, '', 0, 34, 0, 1.25, 100, 100, 100),
       (25, 46, 46, 3526, 0, 1035, 1403, 218, 218, 218, 218, 218, 218, 218, 172, 172, 172, 172, 172, 172, 16, 78, 2,
        -18, 30, '', 0, 34, 0, 1.25, 100, 100, 100),
       (25, 47, 47, 3657, 0, 1057, 1433, 223, 223, 223, 223, 221, 221, 223, 174, 174, 174, 174, 174, 174, 16, 79, 3,
        -18, 30, '', 0, 34, 0, 1.25, 100, 100, 100),
       (25, 48, 48, 3792, 0, 1080, 1464, 229, 229, 229, 229, 224, 224, 229, 181, 181, 181, 181, 181, 181, 17, 80, 3,
        -18, 30, '', 0, 35, 0, 1.25, 100, 100, 100),
       (25, 49, 49, 3930, 0, 1102, 1494, 234, 234, 234, 234, 227, 227, 234, 183, 183, 183, 183, 183, 183, 17, 82, 3,
        -18, 30, '', 0, 35, 0, 1.25, 100, 100, 100),
       (25, 50, 50, 4072, 0, 1125, 1525, 245, 245, 245, 245, 230, 230, 245, 185, 185, 185, 185, 185, 185, 17, 83, 3,
        -18, 30, '', 0, 35, 0, 1.25, 100, 100, 100),
       (25, 51, 51, 4218, 0, 1147, 1555, 250, 250, 250, 250, 233, 233, 250, 187, 187, 187, 187, 187, 187, 17, 84, 3,
        -18, 30, '', 0, 36, 0, 1.25, 100, 100, 100),
       (25, 52, 52, 4367, 0, 1170, 1586, 256, 256, 256, 256, 236, 236, 256, 194, 194, 194, 194, 194, 194, 18, 85, 3,
        -18, 30, '', 0, 36, 0, 1.49, 100, 100, 100),
       (25, 53, 53, 4520, 0, 1192, 1616, 261, 261, 261, 261, 239, 239, 261, 196, 196, 196, 196, 196, 196, 18, 87, 3,
        -18, 30, '', 0, 36, 0, 1.49, 100, 100, 100),
       (25, 54, 54, 4678, 0, 1215, 1647, 267, 267, 267, 267, 242, 242, 267, 198, 198, 198, 198, 198, 198, 18, 88, 3,
        -18, 30, '', 0, 37, 0, 1.49, 100, 100, 100),
       (25, 55, 55, 4839, 0, 1237, 1677, 273, 273, 273, 273, 245, 245, 273, 200, 200, 200, 200, 200, 200, 18, 89, 3,
        -18, 30, '', 0, 37, 0, 1.49, 100, 100, 100),
       (25, 56, 56, 5005, 0, 1260, 1708, 279, 279, 279, 279, 248, 248, 279, 207, 207, 207, 207, 207, 207, 19, 91, 3,
        -18, 30, '', 0, 37, 0, 1.49, 100, 100, 100),
       (25, 57, 57, 5174, 0, 1282, 1738, 285, 285, 285, 285, 251, 251, 285, 209, 209, 209, 209, 209, 209, 19, 92, 3,
        -18, 30, '', 0, 38, 0, 1.49, 100, 100, 100),
       (25, 58, 58, 5348, 0, 1305, 1769, 292, 292, 292, 292, 254, 254, 292, 211, 211, 211, 211, 211, 211, 19, 93, 3,
        -18, 30, '', 0, 38, 0, 1.49, 100, 100, 100),
       (25, 59, 59, 5527, 0, 1327, 1799, 298, 298, 298, 298, 257, 257, 298, 213, 213, 213, 213, 213, 213, 19, 95, 3,
        -18, 30, '', 0, 38, 0, 1.49, 100, 100, 100),
       (25, 60, 60, 5710, 0, 1350, 1830, 310, 310, 310, 310, 260, 260, 310, 220, 220, 220, 220, 220, 220, 20, 96, 3,
        -18, 30, '', 0, 39, 0, 1.49, 100, 100, 100),
       (25, 61, 61, 5897, 0, 1372, 1860, 316, 316, 316, 316, 263, 263, 316, 222, 222, 222, 222, 222, 222, 23, 112, 4,
        -24, 27, '', 0, 39, 0, 1.49, 100, 100, 100),
       (25, 62, 62, 6089, 0, 1395, 1891, 323, 323, 323, 323, 266, 266, 323, 224, 224, 224, 224, 224, 224, 26, 128, 4,
        -25, 27, '', 0, 39, 0, 1.49, 100, 100, 100),
       (25, 63, 63, 6285, 0, 1417, 1921, 329, 329, 329, 329, 269, 269, 329, 226, 226, 226, 226, 226, 226, 29, 145, 4,
        -25, 27, '', 0, 40, 0, 1.49, 100, 100, 100),
       (25, 64, 64, 6486, 0, 1440, 1952, 336, 336, 336, 336, 272, 272, 336, 233, 233, 233, 233, 233, 233, 33, 161, 4,
        -26, 27, '', 0, 40, 0, 1.49, 100, 100, 100),
       (25, 65, 65, 6692, 0, 1462, 1982, 343, 343, 343, 343, 275, 275, 343, 235, 235, 235, 235, 235, 235, 36, 177, 4,
        -26, 27, '', 0, 40, 0, 1.49, 100, 100, 100),
       (25, 66, 66, 6903, 0, 1485, 2013, 380, 380, 380, 380, 308, 308, 380, 237, 237, 237, 237, 237, 237, 39, 194, 4,
        -27, 26, '', 0, 41, 0, 1.49, 100, 100, 100),
       (25, 67, 67, 7119, 0, 1507, 2043, 392, 392, 392, 392, 316, 316, 392, 239, 239, 239, 239, 239, 239, 42, 210, 4,
        -27, 26, '', 0, 41, 0, 1.49, 100, 100, 100),
       (25, 68, 68, 7340, 0, 1530, 2074, 405, 405, 405, 405, 324, 324, 405, 246, 246, 246, 246, 246, 246, 46, 226, 4,
        -28, 26, '', 0, 41, 0, 1.49, 100, 100, 100),
       (25, 69, 69, 7566, 0, 1552, 2104, 417, 417, 417, 417, 332, 332, 417, 248, 248, 248, 248, 248, 248, 49, 243, 4,
        -28, 26, '', 0, 42, 0, 1.49, 100, 100, 100),
       (25, 70, 70, 7797, 0, 1575, 2135, 435, 435, 435, 435, 340, 340, 435, 250, 250, 250, 250, 250, 250, 52, 259, 4,
        -29, 26, '', 0, 42, 0, 1.49, 100, 100, 100),
       (25, 71, 71, 8033, 0, 1597, 2165, 447, 447, 447, 447, 348, 348, 447, 252, 252, 252, 252, 252, 252, 55, 275, 4,
        -29, 26, '', 0, 42, 0, 1.49, 100, 100, 100),
       (25, 72, 72, 8275, 0, 1620, 2196, 460, 460, 460, 460, 356, 356, 460, 259, 259, 259, 259, 259, 259, 59, 291, 4,
        -30, 25, '', 0, 43, 0, 1.49, 100, 100, 100),
       (25, 73, 73, 8522, 0, 1642, 2226, 472, 472, 472, 472, 364, 364, 472, 261, 261, 261, 261, 261, 261, 62, 308, 4,
        -30, 25, '', 0, 43, 0, 1.49, 100, 100, 100),
       (25, 74, 74, 8775, 0, 1665, 2257, 485, 485, 485, 485, 372, 372, 485, 263, 263, 263, 263, 263, 263, 65, 324, 4,
        -31, 25, '', 0, 43, 0, 1.49, 100, 100, 100),
       (25, 75, 75, 9033, 0, 1687, 2287, 498, 498, 498, 498, 380, 380, 498, 265, 265, 265, 265, 265, 265, 68, 340, 4,
        -31, 25, '', 0, 44, 0, 1.49, 100, 100, 100),
       (25, 76, 76, 9297, 0, 1710, 2318, 511, 511, 511, 511, 388, 388, 511, 272, 272, 272, 272, 272, 272, 72, 357, 4,
        -32, 24, '', 0, 44, 0, 1.49, 100, 100, 100),
       (25, 77, 77, 9566, 0, 1732, 2348, 524, 524, 524, 524, 396, 396, 524, 274, 274, 274, 274, 274, 274, 75, 373, 4,
        -32, 24, '', 0, 44, 0, 1.49, 100, 100, 100),
       (25, 78, 78, 9841, 0, 1755, 2379, 538, 538, 538, 538, 404, 404, 538, 276, 276, 276, 276, 276, 276, 78, 389, 4,
        -33, 24, '', 0, 45, 0, 1.49, 100, 100, 100),
       (25, 79, 79, 10122, 0, 1777, 2409, 551, 551, 551, 551, 412, 412, 551, 278, 278, 278, 278, 278, 278, 81, 406, 4,
        -33, 24, '', 0, 45, 0, 1.49, 100, 100, 100),
       (25, 80, 80, 10410, 0, 1800, 2440, 570, 570, 570, 570, 420, 420, 570, 285, 285, 285, 285, 285, 285, 85, 422, 4,
        -38, 22, '', 0, 45, 0, 1.49, 100, 100, 100),
       (25, 81, 81, 10703, 0, 1822, 2470, 583, 583, 583, 583, 428, 428, 583, 287, 287, 287, 287, 287, 287, 88, 438, 4,
        -38, 22, '', 0, 46, 0, 1.49, 100, 100, 100),
       (25, 82, 82, 11002, 0, 1845, 2501, 597, 597, 597, 597, 436, 436, 597, 289, 289, 289, 289, 289, 289, 91, 454, 4,
        -38, 22, '', 0, 46, 0, 1.49, 100, 100, 100),
       (25, 83, 83, 11307, 0, 1867, 2531, 610, 610, 610, 610, 444, 444, 610, 291, 291, 291, 291, 291, 291, 94, 471, 4,
        -38, 22, '', 0, 46, 0, 1.49, 100, 100, 100),
       (25, 84, 84, 11618, 0, 1890, 2562, 624, 624, 624, 624, 452, 452, 624, 298, 298, 298, 298, 298, 298, 98, 487, 4,
        -38, 22, '', 0, 47, 0, 1.49, 100, 100, 100),
       (25, 85, 85, 11936, 0, 1912, 2592, 638, 638, 638, 638, 460, 460, 638, 300, 300, 300, 300, 300, 300, 101, 503, 4,
        -38, 22, '', 0, 47, 0, 1.49, 100, 100, 100),
       (26, 1, 1, 74, 0, 25, 31, 71, 71, 71, 71, 95, 95, 71, 31, 31, 31, 31, 31, 31, 4, 15, 1, -18, 30, '', 0, 19, 0,
        1.25, 100, 100, 100),
       (26, 2, 2, 138, 0, 51, 63, 73, 73, 73, 73, 98, 98, 73, 35, 35, 35, 35, 35, 35, 4, 17, 1, -18, 30, '', 0, 19, 0,
        1.25, 100, 100, 100),
       (26, 3, 3, 202, 0, 76, 94, 73, 73, 73, 73, 101, 101, 73, 37, 37, 37, 37, 37, 37, 5, 18, 1, -18, 30, '', 0, 20, 0,
        1.25, 100, 100, 100),
       (26, 4, 4, 266, 0, 102, 126, 75, 75, 75, 75, 104, 104, 75, 40, 40, 40, 40, 40, 40, 5, 19, 1, -18, 30, '', 0, 20,
        0, 1.25, 100, 100, 100),
       (26, 5, 5, 331, 0, 127, 157, 76, 76, 76, 76, 107, 107, 76, 44, 44, 44, 44, 44, 44, 5, 20, 1, -18, 30, '', 0, 20,
        0, 1.25, 100, 100, 100),
       (26, 6, 6, 396, 0, 153, 189, 78, 78, 78, 78, 110, 110, 78, 46, 46, 46, 46, 46, 46, 5, 22, 1, -18, 30, '', 0, 21,
        0, 1.25, 100, 100, 100),
       (26, 7, 7, 462, 0, 178, 220, 79, 79, 79, 79, 113, 113, 79, 48, 48, 48, 48, 48, 48, 6, 23, 1, -18, 30, '', 0, 21,
        0, 1.25, 100, 100, 100),
       (26, 8, 8, 528, 0, 204, 252, 82, 82, 82, 82, 116, 116, 82, 53, 53, 53, 53, 53, 53, 6, 24, 1, -18, 30, '', 0, 21,
        0, 1.25, 100, 100, 100),
       (26, 9, 9, 595, 0, 229, 283, 83, 83, 83, 83, 119, 119, 83, 55, 55, 55, 55, 55, 55, 6, 26, 1, -18, 30, '', 0, 22,
        0, 1.25, 100, 100, 100),
       (26, 10, 10, 662, 0, 255, 315, 87, 87, 87, 87, 122, 122, 87, 57, 57, 57, 57, 57, 57, 6, 27, 1, -18, 30, '', 0,
        22, 0, 1.25, 100, 100, 100),
       (26, 11, 11, 730, 0, 280, 346, 88, 88, 88, 88, 125, 125, 88, 61, 61, 61, 61, 61, 61, 7, 28, 1, -18, 30, '', 0,
        22, 0, 1.25, 100, 100, 100),
       (26, 12, 12, 799, 0, 306, 378, 91, 91, 91, 91, 128, 128, 91, 64, 64, 64, 64, 64, 64, 7, 30, 1, -18, 30, '', 0,
        23, 0, 1.25, 100, 100, 100),
       (26, 13, 13, 869, 0, 331, 409, 92, 92, 92, 92, 131, 131, 92, 66, 66, 66, 66, 66, 66, 7, 31, 1, -18, 30, '', 0,
        23, 0, 1.25, 100, 100, 100),
       (26, 14, 14, 940, 0, 357, 441, 95, 95, 95, 95, 134, 134, 95, 70, 70, 70, 70, 70, 70, 7, 32, 1, -18, 30, '', 0,
        23, 0, 1.25, 100, 100, 100),
       (26, 15, 15, 1012, 0, 382, 472, 97, 97, 97, 97, 137, 137, 97, 72, 72, 72, 72, 72, 72, 8, 33, 1, -18, 30, '', 0,
        24, 0, 1.25, 100, 100, 100),
       (26, 16, 16, 1085, 0, 408, 504, 100, 100, 100, 100, 140, 140, 100, 75, 75, 75, 75, 75, 75, 8, 35, 1, -18, 30, '',
        0, 24, 0, 1.25, 100, 100, 100),
       (26, 17, 17, 1159, 0, 433, 535, 102, 102, 102, 102, 143, 143, 102, 79, 79, 79, 79, 79, 79, 8, 36, 2, -18, 30, '',
        0, 24, 0, 1.25, 100, 100, 100),
       (26, 18, 18, 1234, 0, 459, 567, 106, 106, 106, 106, 146, 146, 106, 81, 81, 81, 81, 81, 81, 8, 37, 2, -18, 30, '',
        0, 25, 0, 1.25, 100, 100, 100),
       (26, 19, 19, 1311, 0, 484, 598, 108, 108, 108, 108, 149, 149, 108, 83, 83, 83, 83, 83, 83, 9, 39, 2, -18, 30, '',
        0, 25, 0, 1.25, 100, 100, 100),
       (26, 20, 20, 1390, 0, 510, 630, 113, 113, 113, 113, 152, 152, 113, 88, 88, 88, 88, 88, 88, 9, 40, 2, -18, 30, '',
        0, 25, 0, 1.25, 100, 100, 100),
       (26, 21, 21, 1469, 0, 535, 661, 115, 115, 115, 115, 155, 155, 115, 90, 90, 90, 90, 90, 90, 9, 41, 2, -18, 30, '',
        0, 26, 0, 1.25, 100, 100, 100),
       (26, 22, 22, 1551, 0, 561, 693, 119, 119, 119, 119, 158, 158, 119, 92, 92, 92, 92, 92, 92, 9, 43, 2, -18, 30, '',
        0, 26, 0, 1.25, 100, 100, 100),
       (26, 23, 23, 1634, 0, 586, 724, 121, 121, 121, 121, 161, 161, 121, 96, 96, 96, 96, 96, 96, 10, 44, 2, -18, 30,
        '', 0, 26, 0, 1.25, 100, 100, 100),
       (26, 24, 24, 1718, 0, 612, 756, 125, 125, 125, 125, 164, 164, 125, 99, 99, 99, 99, 99, 99, 10, 45, 2, -18, 30,
        '', 0, 27, 0, 1.25, 100, 100, 100),
       (26, 25, 25, 1805, 0, 637, 787, 128, 128, 128, 128, 167, 167, 128, 101, 101, 101, 101, 101, 101, 10, 46, 2, -18,
        30, '', 0, 27, 0, 1.25, 100, 100, 100),
       (26, 26, 26, 1893, 0, 663, 819, 132, 132, 132, 132, 170, 170, 132, 105, 105, 105, 105, 105, 105, 10, 48, 2, -18,
        30, '', 0, 27, 0, 1.25, 100, 100, 100),
       (26, 27, 27, 1984, 0, 688, 850, 135, 135, 135, 135, 173, 173, 135, 107, 107, 107, 107, 107, 107, 11, 49, 2, -18,
        30, '', 0, 28, 0, 1.25, 100, 100, 100),
       (26, 28, 28, 2076, 0, 714, 882, 140, 140, 140, 140, 176, 176, 140, 110, 110, 110, 110, 110, 110, 11, 50, 2, -18,
        30, '', 0, 28, 0, 1.25, 100, 100, 100),
       (26, 29, 29, 2170, 0, 739, 913, 143, 143, 143, 143, 179, 179, 143, 114, 114, 114, 114, 114, 114, 11, 52, 2, -18,
        30, '', 0, 28, 0, 1.25, 100, 100, 100),
       (26, 30, 30, 2267, 0, 765, 945, 149, 149, 149, 149, 182, 182, 149, 116, 116, 116, 116, 116, 116, 11, 53, 2, -18,
        30, '', 0, 29, 0, 1.25, 100, 100, 100),
       (26, 31, 31, 2366, 0, 790, 976, 152, 152, 152, 152, 185, 185, 152, 118, 118, 118, 118, 118, 118, 12, 54, 2, -18,
        30, '', 0, 29, 0, 1.25, 100, 100, 100),
       (26, 32, 32, 2467, 0, 816, 1008, 157, 157, 157, 157, 188, 188, 157, 123, 123, 123, 123, 123, 123, 12, 56, 2, -18,
        30, '', 0, 29, 0, 1.25, 100, 100, 100),
       (26, 33, 33, 2571, 0, 841, 1039, 160, 160, 160, 160, 191, 191, 160, 125, 125, 125, 125, 125, 125, 12, 57, 2, -18,
        30, '', 0, 30, 0, 1.25, 100, 100, 100),
       (26, 34, 34, 2677, 0, 867, 1071, 165, 165, 165, 165, 194, 194, 165, 127, 127, 127, 127, 127, 127, 12, 58, 2, -18,
        30, '', 0, 30, 0, 1.25, 100, 100, 100),
       (26, 35, 35, 2785, 0, 892, 1102, 169, 169, 169, 169, 197, 197, 169, 131, 131, 131, 131, 131, 131, 13, 59, 2, -18,
        30, '', 0, 30, 0, 1.25, 100, 100, 100),
       (26, 36, 36, 2897, 0, 918, 1134, 174, 174, 174, 174, 200, 200, 174, 134, 134, 134, 134, 134, 134, 13, 61, 2, -18,
        30, '', 0, 31, 0, 1.25, 100, 100, 100),
       (26, 37, 37, 3011, 0, 943, 1165, 178, 178, 178, 178, 203, 203, 178, 136, 136, 136, 136, 136, 136, 13, 62, 2, -18,
        30, '', 0, 31, 0, 1.25, 100, 100, 100),
       (26, 38, 38, 3127, 0, 969, 1197, 184, 184, 184, 184, 206, 206, 184, 140, 140, 140, 140, 140, 140, 13, 63, 2, -18,
        30, '', 0, 31, 0, 1.25, 100, 100, 100),
       (26, 39, 39, 3247, 0, 994, 1228, 188, 188, 188, 188, 209, 209, 188, 142, 142, 142, 142, 142, 142, 14, 65, 2, -18,
        30, '', 0, 32, 0, 1.25, 100, 100, 100),
       (26, 40, 40, 3370, 0, 1020, 1260, 195, 195, 195, 195, 212, 212, 195, 145, 145, 145, 145, 145, 145, 14, 66, 2,
        -18, 30, '', 0, 32, 0, 1.25, 100, 100, 100),
       (26, 41, 41, 3495, 0, 1045, 1291, 199, 199, 199, 199, 215, 215, 199, 149, 149, 149, 149, 149, 149, 14, 67, 2,
        -18, 30, '', 0, 32, 0, 1.25, 100, 100, 100),
       (26, 42, 42, 3624, 0, 1071, 1323, 205, 205, 205, 205, 218, 218, 205, 151, 151, 151, 151, 151, 151, 14, 69, 2,
        -18, 30, '', 0, 33, 0, 1.25, 100, 100, 100),
       (26, 43, 43, 3755, 0, 1096, 1354, 209, 209, 209, 209, 221, 221, 209, 153, 153, 153, 153, 153, 153, 15, 70, 2,
        -18, 30, '', 0, 33, 0, 1.25, 100, 100, 100),
       (26, 44, 44, 3890, 0, 1122, 1386, 215, 215, 215, 215, 224, 224, 215, 158, 158, 158, 158, 158, 158, 15, 71, 2,
        -18, 30, '', 0, 33, 0, 1.25, 100, 100, 100),
       (26, 45, 45, 4029, 0, 1147, 1417, 220, 220, 220, 220, 227, 227, 220, 160, 160, 160, 160, 160, 160, 15, 72, 2,
        -18, 30, '', 0, 34, 0, 1.25, 100, 100, 100),
       (26, 46, 46, 4170, 0, 1173, 1449, 226, 226, 226, 226, 230, 230, 226, 162, 162, 162, 162, 162, 162, 15, 74, 2,
        -18, 30, '', 0, 34, 0, 1.25, 100, 100, 100),
       (26, 47, 47, 4315, 0, 1198, 1480, 231, 231, 231, 231, 233, 233, 231, 166, 166, 166, 166, 166, 166, 16, 75, 3,
        -18, 30, '', 0, 34, 0, 1.25, 100, 100, 100),
       (26, 48, 48, 4464, 0, 1224, 1512, 238, 238, 238, 238, 236, 236, 238, 169, 169, 169, 169, 169, 169, 16, 76, 3,
        -18, 30, '', 0, 35, 0, 1.25, 100, 100, 100),
       (26, 49, 49, 4616, 0, 1249, 1543, 243, 243, 243, 243, 239, 239, 243, 171, 171, 171, 171, 171, 171, 16, 78, 3,
        -18, 30, '', 0, 35, 0, 1.25, 100, 100, 100),
       (26, 50, 50, 4772, 0, 1275, 1575, 251, 251, 251, 251, 242, 242, 251, 175, 175, 175, 175, 175, 175, 16, 79, 3,
        -18, 30, '', 0, 35, 0, 1.25, 100, 100, 100),
       (26, 51, 51, 4932, 0, 1300, 1606, 256, 256, 256, 256, 245, 245, 256, 177, 177, 177, 177, 177, 177, 17, 80, 3,
        -18, 30, '', 0, 36, 0, 1.25, 100, 100, 100),
       (26, 52, 52, 5095, 0, 1326, 1638, 263, 263, 263, 263, 248, 248, 263, 180, 180, 180, 180, 180, 180, 17, 82, 3,
        -18, 30, '', 0, 36, 0, 1.55, 100, 100, 100),
       (26, 53, 53, 5262, 0, 1351, 1669, 268, 268, 268, 268, 251, 251, 268, 184, 184, 184, 184, 184, 184, 17, 83, 3,
        -18, 30, '', 0, 36, 0, 1.55, 100, 100, 100),
       (26, 54, 54, 5434, 0, 1377, 1701, 275, 275, 275, 275, 254, 254, 275, 186, 186, 186, 186, 186, 186, 17, 84, 3,
        -18, 30, '', 0, 37, 0, 1.55, 100, 100, 100),
       (26, 55, 55, 5609, 0, 1402, 1732, 281, 281, 281, 281, 257, 257, 281, 188, 188, 188, 188, 188, 188, 18, 85, 3,
        -18, 30, '', 0, 37, 0, 1.55, 100, 100, 100),
       (26, 56, 56, 5789, 0, 1428, 1764, 288, 288, 288, 288, 260, 260, 288, 193, 193, 193, 193, 193, 193, 18, 87, 3,
        -18, 30, '', 0, 37, 0, 1.55, 100, 100, 100),
       (26, 57, 57, 5972, 0, 1453, 1795, 294, 294, 294, 294, 263, 263, 294, 195, 195, 195, 195, 195, 195, 18, 88, 3,
        -18, 30, '', 0, 38, 0, 1.55, 100, 100, 100),
       (26, 58, 58, 6160, 0, 1479, 1827, 302, 302, 302, 302, 266, 266, 302, 197, 197, 197, 197, 197, 197, 18, 89, 3,
        -18, 30, '', 0, 38, 0, 1.55, 100, 100, 100),
       (26, 59, 59, 6353, 0, 1504, 1858, 308, 308, 308, 308, 269, 269, 308, 201, 201, 201, 201, 201, 201, 19, 91, 3,
        -18, 30, '', 0, 38, 0, 1.55, 100, 100, 100),
       (26, 60, 60, 6550, 0, 1530, 1890, 317, 317, 317, 317, 272, 272, 317, 204, 204, 204, 204, 204, 204, 19, 92, 3,
        -18, 30, '', 0, 39, 0, 1.55, 100, 100, 100),
       (26, 61, 61, 6751, 0, 1555, 1921, 323, 323, 323, 323, 275, 275, 323, 206, 206, 206, 206, 206, 206, 22, 108, 4,
        -25, 27, '', 0, 39, 0, 1.55, 100, 100, 100),
       (26, 62, 62, 6957, 0, 1581, 1953, 331, 331, 331, 331, 278, 278, 331, 210, 210, 210, 210, 210, 210, 25, 125, 4,
        -26, 27, '', 0, 39, 0, 1.55, 100, 100, 100),
       (26, 63, 63, 7167, 0, 1606, 1984, 337, 337, 337, 337, 281, 281, 337, 212, 212, 212, 212, 212, 212, 29, 141, 4,
        -26, 27, '', 0, 40, 0, 1.55, 100, 100, 100),
       (26, 64, 64, 7382, 0, 1632, 2016, 345, 345, 345, 345, 284, 284, 345, 215, 215, 215, 215, 215, 215, 32, 157, 4,
        -27, 26, '', 0, 40, 0, 1.55, 100, 100, 100),
       (26, 65, 65, 7602, 0, 1657, 2047, 352, 352, 352, 352, 287, 287, 352, 219, 219, 219, 219, 219, 219, 35, 173, 4,
        -27, 26, '', 0, 40, 0, 1.55, 100, 100, 100),
       (26, 66, 66, 7827, 0, 1683, 2079, 390, 390, 390, 390, 320, 320, 390, 221, 221, 221, 221, 221, 221, 38, 190, 4,
        -28, 26, '', 0, 41, 0, 1.55, 100, 100, 100),
       (26, 67, 67, 8057, 0, 1708, 2110, 402, 402, 402, 402, 328, 328, 402, 223, 223, 223, 223, 223, 223, 42, 206, 4,
        -28, 26, '', 0, 41, 0, 1.55, 100, 100, 100),
       (26, 68, 68, 8292, 0, 1734, 2142, 416, 416, 416, 416, 336, 336, 416, 228, 228, 228, 228, 228, 228, 45, 222, 4,
        -29, 26, '', 0, 41, 0, 1.55, 100, 100, 100),
       (26, 69, 69, 8532, 0, 1759, 2173, 428, 428, 428, 428, 344, 344, 428, 230, 230, 230, 230, 230, 230, 48, 239, 4,
        -29, 26, '', 0, 42, 0, 1.55, 100, 100, 100),
       (26, 70, 70, 8777, 0, 1785, 2205, 443, 443, 443, 443, 352, 352, 443, 232, 232, 232, 232, 232, 232, 51, 255, 4,
        -30, 25, '', 0, 42, 0, 1.55, 100, 100, 100),
       (26, 71, 71, 9027, 0, 1810, 2236, 455, 455, 455, 455, 360, 360, 455, 236, 236, 236, 236, 236, 236, 55, 271, 4,
        -30, 25, '', 0, 42, 0, 1.55, 100, 100, 100),
       (26, 72, 72, 9283, 0, 1836, 2268, 469, 469, 469, 469, 368, 368, 469, 239, 239, 239, 239, 239, 239, 58, 288, 4,
        -31, 25, '', 0, 43, 0, 1.55, 100, 100, 100),
       (26, 73, 73, 9544, 0, 1861, 2299, 481, 481, 481, 481, 376, 376, 481, 241, 241, 241, 241, 241, 241, 61, 304, 4,
        -31, 25, '', 0, 43, 0, 1.55, 100, 100, 100),
       (26, 74, 74, 9811, 0, 1887, 2331, 495, 495, 495, 495, 384, 384, 495, 245, 245, 245, 245, 245, 245, 64, 320, 4,
        -32, 24, '', 0, 43, 0, 1.55, 100, 100, 100),
       (26, 75, 75, 10083, 0, 1912, 2362, 508, 508, 508, 508, 392, 392, 508, 247, 247, 247, 247, 247, 247, 68, 336, 4,
        -32, 24, '', 0, 44, 0, 1.55, 100, 100, 100),
       (26, 76, 76, 10361, 0, 1938, 2394, 522, 522, 522, 522, 400, 400, 522, 250, 250, 250, 250, 250, 250, 71, 353, 4,
        -33, 24, '', 0, 44, 0, 1.55, 100, 100, 100),
       (26, 77, 77, 10644, 0, 1963, 2425, 535, 535, 535, 535, 408, 408, 535, 254, 254, 254, 254, 254, 254, 74, 369, 4,
        -33, 24, '', 0, 44, 0, 1.55, 100, 100, 100),
       (26, 78, 78, 10933, 0, 1989, 2457, 550, 550, 550, 550, 416, 416, 550, 256, 256, 256, 256, 256, 256, 77, 385, 4,
        -34, 24, '', 0, 45, 0, 1.55, 100, 100, 100),
       (26, 79, 79, 11228, 0, 2014, 2488, 563, 563, 563, 563, 424, 424, 563, 258, 258, 258, 258, 258, 258, 81, 402, 4,
        -34, 24, '', 0, 45, 0, 1.55, 100, 100, 100),
       (26, 80, 80, 11530, 0, 2040, 2520, 579, 579, 579, 579, 432, 432, 579, 263, 263, 263, 263, 263, 263, 84, 418, 4,
        -39, 22, '', 0, 45, 0, 1.55, 100, 100, 100),
       (26, 81, 81, 11837, 0, 2065, 2551, 592, 592, 592, 592, 440, 440, 592, 265, 265, 265, 265, 265, 265, 87, 434, 4,
        -39, 22, '', 0, 46, 0, 1.55, 100, 100, 100),
       (26, 82, 82, 12150, 0, 2091, 2583, 607, 607, 607, 607, 448, 448, 607, 267, 267, 267, 267, 267, 267, 90, 451, 4,
        -39, 22, '', 0, 46, 0, 1.55, 100, 100, 100),
       (26, 83, 83, 12469, 0, 2116, 2614, 620, 620, 620, 620, 456, 456, 620, 271, 271, 271, 271, 271, 271, 94, 467, 4,
        -39, 22, '', 0, 46, 0, 1.55, 100, 100, 100),
       (26, 84, 84, 12794, 0, 2142, 2646, 635, 635, 635, 635, 464, 464, 635, 274, 274, 274, 274, 274, 274, 97, 483, 4,
        -39, 22, '', 0, 47, 0, 1.55, 100, 100, 100),
       (26, 85, 85, 13126, 0, 2167, 2677, 649, 649, 649, 649, 472, 472, 649, 276, 276, 276, 276, 276, 276, 100, 499, 4,
        -39, 22, '', 0, 47, 0, 1.55, 100, 100, 100),
       (27, 1, 1, 78, 0, 26, 32, 72, 72, 72, 72, 97, 97, 72, 34, 34, 34, 34, 34, 34, 5, 18, 1, -18, 30, '', 0, 21, 0,
        1.25, 100, 100, 100),
       (27, 2, 2, 146, 0, 52, 64, 74, 74, 74, 74, 100, 100, 74, 38, 38, 38, 38, 38, 38, 5, 19, 1, -18, 30, '', 0, 21, 0,
        1.25, 100, 100, 100),
       (27, 3, 3, 214, 0, 78, 96, 74, 74, 74, 74, 103, 103, 74, 40, 40, 40, 40, 40, 40, 5, 20, 1, -18, 30, '', 0, 22, 0,
        1.25, 100, 100, 100),
       (27, 4, 4, 282, 0, 104, 128, 76, 76, 76, 76, 106, 106, 76, 44, 44, 44, 44, 44, 44, 5, 22, 1, -18, 30, '', 0, 22,
        0, 1.25, 100, 100, 100),
       (27, 5, 5, 351, 0, 130, 160, 77, 77, 77, 77, 109, 109, 77, 48, 48, 48, 48, 48, 48, 6, 23, 1, -18, 30, '', 0, 22,
        0, 1.25, 100, 100, 100),
       (27, 6, 6, 420, 0, 156, 192, 79, 79, 79, 79, 112, 112, 79, 50, 50, 50, 50, 50, 50, 6, 24, 1, -18, 30, '', 0, 23,
        0, 1.25, 100, 100, 100),
       (27, 7, 7, 490, 0, 182, 224, 80, 80, 80, 80, 115, 115, 80, 52, 52, 52, 52, 52, 52, 6, 26, 1, -18, 30, '', 0, 23,
        0, 1.25, 100, 100, 100),
       (27, 8, 8, 560, 0, 208, 256, 83, 83, 83, 83, 118, 118, 83, 58, 58, 58, 58, 58, 58, 6, 27, 1, -18, 30, '', 0, 23,
        0, 1.25, 100, 100, 100),
       (27, 9, 9, 631, 0, 234, 288, 84, 84, 84, 84, 121, 121, 84, 60, 60, 60, 60, 60, 60, 7, 28, 1, -18, 30, '', 0, 24,
        0, 1.25, 100, 100, 100),
       (27, 10, 10, 702, 0, 260, 320, 89, 89, 89, 89, 124, 124, 89, 62, 62, 62, 62, 62, 62, 7, 30, 1, -18, 30, '', 0,
        24, 0, 1.25, 100, 100, 100),
       (27, 11, 11, 774, 0, 286, 352, 90, 90, 90, 90, 127, 127, 90, 66, 66, 66, 66, 66, 66, 7, 31, 1, -18, 30, '', 0,
        24, 0, 1.25, 100, 100, 100),
       (27, 12, 12, 847, 0, 312, 384, 93, 93, 93, 93, 130, 130, 93, 70, 70, 70, 70, 70, 70, 7, 32, 1, -18, 30, '', 0,
        25, 0, 1.25, 100, 100, 100),
       (27, 13, 13, 921, 0, 338, 416, 94, 94, 94, 94, 133, 133, 94, 72, 72, 72, 72, 72, 72, 8, 33, 1, -18, 30, '', 0,
        25, 0, 1.25, 100, 100, 100),
       (27, 14, 14, 996, 0, 364, 448, 97, 97, 97, 97, 136, 136, 97, 76, 76, 76, 76, 76, 76, 8, 35, 1, -18, 30, '', 0,
        25, 0, 1.25, 100, 100, 100),
       (27, 15, 15, 1072, 0, 390, 480, 99, 99, 99, 99, 139, 139, 99, 78, 78, 78, 78, 78, 78, 8, 36, 1, -18, 30, '', 0,
        26, 0, 1.25, 100, 100, 100),
       (27, 16, 16, 1149, 0, 416, 512, 102, 102, 102, 102, 142, 142, 102, 82, 82, 82, 82, 82, 82, 8, 37, 1, -18, 30, '',
        0, 26, 0, 1.25, 100, 100, 100),
       (27, 17, 17, 1227, 0, 442, 544, 104, 104, 104, 104, 145, 145, 104, 86, 86, 86, 86, 86, 86, 9, 39, 2, -18, 30, '',
        0, 26, 0, 1.25, 100, 100, 100),
       (27, 18, 18, 1306, 0, 468, 576, 108, 108, 108, 108, 148, 148, 108, 88, 88, 88, 88, 88, 88, 9, 40, 2, -18, 30, '',
        0, 27, 0, 1.25, 100, 100, 100),
       (27, 19, 19, 1387, 0, 494, 608, 110, 110, 110, 110, 151, 151, 110, 90, 90, 90, 90, 90, 90, 9, 41, 2, -18, 30, '',
        0, 27, 0, 1.25, 100, 100, 100),
       (27, 20, 20, 1470, 0, 520, 640, 116, 116, 116, 116, 154, 154, 116, 96, 96, 96, 96, 96, 96, 9, 43, 2, -18, 30, '',
        0, 27, 0, 1.25, 100, 100, 100),
       (27, 21, 21, 1553, 0, 546, 672, 118, 118, 118, 118, 157, 157, 118, 98, 98, 98, 98, 98, 98, 10, 44, 2, -18, 30,
        '', 0, 28, 0, 1.25, 100, 100, 100),
       (27, 22, 22, 1639, 0, 572, 704, 122, 122, 122, 122, 160, 160, 122, 100, 100, 100, 100, 100, 100, 10, 45, 2, -18,
        30, '', 0, 28, 0, 1.25, 100, 100, 100),
       (27, 23, 23, 1726, 0, 598, 736, 124, 124, 124, 124, 163, 163, 124, 104, 104, 104, 104, 104, 104, 10, 46, 2, -18,
        30, '', 0, 28, 0, 1.25, 100, 100, 100),
       (27, 24, 24, 1814, 0, 624, 768, 128, 128, 128, 128, 166, 166, 128, 108, 108, 108, 108, 108, 108, 10, 48, 2, -18,
        30, '', 0, 29, 0, 1.25, 100, 100, 100),
       (27, 25, 25, 1905, 0, 650, 800, 131, 131, 131, 131, 169, 169, 131, 110, 110, 110, 110, 110, 110, 11, 49, 2, -18,
        30, '', 0, 29, 0, 1.25, 100, 100, 100),
       (27, 26, 26, 1997, 0, 676, 832, 135, 135, 135, 135, 172, 172, 135, 114, 114, 114, 114, 114, 114, 11, 50, 2, -18,
        30, '', 0, 29, 0, 1.25, 100, 100, 100),
       (27, 27, 27, 2092, 0, 702, 864, 138, 138, 138, 138, 175, 175, 138, 116, 116, 116, 116, 116, 116, 11, 52, 2, -18,
        30, '', 0, 30, 0, 1.25, 100, 100, 100),
       (27, 28, 28, 2188, 0, 728, 896, 143, 143, 143, 143, 178, 178, 143, 120, 120, 120, 120, 120, 120, 11, 53, 2, -18,
        30, '', 0, 30, 0, 1.25, 100, 100, 100),
       (27, 29, 29, 2286, 0, 754, 928, 146, 146, 146, 146, 181, 181, 146, 124, 124, 124, 124, 124, 124, 12, 54, 2, -18,
        30, '', 0, 30, 0, 1.25, 100, 100, 100),
       (27, 30, 30, 2387, 0, 780, 960, 153, 153, 153, 153, 184, 184, 153, 126, 126, 126, 126, 126, 126, 12, 56, 2, -18,
        30, '', 0, 31, 0, 1.25, 100, 100, 100),
       (27, 31, 31, 2490, 0, 806, 992, 156, 156, 156, 156, 187, 187, 156, 128, 128, 128, 128, 128, 128, 12, 57, 2, -18,
        30, '', 0, 31, 0, 1.25, 100, 100, 100),
       (27, 32, 32, 2595, 0, 832, 1024, 161, 161, 161, 161, 190, 190, 161, 134, 134, 134, 134, 134, 134, 12, 58, 2, -18,
        30, '', 0, 31, 0, 1.25, 100, 100, 100),
       (27, 33, 33, 2703, 0, 858, 1056, 164, 164, 164, 164, 193, 193, 164, 136, 136, 136, 136, 136, 136, 13, 59, 2, -18,
        30, '', 0, 32, 0, 1.25, 100, 100, 100),
       (27, 34, 34, 2813, 0, 884, 1088, 169, 169, 169, 169, 196, 196, 169, 138, 138, 138, 138, 138, 138, 13, 61, 2, -18,
        30, '', 0, 32, 0, 1.25, 100, 100, 100),
       (27, 35, 35, 2925, 0, 910, 1120, 173, 173, 173, 173, 199, 199, 173, 142, 142, 142, 142, 142, 142, 13, 62, 2, -18,
        30, '', 0, 32, 0, 1.25, 100, 100, 100),
       (27, 36, 36, 3041, 0, 936, 1152, 178, 178, 178, 178, 202, 202, 178, 146, 146, 146, 146, 146, 146, 13, 63, 2, -18,
        30, '', 0, 33, 0, 1.25, 100, 100, 100),
       (27, 37, 37, 3159, 0, 962, 1184, 182, 182, 182, 182, 205, 205, 182, 148, 148, 148, 148, 148, 148, 14, 65, 2, -18,
        30, '', 0, 33, 0, 1.25, 100, 100, 100),
       (27, 38, 38, 3279, 0, 988, 1216, 188, 188, 188, 188, 208, 208, 188, 152, 152, 152, 152, 152, 152, 14, 66, 2, -18,
        30, '', 0, 33, 0, 1.25, 100, 100, 100),
       (27, 39, 39, 3403, 0, 1014, 1248, 192, 192, 192, 192, 211, 211, 192, 154, 154, 154, 154, 154, 154, 14, 67, 2,
        -18, 30, '', 0, 34, 0, 1.25, 100, 100, 100),
       (27, 40, 40, 3530, 0, 1040, 1280, 200, 200, 200, 200, 214, 214, 200, 158, 158, 158, 158, 158, 158, 14, 69, 2,
        -18, 30, '', 0, 34, 0, 1.25, 100, 100, 100),
       (27, 41, 41, 3659, 0, 1066, 1312, 204, 204, 204, 204, 217, 217, 204, 162, 162, 162, 162, 162, 162, 15, 70, 2,
        -18, 30, '', 0, 34, 0, 1.25, 100, 100, 100),
       (27, 42, 42, 3792, 0, 1092, 1344, 210, 210, 210, 210, 220, 220, 210, 164, 164, 164, 164, 164, 164, 15, 71, 2,
        -18, 30, '', 0, 35, 0, 1.25, 100, 100, 100),
       (27, 43, 43, 3927, 0, 1118, 1376, 214, 214, 214, 214, 223, 223, 214, 166, 166, 166, 166, 166, 166, 15, 72, 2,
        -18, 30, '', 0, 35, 0, 1.25, 100, 100, 100),
       (27, 44, 44, 4066, 0, 1144, 1408, 220, 220, 220, 220, 226, 226, 220, 172, 172, 172, 172, 172, 172, 15, 74, 2,
        -18, 30, '', 0, 35, 0, 1.25, 100, 100, 100),
       (27, 45, 45, 4209, 0, 1170, 1440, 225, 225, 225, 225, 229, 229, 225, 174, 174, 174, 174, 174, 174, 16, 75, 2,
        -18, 30, '', 0, 36, 0, 1.25, 100, 100, 100),
       (27, 46, 46, 4354, 0, 1196, 1472, 231, 231, 231, 231, 232, 232, 231, 176, 176, 176, 176, 176, 176, 16, 76, 2,
        -18, 30, '', 0, 36, 0, 1.25, 100, 100, 100),
       (27, 47, 47, 4503, 0, 1222, 1504, 236, 236, 236, 236, 235, 235, 236, 180, 180, 180, 180, 180, 180, 16, 78, 3,
        -18, 30, '', 0, 36, 0, 1.25, 100, 100, 100),
       (27, 48, 48, 4656, 0, 1248, 1536, 243, 243, 243, 243, 238, 238, 243, 184, 184, 184, 184, 184, 184, 16, 79, 3,
        -18, 30, '', 0, 37, 0, 1.25, 100, 100, 100),
       (27, 49, 49, 4812, 0, 1274, 1568, 248, 248, 248, 248, 241, 241, 248, 186, 186, 186, 186, 186, 186, 17, 80, 3,
        -18, 30, '', 0, 37, 0, 1.25, 100, 100, 100),
       (27, 50, 50, 4972, 0, 1300, 1600, 257, 257, 257, 257, 244, 244, 257, 190, 190, 190, 190, 190, 190, 17, 82, 3,
        -18, 30, '', 0, 37, 0, 1.25, 100, 100, 100),
       (27, 51, 51, 5136, 0, 1326, 1632, 262, 262, 262, 262, 247, 247, 262, 192, 192, 192, 192, 192, 192, 17, 83, 3,
        -18, 30, '', 0, 38, 0, 1.25, 100, 100, 100),
       (27, 52, 52, 5303, 0, 1352, 1664, 269, 269, 269, 269, 250, 250, 269, 196, 196, 196, 196, 196, 196, 17, 84, 3,
        -18, 30, '', 0, 38, 0, 1.61, 100, 100, 100),
       (27, 53, 53, 5474, 0, 1378, 1696, 274, 274, 274, 274, 253, 253, 274, 200, 200, 200, 200, 200, 200, 18, 85, 3,
        -18, 30, '', 0, 38, 0, 1.61, 100, 100, 100),
       (27, 54, 54, 5650, 0, 1404, 1728, 281, 281, 281, 281, 256, 256, 281, 202, 202, 202, 202, 202, 202, 18, 87, 3,
        -18, 30, '', 0, 39, 0, 1.61, 100, 100, 100),
       (27, 55, 55, 5829, 0, 1430, 1760, 287, 287, 287, 287, 259, 259, 287, 204, 204, 204, 204, 204, 204, 18, 88, 3,
        -18, 30, '', 0, 39, 0, 1.61, 100, 100, 100),
       (27, 56, 56, 6013, 0, 1456, 1792, 294, 294, 294, 294, 262, 262, 294, 210, 210, 210, 210, 210, 210, 18, 89, 3,
        -18, 30, '', 0, 39, 0, 1.61, 100, 100, 100),
       (27, 57, 57, 6200, 0, 1482, 1824, 300, 300, 300, 300, 265, 265, 300, 212, 212, 212, 212, 212, 212, 19, 91, 3,
        -18, 30, '', 0, 40, 0, 1.61, 100, 100, 100),
       (27, 58, 58, 6392, 0, 1508, 1856, 308, 308, 308, 308, 268, 268, 308, 214, 214, 214, 214, 214, 214, 19, 92, 3,
        -18, 30, '', 0, 40, 0, 1.61, 100, 100, 100),
       (27, 59, 59, 6589, 0, 1534, 1888, 314, 314, 314, 314, 271, 271, 314, 218, 218, 218, 218, 218, 218, 19, 93, 3,
        -18, 30, '', 0, 40, 0, 1.61, 100, 100, 100),
       (27, 60, 60, 6790, 0, 1560, 1920, 324, 324, 324, 324, 274, 274, 324, 222, 222, 222, 222, 222, 222, 19, 95, 3,
        -18, 30, '', 0, 41, 0, 1.61, 100, 100, 100),
       (27, 61, 61, 6995, 0, 1586, 1952, 330, 330, 330, 330, 277, 277, 330, 224, 224, 224, 224, 224, 224, 23, 111, 4,
        -26, 27, '', 0, 41, 0, 1.61, 100, 100, 100),
       (27, 62, 62, 7205, 0, 1612, 1984, 338, 338, 338, 338, 280, 280, 338, 228, 228, 228, 228, 228, 228, 26, 127, 4,
        -27, 26, '', 0, 41, 0, 1.61, 100, 100, 100),
       (27, 63, 63, 7419, 0, 1638, 2016, 344, 344, 344, 344, 283, 283, 344, 230, 230, 230, 230, 230, 230, 29, 143, 4,
        -27, 26, '', 0, 42, 0, 1.61, 100, 100, 100),
       (27, 64, 64, 7638, 0, 1664, 2048, 352, 352, 352, 352, 286, 286, 352, 234, 234, 234, 234, 234, 234, 32, 160, 4,
        -28, 26, '', 0, 42, 0, 1.61, 100, 100, 100),
       (27, 65, 65, 7862, 0, 1690, 2080, 359, 359, 359, 359, 289, 289, 359, 238, 238, 238, 238, 238, 238, 36, 176, 4,
        -28, 26, '', 0, 42, 0, 1.61, 100, 100, 100),
       (27, 66, 66, 8091, 0, 1716, 2112, 397, 397, 397, 397, 322, 322, 397, 240, 240, 240, 240, 240, 240, 39, 192, 4,
        -29, 26, '', 0, 43, 0, 1.61, 100, 100, 100),
       (27, 67, 67, 8325, 0, 1742, 2144, 409, 409, 409, 409, 330, 330, 409, 242, 242, 242, 242, 242, 242, 42, 209, 4,
        -29, 26, '', 0, 43, 0, 1.61, 100, 100, 100),
       (27, 68, 68, 8564, 0, 1768, 2176, 423, 423, 423, 423, 338, 338, 423, 248, 248, 248, 248, 248, 248, 45, 225, 4,
        -30, 25, '', 0, 43, 0, 1.61, 100, 100, 100),
       (27, 69, 69, 8808, 0, 1794, 2208, 435, 435, 435, 435, 346, 346, 435, 250, 250, 250, 250, 250, 250, 49, 241, 4,
        -30, 25, '', 0, 44, 0, 1.61, 100, 100, 100),
       (27, 70, 70, 9057, 0, 1820, 2240, 451, 451, 451, 451, 354, 354, 451, 252, 252, 252, 252, 252, 252, 52, 258, 4,
        -31, 25, '', 0, 44, 0, 1.61, 100, 100, 100),
       (27, 71, 71, 9311, 0, 1846, 2272, 463, 463, 463, 463, 362, 362, 463, 256, 256, 256, 256, 256, 256, 55, 274, 4,
        -31, 25, '', 0, 44, 0, 1.61, 100, 100, 100),
       (27, 72, 72, 9571, 0, 1872, 2304, 477, 477, 477, 477, 370, 370, 477, 260, 260, 260, 260, 260, 260, 58, 290, 4,
        -32, 24, '', 0, 45, 0, 1.61, 100, 100, 100),
       (27, 73, 73, 9836, 0, 1898, 2336, 489, 489, 489, 489, 378, 378, 489, 262, 262, 262, 262, 262, 262, 62, 306, 4,
        -32, 24, '', 0, 45, 0, 1.61, 100, 100, 100),
       (27, 74, 74, 10107, 0, 1924, 2368, 503, 503, 503, 503, 386, 386, 503, 266, 266, 266, 266, 266, 266, 65, 323, 4,
        -33, 24, '', 0, 45, 0, 1.61, 100, 100, 100),
       (27, 75, 75, 10383, 0, 1950, 2400, 516, 516, 516, 516, 394, 394, 516, 268, 268, 268, 268, 268, 268, 68, 339, 4,
        -33, 24, '', 0, 46, 0, 1.61, 100, 100, 100),
       (27, 76, 76, 10665, 0, 1976, 2432, 530, 530, 530, 530, 402, 402, 530, 272, 272, 272, 272, 272, 272, 71, 355, 4,
        -34, 24, '', 0, 46, 0, 1.61, 100, 100, 100),
       (27, 77, 77, 10952, 0, 2002, 2464, 543, 543, 543, 543, 410, 410, 543, 276, 276, 276, 276, 276, 276, 75, 372, 4,
        -34, 24, '', 0, 46, 0, 1.61, 100, 100, 100),
       (27, 78, 78, 11245, 0, 2028, 2496, 558, 558, 558, 558, 418, 418, 558, 278, 278, 278, 278, 278, 278, 78, 388, 4,
        -35, 23, '', 0, 47, 0, 1.61, 100, 100, 100),
       (27, 79, 79, 11544, 0, 2054, 2528, 571, 571, 571, 571, 426, 426, 571, 280, 280, 280, 280, 280, 280, 81, 404, 4,
        -35, 23, '', 0, 47, 0, 1.61, 100, 100, 100),
       (27, 80, 80, 11850, 0, 2080, 2560, 588, 588, 588, 588, 434, 434, 588, 286, 286, 286, 286, 286, 286, 84, 421, 4,
        -40, 22, '', 0, 47, 0, 1.61, 100, 100, 100),
       (27, 81, 81, 12161, 0, 2106, 2592, 601, 601, 601, 601, 442, 442, 601, 288, 288, 288, 288, 288, 288, 88, 437, 4,
        -40, 22, '', 0, 48, 0, 1.61, 100, 100, 100),
       (27, 82, 82, 12478, 0, 2132, 2624, 616, 616, 616, 616, 450, 450, 616, 290, 290, 290, 290, 290, 290, 91, 453, 4,
        -40, 22, '', 0, 48, 0, 1.61, 100, 100, 100),
       (27, 83, 83, 12801, 0, 2158, 2656, 629, 629, 629, 629, 458, 458, 629, 294, 294, 294, 294, 294, 294, 94, 469, 4,
        -40, 22, '', 0, 48, 0, 1.61, 100, 100, 100),
       (27, 84, 84, 13130, 0, 2184, 2688, 644, 644, 644, 644, 466, 466, 644, 298, 298, 298, 298, 298, 298, 97, 486, 4,
        -40, 22, '', 0, 49, 0, 1.61, 100, 100, 100),
       (27, 85, 85, 13466, 0, 2210, 2720, 658, 658, 658, 658, 474, 474, 658, 300, 300, 300, 300, 300, 300, 101, 502, 4,
        -40, 22, '', 0, 49, 0, 1.61, 100, 100, 100),
       (31, 1, 1, 37, 29, 13, 8, 56, 56, 56, 56, 106, 106, 56, 15, 15, 15, 15, 15, 15, 1, 8, 1, -18, 30, '', 0, 7, 5,
        1.25, 100, 100, 100),
       (31, 2, 2, 64, 59, 26, 16, 57, 57, 57, 57, 110, 110, 57, 17, 17, 17, 17, 17, 17, 1, 10, 1, -18, 30, '', 0, 7, 5,
        1.25, 100, 100, 100),
       (31, 3, 3, 91, 91, 40, 24, 57, 57, 57, 57, 113, 113, 57, 19, 19, 19, 19, 19, 19, 2, 11, 1, -18, 30, '', 0, 7, 5,
        1.25, 100, 100, 100),
       (31, 4, 4, 118, 125, 53, 33, 58, 58, 58, 58, 117, 117, 58, 22, 22, 22, 22, 22, 22, 2, 13, 1, -18, 30, '', 0, 8,
        5, 1.25, 100, 100, 100),
       (31, 5, 5, 146, 160, 66, 41, 59, 59, 59, 59, 120, 120, 59, 24, 24, 24, 24, 24, 24, 2, 14, 1, -18, 30, '', 0, 8,
        6, 1.25, 100, 100, 100),
       (31, 6, 6, 174, 197, 80, 49, 60, 60, 60, 60, 124, 124, 60, 26, 26, 26, 26, 26, 26, 2, 15, 1, -18, 30, '', 0, 8,
        6, 1.25, 100, 100, 100),
       (31, 7, 7, 202, 235, 93, 57, 61, 61, 61, 61, 127, 127, 61, 28, 28, 28, 28, 28, 28, 3, 17, 1, -18, 30, '', 0, 8,
        6, 1.25, 100, 100, 100),
       (31, 8, 8, 231, 275, 106, 66, 62, 62, 62, 62, 131, 131, 62, 31, 31, 31, 31, 31, 31, 3, 18, 1, -18, 30, '', 0, 9,
        6, 1.25, 100, 100, 100),
       (31, 9, 9, 261, 317, 120, 74, 63, 63, 63, 63, 134, 134, 63, 33, 33, 33, 33, 33, 33, 3, 20, 1, -18, 30, '', 0, 9,
        6, 1.25, 100, 100, 100),
       (31, 10, 10, 291, 360, 133, 82, 66, 66, 66, 66, 138, 138, 66, 35, 35, 35, 35, 35, 35, 3, 21, 1, -18, 30, '', 0,
        9, 7, 1.25, 100, 100, 100),
       (31, 11, 11, 321, 405, 146, 90, 67, 67, 67, 67, 141, 141, 67, 37, 37, 37, 37, 37, 37, 4, 22, 1, -18, 30, '', 0,
        9, 7, 1.25, 100, 100, 100),
       (31, 12, 12, 353, 451, 160, 99, 69, 69, 69, 69, 145, 145, 69, 40, 40, 40, 40, 40, 40, 4, 24, 1, -18, 30, '', 0,
        10, 7, 1.25, 100, 100, 100),
       (31, 13, 13, 385, 499, 173, 107, 70, 70, 70, 70, 148, 148, 70, 42, 42, 42, 42, 42, 42, 4, 25, 1, -18, 30, '', 0,
        10, 7, 1.25, 100, 100, 100),
       (31, 14, 14, 418, 549, 186, 115, 72, 72, 72, 72, 152, 152, 72, 44, 44, 44, 44, 44, 44, 4, 27, 1, -18, 30, '', 0,
        10, 7, 1.25, 100, 100, 100),
       (31, 15, 15, 452, 600, 200, 123, 73, 73, 73, 73, 155, 155, 73, 46, 46, 46, 46, 46, 46, 5, 28, 1, -18, 30, '', 0,
        10, 8, 1.25, 100, 100, 100),
       (31, 16, 16, 487, 653, 213, 132, 76, 76, 76, 76, 159, 159, 76, 49, 49, 49, 49, 49, 49, 5, 29, 1, -18, 30, '', 0,
        11, 8, 1.25, 100, 100, 100),
       (31, 17, 17, 523, 707, 226, 140, 77, 77, 77, 77, 162, 162, 77, 51, 51, 51, 51, 51, 51, 5, 31, 1, -18, 30, '', 0,
        11, 8, 1.25, 100, 100, 100),
       (31, 18, 18, 560, 763, 240, 148, 80, 80, 80, 80, 166, 166, 80, 53, 53, 53, 53, 53, 53, 5, 32, 1, -18, 30, '', 0,
        11, 8, 1.25, 100, 100, 100),
       (31, 19, 19, 599, 821, 253, 156, 81, 81, 81, 81, 169, 169, 81, 55, 55, 55, 55, 55, 55, 6, 34, 1, -18, 30, '', 0,
        11, 8, 1.25, 100, 100, 100),
       (31, 20, 20, 638, 880, 266, 165, 85, 85, 85, 85, 173, 173, 85, 58, 58, 58, 58, 58, 58, 6, 35, 1, -18, 30, '', 0,
        12, 9, 1.25, 100, 100, 100),
       (31, 21, 21, 679, 941, 280, 173, 87, 87, 87, 87, 176, 176, 87, 60, 60, 60, 60, 60, 60, 6, 36, 1, -18, 30, '', 0,
        12, 9, 1.25, 100, 100, 100),
       (31, 22, 22, 722, 1003, 293, 181, 90, 90, 90, 90, 180, 180, 90, 62, 62, 62, 62, 62, 62, 6, 38, 1, -18, 30, '', 0,
        12, 9, 1.25, 100, 100, 100),
       (31, 23, 23, 766, 1067, 306, 189, 92, 92, 92, 92, 183, 183, 92, 64, 64, 64, 64, 64, 64, 7, 39, 1, -18, 30, '', 0,
        12, 9, 1.25, 100, 100, 100),
       (31, 24, 24, 811, 1133, 320, 198, 95, 95, 95, 95, 187, 187, 95, 67, 67, 67, 67, 67, 67, 7, 41, 1, -18, 30, '', 0,
        13, 9, 1.25, 100, 100, 100),
       (31, 25, 25, 858, 1200, 333, 206, 97, 97, 97, 97, 190, 190, 97, 69, 69, 69, 69, 69, 69, 7, 42, 1, -18, 30, '', 0,
        13, 10, 1.25, 100, 100, 100),
       (31, 26, 26, 907, 1269, 346, 214, 100, 100, 100, 100, 194, 194, 100, 71, 71, 71, 71, 71, 71, 7, 43, 1, -18, 30,
        '', 0, 13, 10, 1.25, 100, 100, 100),
       (31, 27, 27, 957, 1339, 360, 222, 102, 102, 102, 102, 197, 197, 102, 73, 73, 73, 73, 73, 73, 8, 45, 1, -18, 30,
        '', 0, 13, 10, 1.25, 100, 100, 100),
       (31, 28, 28, 1009, 1411, 373, 231, 106, 106, 106, 106, 201, 201, 106, 76, 76, 76, 76, 76, 76, 8, 46, 1, -18, 30,
        '', 0, 14, 10, 1.25, 100, 100, 100),
       (31, 29, 29, 1063, 1485, 386, 239, 108, 108, 108, 108, 204, 204, 108, 78, 78, 78, 78, 78, 78, 8, 48, 1, -18, 30,
        '', 0, 14, 10, 1.25, 100, 100, 100),
       (31, 30, 30, 1120, 1560, 400, 247, 113, 113, 113, 113, 208, 208, 113, 80, 80, 80, 80, 80, 80, 8, 49, 1, -18, 30,
        '', 0, 14, 11, 1.25, 100, 100, 100),
       (31, 31, 31, 1178, 1637, 413, 255, 115, 115, 115, 115, 211, 211, 115, 82, 82, 82, 82, 82, 82, 9, 50, 1, -18, 30,
        '', 0, 14, 11, 1.25, 100, 100, 100),
       (31, 32, 32, 1238, 1715, 426, 264, 119, 119, 119, 119, 215, 215, 119, 85, 85, 85, 85, 85, 85, 9, 52, 1, -18, 30,
        '', 0, 15, 11, 1.25, 100, 100, 100),
       (31, 33, 33, 1300, 1795, 440, 272, 122, 122, 122, 122, 218, 218, 122, 87, 87, 87, 87, 87, 87, 9, 53, 1, -18, 30,
        '', 0, 15, 11, 1.25, 100, 100, 100),
       (31, 34, 34, 1364, 1877, 453, 280, 126, 126, 126, 126, 222, 222, 126, 89, 89, 89, 89, 89, 89, 9, 55, 1, -18, 30,
        '', 0, 15, 11, 1.25, 100, 100, 100),
       (31, 35, 35, 1431, 1960, 466, 288, 129, 129, 129, 129, 225, 225, 129, 91, 91, 91, 91, 91, 91, 10, 56, 1, -18, 30,
        '', 0, 15, 12, 1.25, 100, 100, 100),
       (31, 36, 36, 1500, 2045, 480, 297, 133, 133, 133, 133, 229, 229, 133, 94, 94, 94, 94, 94, 94, 10, 57, 1, -18, 30,
        '', 0, 16, 12, 1.25, 100, 100, 100),
       (31, 37, 37, 1571, 2131, 493, 305, 136, 136, 136, 136, 232, 232, 136, 96, 96, 96, 96, 96, 96, 10, 59, 1, -18, 30,
        '', 0, 16, 12, 1.25, 100, 100, 100),
       (31, 38, 38, 1645, 2219, 506, 313, 140, 140, 140, 140, 236, 236, 140, 98, 98, 98, 98, 98, 98, 10, 60, 1, -18, 30,
        '', 0, 16, 12, 1.25, 100, 100, 100),
       (31, 39, 39, 1722, 2309, 520, 321, 144, 144, 144, 144, 239, 239, 144, 100, 100, 100, 100, 100, 100, 11, 62, 1,
        -18, 30, '', 0, 16, 12, 1.25, 100, 100, 100),
       (31, 40, 40, 1801, 2400, 533, 330, 149, 149, 149, 149, 243, 243, 149, 103, 103, 103, 103, 103, 103, 11, 63, 1,
        -18, 30, '', 0, 17, 13, 1.25, 100, 100, 100),
       (31, 41, 41, 1882, 2493, 546, 338, 153, 153, 153, 153, 246, 246, 153, 105, 105, 105, 105, 105, 105, 11, 64, 1,
        -18, 30, '', 0, 17, 13, 1.25, 100, 100, 100),
       (31, 42, 42, 1967, 2587, 560, 346, 157, 157, 157, 157, 250, 250, 157, 107, 107, 107, 107, 107, 107, 11, 66, 1,
        -18, 30, '', 0, 17, 13, 1.25, 100, 100, 100),
       (31, 43, 43, 2054, 2683, 573, 354, 161, 161, 161, 161, 253, 253, 161, 109, 109, 109, 109, 109, 109, 12, 67, 1,
        -18, 30, '', 0, 17, 13, 1.25, 100, 100, 100),
       (31, 44, 44, 2144, 2781, 586, 363, 166, 166, 166, 166, 257, 257, 166, 112, 112, 112, 112, 112, 112, 12, 69, 1,
        -18, 30, '', 0, 18, 13, 1.25, 100, 100, 100),
       (31, 45, 45, 2237, 2880, 600, 371, 170, 170, 170, 170, 260, 260, 170, 114, 114, 114, 114, 114, 114, 12, 70, 1,
        -18, 30, '', 0, 18, 14, 1.25, 100, 100, 100),
       (31, 46, 46, 2333, 2981, 613, 379, 175, 175, 175, 175, 264, 264, 175, 116, 116, 116, 116, 116, 116, 12, 71, 1,
        -18, 30, '', 0, 18, 14, 1.25, 100, 100, 100),
       (31, 47, 47, 2432, 3083, 626, 387, 179, 179, 179, 179, 267, 267, 179, 118, 118, 118, 118, 118, 118, 13, 73, 1,
        -18, 30, '', 0, 18, 14, 1.25, 100, 100, 100),
       (31, 48, 48, 2534, 3187, 640, 396, 184, 184, 184, 184, 271, 271, 184, 121, 121, 121, 121, 121, 121, 13, 74, 1,
        -18, 30, '', 0, 19, 14, 1.25, 100, 100, 100),
       (31, 49, 49, 2640, 3293, 653, 404, 188, 188, 188, 188, 274, 274, 188, 123, 123, 123, 123, 123, 123, 13, 76, 1,
        -18, 30, '', 0, 19, 14, 1.25, 100, 100, 100),
       (31, 50, 50, 2748, 3400, 666, 412, 194, 194, 194, 194, 278, 278, 194, 125, 125, 125, 125, 125, 125, 13, 77, 1,
        -18, 30, '', 0, 19, 15, 1.25, 100, 100, 100),
       (31, 51, 51, 2860, 3509, 680, 420, 199, 199, 199, 199, 281, 281, 199, 127, 127, 127, 127, 127, 127, 14, 78, 1,
        -18, 30, '', 0, 19, 15, 1.25, 100, 100, 100),
       (31, 52, 52, 2976, 3619, 693, 429, 204, 204, 204, 204, 285, 285, 204, 130, 130, 130, 130, 130, 130, 14, 80, 1,
        -18, 30, '', 0, 20, 15, 1.25, 100, 100, 100),
       (31, 53, 53, 3095, 3731, 706, 437, 209, 209, 209, 209, 288, 288, 209, 132, 132, 132, 132, 132, 132, 14, 81, 1,
        -18, 30, '', 0, 20, 15, 1.25, 100, 100, 100),
       (31, 54, 54, 3217, 3845, 720, 445, 214, 214, 214, 214, 292, 292, 214, 134, 134, 134, 134, 134, 134, 14, 83, 1,
        -18, 30, '', 0, 20, 15, 1.25, 100, 100, 100),
       (31, 55, 55, 3343, 3960, 733, 453, 219, 219, 219, 219, 295, 295, 219, 136, 136, 136, 136, 136, 136, 15, 84, 1,
        -18, 30, '', 0, 20, 16, 1.25, 100, 100, 100),
       (31, 56, 56, 3473, 4077, 746, 462, 225, 225, 225, 225, 299, 299, 225, 139, 139, 139, 139, 139, 139, 15, 85, 1,
        -18, 30, '', 0, 21, 16, 1.25, 100, 100, 100),
       (31, 57, 57, 3606, 4195, 760, 470, 230, 230, 230, 230, 302, 302, 230, 141, 141, 141, 141, 141, 141, 15, 87, 1,
        -18, 30, '', 0, 21, 16, 1.25, 100, 100, 100),
       (31, 58, 58, 3743, 4315, 773, 478, 236, 236, 236, 236, 306, 306, 236, 143, 143, 143, 143, 143, 143, 15, 88, 1,
        -18, 30, '', 0, 21, 16, 1.25, 100, 100, 100),
       (31, 59, 59, 3884, 4437, 786, 486, 241, 241, 241, 241, 309, 309, 241, 145, 145, 145, 145, 145, 145, 16, 90, 1,
        -18, 30, '', 0, 21, 16, 1.25, 100, 100, 100),
       (31, 60, 60, 4030, 4560, 800, 495, 248, 248, 248, 248, 313, 313, 248, 148, 148, 148, 148, 148, 148, 16, 91, 1,
        -18, 30, '', 0, 22, 17, 1.25, 100, 100, 100),
       (31, 61, 61, 4179, 4685, 813, 503, 253, 253, 253, 253, 316, 316, 253, 150, 150, 150, 150, 150, 150, 16, 92, 1,
        -18, 30, '', 0, 22, 17, 1.25, 100, 100, 100),
       (31, 62, 62, 4332, 4811, 826, 511, 260, 260, 260, 260, 320, 320, 260, 152, 152, 152, 152, 152, 152, 16, 94, 1,
        -18, 30, '', 0, 22, 17, 1.25, 100, 100, 100),
       (31, 63, 63, 4489, 4939, 840, 519, 265, 265, 265, 265, 323, 323, 265, 154, 154, 154, 154, 154, 154, 17, 95, 1,
        -18, 30, '', 0, 22, 17, 1.25, 100, 100, 100),
       (31, 64, 64, 4650, 5069, 853, 528, 272, 272, 272, 272, 327, 327, 272, 157, 157, 157, 157, 157, 157, 17, 97, 1,
        -18, 30, '', 0, 23, 17, 1.25, 100, 100, 100),
       (31, 65, 65, 4816, 5200, 866, 536, 277, 277, 277, 277, 330, 330, 277, 159, 159, 159, 159, 159, 159, 17, 98, 1,
        -18, 30, '', 0, 23, 18, 1.25, 100, 100, 100),
       (31, 66, 66, 4986, 5333, 880, 544, 314, 314, 314, 314, 364, 364, 314, 161, 161, 161, 161, 161, 161, 17, 99, 1,
        -18, 30, '', 0, 23, 18, 1.25, 100, 100, 100),
       (31, 67, 67, 5160, 5467, 893, 552, 325, 325, 325, 325, 372, 372, 325, 163, 163, 163, 163, 163, 163, 18, 101, 1,
        -18, 30, '', 0, 23, 18, 1.25, 100, 100, 100),
       (31, 68, 68, 5339, 5603, 906, 561, 337, 337, 337, 337, 381, 381, 337, 166, 166, 166, 166, 166, 166, 18, 102, 1,
        -18, 30, '', 0, 24, 18, 1.25, 100, 100, 100),
       (31, 69, 69, 5523, 5741, 920, 569, 348, 348, 348, 348, 389, 389, 348, 168, 168, 168, 168, 168, 168, 18, 104, 1,
        -18, 30, '', 0, 24, 18, 1.25, 100, 100, 100),
       (31, 70, 70, 5711, 5880, 933, 577, 361, 361, 361, 361, 398, 398, 361, 170, 170, 170, 170, 170, 170, 18, 105, 1,
        -18, 30, '', 0, 24, 19, 1.25, 100, 100, 100),
       (31, 71, 71, 5903, 6021, 946, 585, 372, 372, 372, 372, 406, 406, 372, 172, 172, 172, 172, 172, 172, 19, 106, 1,
        -18, 30, '', 0, 24, 19, 1.25, 100, 100, 100),
       (31, 72, 72, 6101, 6163, 960, 594, 384, 384, 384, 384, 415, 415, 384, 175, 175, 175, 175, 175, 175, 19, 108, 1,
        -18, 30, '', 0, 25, 19, 1.25, 100, 100, 100),
       (31, 73, 73, 6303, 6307, 973, 602, 395, 395, 395, 395, 423, 423, 395, 177, 177, 177, 177, 177, 177, 19, 109, 1,
        -18, 30, '', 0, 25, 19, 1.25, 100, 100, 100),
       (31, 74, 74, 6510, 6453, 986, 610, 408, 408, 408, 408, 432, 432, 408, 179, 179, 179, 179, 179, 179, 19, 111, 1,
        -18, 30, '', 0, 25, 19, 1.25, 100, 100, 100),
       (31, 75, 75, 6722, 6600, 1000, 618, 419, 419, 419, 419, 440, 440, 419, 181, 181, 181, 181, 181, 181, 20, 112, 1,
        -18, 30, '', 0, 25, 20, 1.25, 100, 100, 100),
       (31, 76, 76, 6939, 6749, 1013, 627, 432, 432, 432, 432, 449, 449, 432, 184, 184, 184, 184, 184, 184, 20, 113, 1,
        -18, 30, '', 0, 26, 20, 1.25, 100, 100, 100),
       (31, 77, 77, 7161, 6899, 1026, 635, 443, 443, 443, 443, 457, 457, 443, 186, 186, 186, 186, 186, 186, 20, 115, 1,
        -18, 30, '', 0, 26, 20, 1.25, 100, 100, 100),
       (31, 78, 78, 7388, 7051, 1040, 643, 456, 456, 456, 456, 466, 466, 456, 188, 188, 188, 188, 188, 188, 20, 116, 1,
        -18, 30, '', 0, 26, 20, 1.25, 100, 100, 100),
       (31, 79, 79, 7621, 7205, 1053, 651, 468, 468, 468, 468, 474, 474, 468, 190, 190, 190, 190, 190, 190, 21, 118, 1,
        -18, 30, '', 0, 26, 20, 1.25, 100, 100, 100),
       (31, 80, 80, 7858, 7360, 1066, 660, 482, 482, 482, 482, 483, 483, 482, 193, 193, 193, 193, 193, 193, 21, 119, 1,
        -18, 30, '', 0, 27, 21, 1.25, 100, 100, 100),
       (31, 81, 81, 8101, 7517, 1080, 668, 494, 494, 494, 494, 491, 491, 494, 195, 195, 195, 195, 195, 195, 21, 120, 1,
        -18, 30, '', 0, 27, 21, 1.25, 100, 100, 100),
       (31, 82, 82, 8350, 7675, 1093, 676, 507, 507, 507, 507, 500, 500, 507, 197, 197, 197, 197, 197, 197, 21, 122, 1,
        -18, 30, '', 0, 27, 21, 1.25, 100, 100, 100),
       (31, 83, 83, 8604, 7835, 1106, 684, 519, 519, 519, 519, 508, 508, 519, 199, 199, 199, 199, 199, 199, 22, 123, 1,
        -18, 30, '', 0, 27, 21, 1.25, 100, 100, 100),
       (31, 84, 84, 8863, 7997, 1120, 693, 532, 532, 532, 532, 517, 517, 532, 202, 202, 202, 202, 202, 202, 22, 125, 1,
        -18, 30, '', 0, 28, 21, 1.25, 100, 100, 100),
       (31, 85, 85, 9128, 8160, 1133, 701, 545, 545, 545, 545, 525, 525, 545, 204, 204, 204, 204, 204, 204, 22, 126, 1,
        -18, 30, '', 0, 28, 22, 1.25, 100, 100, 100),
       (32, 1, 1, 39, 32, 13, 8, 57, 57, 57, 57, 109, 109, 57, 18, 18, 18, 18, 18, 18, 1, 10, 1, -18, 30, '', 0, 8, 6,
        1.25, 100, 100, 100),
       (32, 2, 2, 68, 65, 27, 17, 58, 58, 58, 58, 113, 113, 58, 20, 20, 20, 20, 20, 20, 2, 11, 1, -18, 30, '', 0, 8, 6,
        1.25, 100, 100, 100),
       (32, 3, 3, 97, 100, 41, 25, 58, 58, 58, 58, 116, 116, 58, 22, 22, 22, 22, 22, 22, 2, 13, 1, -18, 30, '', 0, 8, 6,
        1.25, 100, 100, 100),
       (32, 4, 4, 126, 137, 54, 34, 59, 59, 59, 59, 120, 120, 59, 26, 26, 26, 26, 26, 26, 2, 14, 1, -18, 30, '', 0, 9,
        6, 1.25, 100, 100, 100),
       (32, 5, 5, 156, 175, 68, 42, 60, 60, 60, 60, 123, 123, 60, 28, 28, 28, 28, 28, 28, 2, 15, 1, -18, 30, '', 0, 9,
        7, 1.25, 100, 100, 100),
       (32, 6, 6, 186, 215, 82, 51, 61, 61, 61, 61, 127, 127, 61, 30, 30, 30, 30, 30, 30, 3, 17, 1, -18, 30, '', 0, 9,
        7, 1.25, 100, 100, 100),
       (32, 7, 7, 216, 256, 95, 59, 62, 62, 62, 62, 130, 130, 62, 32, 32, 32, 32, 32, 32, 3, 18, 1, -18, 30, '', 0, 9,
        7, 1.25, 100, 100, 100),
       (32, 8, 8, 247, 299, 109, 68, 63, 63, 63, 63, 134, 134, 63, 36, 36, 36, 36, 36, 36, 3, 20, 1, -18, 30, '', 0, 10,
        7, 1.25, 100, 100, 100),
       (32, 9, 9, 279, 344, 123, 76, 64, 64, 64, 64, 137, 137, 64, 38, 38, 38, 38, 38, 38, 3, 21, 1, -18, 30, '', 0, 10,
        7, 1.25, 100, 100, 100),
       (32, 10, 10, 311, 390, 136, 85, 68, 68, 68, 68, 141, 141, 68, 40, 40, 40, 40, 40, 40, 4, 22, 1, -18, 30, '', 0,
        10, 8, 1.25, 100, 100, 100),
       (32, 11, 11, 343, 438, 150, 93, 69, 69, 69, 69, 144, 144, 69, 42, 42, 42, 42, 42, 42, 4, 24, 1, -18, 30, '', 0,
        10, 8, 1.25, 100, 100, 100),
       (32, 12, 12, 377, 487, 164, 102, 71, 71, 71, 71, 148, 148, 71, 46, 46, 46, 46, 46, 46, 4, 25, 1, -18, 30, '', 0,
        11, 8, 1.25, 100, 100, 100),
       (32, 13, 13, 411, 538, 177, 110, 72, 72, 72, 72, 151, 151, 72, 48, 48, 48, 48, 48, 48, 4, 27, 1, -18, 30, '', 0,
        11, 8, 1.25, 100, 100, 100),
       (32, 14, 14, 446, 591, 191, 119, 74, 74, 74, 74, 155, 155, 74, 50, 50, 50, 50, 50, 50, 5, 28, 1, -18, 30, '', 0,
        11, 8, 1.25, 100, 100, 100),
       (32, 15, 15, 482, 645, 205, 127, 75, 75, 75, 75, 158, 158, 75, 52, 52, 52, 52, 52, 52, 5, 29, 1, -18, 30, '', 0,
        11, 9, 1.25, 100, 100, 100),
       (32, 16, 16, 519, 701, 218, 136, 78, 78, 78, 78, 162, 162, 78, 56, 56, 56, 56, 56, 56, 5, 31, 1, -18, 30, '', 0,
        12, 9, 1.25, 100, 100, 100),
       (32, 17, 17, 557, 758, 232, 144, 79, 79, 79, 79, 165, 165, 79, 58, 58, 58, 58, 58, 58, 5, 32, 1, -18, 30, '', 0,
        12, 9, 1.25, 100, 100, 100),
       (32, 18, 18, 596, 817, 246, 153, 82, 82, 82, 82, 169, 169, 82, 60, 60, 60, 60, 60, 60, 6, 34, 1, -18, 30, '', 0,
        12, 9, 1.25, 100, 100, 100),
       (32, 19, 19, 637, 878, 259, 161, 83, 83, 83, 83, 172, 172, 83, 62, 62, 62, 62, 62, 62, 6, 35, 1, -18, 30, '', 0,
        12, 9, 1.25, 100, 100, 100),
       (32, 20, 20, 678, 940, 273, 170, 88, 88, 88, 88, 176, 176, 88, 66, 66, 66, 66, 66, 66, 6, 36, 1, -18, 30, '', 0,
        13, 10, 1.25, 100, 100, 100),
       (32, 21, 21, 721, 1004, 287, 178, 90, 90, 90, 90, 179, 179, 90, 68, 68, 68, 68, 68, 68, 6, 38, 1, -18, 30, '', 0,
        13, 10, 1.25, 100, 100, 100),
       (32, 22, 22, 766, 1069, 300, 187, 93, 93, 93, 93, 183, 183, 93, 70, 70, 70, 70, 70, 70, 7, 39, 1, -18, 30, '', 0,
        13, 10, 1.25, 100, 100, 100),
       (32, 23, 23, 812, 1136, 314, 195, 95, 95, 95, 95, 186, 186, 95, 72, 72, 72, 72, 72, 72, 7, 41, 1, -18, 30, '', 0,
        13, 10, 1.25, 100, 100, 100),
       (32, 24, 24, 859, 1205, 328, 204, 98, 98, 98, 98, 190, 190, 98, 76, 76, 76, 76, 76, 76, 7, 42, 1, -18, 30, '', 0,
        14, 10, 1.25, 100, 100, 100),
       (32, 25, 25, 908, 1275, 341, 212, 100, 100, 100, 100, 193, 193, 100, 78, 78, 78, 78, 78, 78, 7, 43, 1, -18, 30,
        '', 0, 14, 11, 1.25, 100, 100, 100),
       (32, 26, 26, 959, 1347, 355, 221, 103, 103, 103, 103, 197, 197, 103, 80, 80, 80, 80, 80, 80, 8, 45, 1, -18, 30,
        '', 0, 14, 11, 1.25, 100, 100, 100),
       (32, 27, 27, 1011, 1420, 369, 229, 105, 105, 105, 105, 200, 200, 105, 82, 82, 82, 82, 82, 82, 8, 46, 1, -18, 30,
        '', 0, 14, 11, 1.25, 100, 100, 100),
       (32, 28, 28, 1065, 1495, 382, 238, 109, 109, 109, 109, 204, 204, 109, 86, 86, 86, 86, 86, 86, 8, 48, 1, -18, 30,
        '', 0, 15, 11, 1.25, 100, 100, 100),
       (32, 29, 29, 1121, 1572, 396, 246, 111, 111, 111, 111, 207, 207, 111, 88, 88, 88, 88, 88, 88, 8, 49, 1, -18, 30,
        '', 0, 15, 11, 1.25, 100, 100, 100),
       (32, 30, 30, 1180, 1650, 410, 255, 117, 117, 117, 117, 211, 211, 117, 90, 90, 90, 90, 90, 90, 9, 50, 1, -18, 30,
        '', 0, 15, 12, 1.25, 100, 100, 100),
       (32, 31, 31, 1240, 1730, 423, 263, 119, 119, 119, 119, 214, 214, 119, 92, 92, 92, 92, 92, 92, 9, 52, 1, -18, 30,
        '', 0, 15, 12, 1.25, 100, 100, 100),
       (32, 32, 32, 1302, 1811, 437, 272, 123, 123, 123, 123, 218, 218, 123, 96, 96, 96, 96, 96, 96, 9, 53, 1, -18, 30,
        '', 0, 16, 12, 1.25, 100, 100, 100),
       (32, 33, 33, 1366, 1894, 451, 280, 126, 126, 126, 126, 221, 221, 126, 98, 98, 98, 98, 98, 98, 9, 55, 1, -18, 30,
        '', 0, 16, 12, 1.25, 100, 100, 100),
       (32, 34, 34, 1432, 1979, 464, 289, 130, 130, 130, 130, 225, 225, 130, 100, 100, 100, 100, 100, 100, 10, 56, 1,
        -18, 30, '', 0, 16, 12, 1.25, 100, 100, 100),
       (32, 35, 35, 1501, 2065, 478, 297, 133, 133, 133, 133, 228, 228, 133, 102, 102, 102, 102, 102, 102, 10, 57, 1,
        -18, 30, '', 0, 16, 13, 1.25, 100, 100, 100),
       (32, 36, 36, 1572, 2153, 492, 306, 137, 137, 137, 137, 232, 232, 137, 106, 106, 106, 106, 106, 106, 10, 59, 1,
        -18, 30, '', 0, 17, 13, 1.25, 100, 100, 100),
       (32, 37, 37, 1645, 2242, 505, 314, 140, 140, 140, 140, 235, 235, 140, 108, 108, 108, 108, 108, 108, 10, 60, 1,
        -18, 30, '', 0, 17, 13, 1.25, 100, 100, 100),
       (32, 38, 38, 1721, 2333, 519, 323, 144, 144, 144, 144, 239, 239, 144, 110, 110, 110, 110, 110, 110, 11, 62, 1,
        -18, 30, '', 0, 17, 13, 1.25, 100, 100, 100),
       (32, 39, 39, 1800, 2426, 533, 331, 148, 148, 148, 148, 242, 242, 148, 112, 112, 112, 112, 112, 112, 11, 63, 1,
        -18, 30, '', 0, 17, 13, 1.25, 100, 100, 100),
       (32, 40, 40, 1881, 2520, 546, 340, 154, 154, 154, 154, 246, 246, 154, 116, 116, 116, 116, 116, 116, 11, 64, 1,
        -18, 30, '', 0, 18, 14, 1.25, 100, 100, 100),
       (32, 41, 41, 1964, 2616, 560, 348, 158, 158, 158, 158, 249, 249, 158, 118, 118, 118, 118, 118, 118, 11, 66, 1,
        -18, 30, '', 0, 18, 14, 1.25, 100, 100, 100),
       (32, 42, 42, 2051, 2713, 574, 357, 162, 162, 162, 162, 253, 253, 162, 120, 120, 120, 120, 120, 120, 12, 67, 1,
        -18, 30, '', 0, 18, 14, 1.25, 100, 100, 100),
       (32, 43, 43, 2140, 2812, 587, 365, 166, 166, 166, 166, 256, 256, 166, 122, 122, 122, 122, 122, 122, 12, 69, 1,
        -18, 30, '', 0, 18, 14, 1.25, 100, 100, 100),
       (32, 44, 44, 2232, 2913, 601, 374, 171, 171, 171, 171, 260, 260, 171, 126, 126, 126, 126, 126, 126, 12, 70, 1,
        -18, 30, '', 0, 19, 14, 1.25, 100, 100, 100),
       (32, 45, 45, 2327, 3015, 615, 382, 175, 175, 175, 175, 263, 263, 175, 128, 128, 128, 128, 128, 128, 12, 71, 1,
        -18, 30, '', 0, 19, 15, 1.25, 100, 100, 100),
       (32, 46, 46, 2425, 3119, 628, 391, 180, 180, 180, 180, 267, 267, 180, 130, 130, 130, 130, 130, 130, 13, 73, 1,
        -18, 30, '', 0, 19, 15, 1.25, 100, 100, 100),
       (32, 47, 47, 2526, 3224, 642, 399, 184, 184, 184, 184, 270, 270, 184, 132, 132, 132, 132, 132, 132, 13, 74, 1,
        -18, 30, '', 0, 19, 15, 1.25, 100, 100, 100),
       (32, 48, 48, 2630, 3331, 656, 408, 189, 189, 189, 189, 274, 274, 189, 136, 136, 136, 136, 136, 136, 13, 76, 1,
        -18, 30, '', 0, 20, 15, 1.25, 100, 100, 100),
       (32, 49, 49, 2738, 3440, 669, 416, 193, 193, 193, 193, 277, 277, 193, 138, 138, 138, 138, 138, 138, 13, 77, 1,
        -18, 30, '', 0, 20, 15, 1.25, 100, 100, 100),
       (32, 50, 50, 2848, 3550, 683, 425, 200, 200, 200, 200, 281, 281, 200, 140, 140, 140, 140, 140, 140, 14, 78, 1,
        -18, 30, '', 0, 20, 16, 1.25, 100, 100, 100),
       (32, 51, 51, 2962, 3662, 697, 433, 205, 205, 205, 205, 284, 284, 205, 142, 142, 142, 142, 142, 142, 14, 80, 1,
        -18, 30, '', 0, 20, 16, 1.25, 100, 100, 100),
       (32, 52, 52, 3080, 3775, 710, 442, 210, 210, 210, 210, 288, 288, 210, 146, 146, 146, 146, 146, 146, 14, 81, 1,
        -18, 30, '', 0, 21, 16, 1.31, 100, 100, 100),
       (32, 53, 53, 3201, 3890, 724, 450, 215, 215, 215, 215, 291, 291, 215, 148, 148, 148, 148, 148, 148, 14, 83, 1,
        -18, 30, '', 0, 21, 16, 1.31, 100, 100, 100),
       (32, 54, 54, 3325, 4007, 738, 459, 220, 220, 220, 220, 295, 295, 220, 150, 150, 150, 150, 150, 150, 15, 84, 1,
        -18, 30, '', 0, 21, 16, 1.31, 100, 100, 100),
       (32, 55, 55, 3453, 4125, 751, 467, 225, 225, 225, 225, 298, 298, 225, 152, 152, 152, 152, 152, 152, 15, 85, 1,
        -18, 30, '', 0, 21, 17, 1.31, 100, 100, 100),
       (32, 56, 56, 3585, 4245, 765, 476, 231, 231, 231, 231, 302, 302, 231, 156, 156, 156, 156, 156, 156, 15, 87, 1,
        -18, 30, '', 0, 22, 17, 1.31, 100, 100, 100),
       (32, 57, 57, 3720, 4366, 779, 484, 236, 236, 236, 236, 305, 305, 236, 158, 158, 158, 158, 158, 158, 15, 88, 1,
        -18, 30, '', 0, 22, 17, 1.31, 100, 100, 100),
       (32, 58, 58, 3859, 4489, 792, 493, 242, 242, 242, 242, 309, 309, 242, 160, 160, 160, 160, 160, 160, 16, 90, 1,
        -18, 30, '', 0, 22, 17, 1.31, 100, 100, 100),
       (32, 59, 59, 4002, 4614, 806, 501, 247, 247, 247, 247, 312, 312, 247, 162, 162, 162, 162, 162, 162, 16, 91, 1,
        -18, 30, '', 0, 22, 17, 1.31, 100, 100, 100),
       (32, 60, 60, 4150, 4740, 820, 510, 255, 255, 255, 255, 316, 316, 255, 166, 166, 166, 166, 166, 166, 16, 92, 1,
        -18, 30, '', 0, 23, 18, 1.31, 100, 100, 100),
       (32, 61, 61, 4301, 4868, 833, 518, 260, 260, 260, 260, 319, 319, 260, 168, 168, 168, 168, 168, 168, 16, 94, 1,
        -18, 30, '', 0, 23, 18, 1.31, 100, 100, 100),
       (32, 62, 62, 4456, 4997, 847, 527, 267, 267, 267, 267, 323, 323, 267, 170, 170, 170, 170, 170, 170, 17, 95, 1,
        -18, 30, '', 0, 23, 18, 1.31, 100, 100, 100),
       (32, 63, 63, 4615, 5128, 861, 535, 272, 272, 272, 272, 326, 326, 272, 172, 172, 172, 172, 172, 172, 17, 97, 1,
        -18, 30, '', 0, 23, 18, 1.31, 100, 100, 100),
       (32, 64, 64, 4778, 5261, 874, 544, 279, 279, 279, 279, 330, 330, 279, 176, 176, 176, 176, 176, 176, 17, 98, 1,
        -18, 30, '', 0, 24, 18, 1.31, 100, 100, 100),
       (32, 65, 65, 4946, 5395, 888, 552, 284, 284, 284, 284, 333, 333, 284, 178, 178, 178, 178, 178, 178, 17, 99, 1,
        -18, 30, '', 0, 24, 19, 1.31, 100, 100, 100),
       (32, 66, 66, 5118, 5531, 902, 561, 321, 321, 321, 321, 367, 367, 321, 180, 180, 180, 180, 180, 180, 18, 101, 1,
        -18, 30, '', 0, 24, 19, 1.31, 100, 100, 100),
       (32, 67, 67, 5294, 5668, 915, 569, 332, 332, 332, 332, 375, 375, 332, 182, 182, 182, 182, 182, 182, 18, 102, 1,
        -18, 30, '', 0, 24, 19, 1.31, 100, 100, 100),
       (32, 68, 68, 5475, 5807, 929, 578, 344, 344, 344, 344, 384, 384, 344, 186, 186, 186, 186, 186, 186, 18, 104, 1,
        -18, 30, '', 0, 25, 19, 1.31, 100, 100, 100),
       (32, 69, 69, 5661, 5948, 943, 586, 355, 355, 355, 355, 392, 392, 355, 188, 188, 188, 188, 188, 188, 18, 105, 1,
        -18, 30, '', 0, 25, 19, 1.31, 100, 100, 100),
       (32, 70, 70, 5851, 6090, 956, 595, 369, 369, 369, 369, 401, 401, 369, 190, 190, 190, 190, 190, 190, 19, 106, 1,
        -18, 30, '', 0, 25, 20, 1.31, 100, 100, 100),
       (32, 71, 71, 6045, 6234, 970, 603, 380, 380, 380, 380, 409, 409, 380, 192, 192, 192, 192, 192, 192, 19, 108, 1,
        -18, 30, '', 0, 25, 20, 1.31, 100, 100, 100),
       (32, 72, 72, 6245, 6379, 984, 612, 392, 392, 392, 392, 418, 418, 392, 196, 196, 196, 196, 196, 196, 19, 109, 1,
        -18, 30, '', 0, 26, 20, 1.31, 100, 100, 100),
       (32, 73, 73, 6449, 6526, 997, 620, 403, 403, 403, 403, 426, 426, 403, 198, 198, 198, 198, 198, 198, 19, 111, 1,
        -18, 30, '', 0, 26, 20, 1.31, 100, 100, 100),
       (32, 74, 74, 6658, 6675, 1011, 629, 416, 416, 416, 416, 435, 435, 416, 200, 200, 200, 200, 200, 200, 20, 112, 1,
        -18, 30, '', 0, 26, 20, 1.31, 100, 100, 100),
       (32, 75, 75, 6872, 6825, 1025, 637, 427, 427, 427, 427, 443, 443, 427, 202, 202, 202, 202, 202, 202, 20, 113, 1,
        -18, 30, '', 0, 26, 21, 1.31, 100, 100, 100),
       (32, 76, 76, 7091, 6977, 1038, 646, 440, 440, 440, 440, 452, 452, 440, 206, 206, 206, 206, 206, 206, 20, 115, 1,
        -18, 30, '', 0, 27, 21, 1.31, 100, 100, 100),
       (32, 77, 77, 7315, 7130, 1052, 654, 451, 451, 451, 451, 460, 460, 451, 208, 208, 208, 208, 208, 208, 20, 116, 1,
        -18, 30, '', 0, 27, 21, 1.31, 100, 100, 100),
       (32, 78, 78, 7544, 7285, 1066, 663, 464, 464, 464, 464, 469, 469, 464, 210, 210, 210, 210, 210, 210, 21, 118, 1,
        -18, 30, '', 0, 27, 21, 1.31, 100, 100, 100),
       (32, 79, 79, 7779, 7442, 1079, 671, 476, 476, 476, 476, 477, 477, 476, 212, 212, 212, 212, 212, 212, 21, 119, 1,
        -18, 30, '', 0, 27, 21, 1.31, 100, 100, 100),
       (32, 80, 80, 8018, 7600, 1093, 680, 491, 491, 491, 491, 486, 486, 491, 216, 216, 216, 216, 216, 216, 21, 120, 1,
        -18, 30, '', 0, 28, 22, 1.31, 100, 100, 100),
       (32, 81, 81, 8263, 7760, 1107, 688, 503, 503, 503, 503, 494, 494, 503, 218, 218, 218, 218, 218, 218, 21, 122, 1,
        -18, 30, '', 0, 28, 22, 1.31, 100, 100, 100),
       (32, 82, 82, 8514, 7921, 1120, 697, 516, 516, 516, 516, 503, 503, 516, 220, 220, 220, 220, 220, 220, 22, 123, 1,
        -18, 30, '', 0, 28, 22, 1.31, 100, 100, 100),
       (32, 83, 83, 8770, 8084, 1134, 705, 528, 528, 528, 528, 511, 511, 528, 222, 222, 222, 222, 222, 222, 22, 125, 1,
        -18, 30, '', 0, 28, 22, 1.31, 100, 100, 100),
       (32, 84, 84, 9031, 8249, 1148, 714, 541, 541, 541, 541, 520, 520, 541, 226, 226, 226, 226, 226, 226, 22, 126, 1,
        -18, 30, '', 0, 29, 22, 1.31, 100, 100, 100),
       (32, 85, 85, 9298, 8415, 1161, 722, 554, 554, 554, 554, 528, 528, 554, 228, 228, 228, 228, 228, 228, 22, 127, 1,
        -18, 30, '', 0, 29, 23, 1.31, 100, 100, 100),
       (33, 1, 1, 41, 35, 14, 8, 58, 58, 58, 58, 112, 112, 58, 21, 21, 21, 21, 21, 21, 2, 11, 1, -18, 30, '', 0, 9, 7,
        1.25, 100, 100, 100),
       (33, 2, 2, 72, 71, 28, 17, 59, 59, 59, 59, 116, 116, 59, 23, 23, 23, 23, 23, 23, 2, 13, 1, -18, 30, '', 0, 9, 7,
        1.25, 100, 100, 100),
       (33, 3, 3, 103, 109, 42, 26, 59, 59, 59, 59, 119, 119, 59, 25, 25, 25, 25, 25, 25, 2, 14, 1, -18, 30, '', 0, 9,
        7, 1.25, 100, 100, 100),
       (33, 4, 4, 134, 149, 56, 35, 60, 60, 60, 60, 123, 123, 60, 30, 30, 30, 30, 30, 30, 2, 15, 1, -18, 30, '', 0, 10,
        7, 1.25, 100, 100, 100),
       (33, 5, 5, 166, 190, 70, 43, 61, 61, 61, 61, 126, 126, 61, 32, 32, 32, 32, 32, 32, 3, 17, 1, -18, 30, '', 0, 10,
        8, 1.25, 100, 100, 100),
       (33, 6, 6, 198, 233, 84, 52, 62, 62, 62, 62, 130, 130, 62, 34, 34, 34, 34, 34, 34, 3, 18, 1, -18, 30, '', 0, 10,
        8, 1.25, 100, 100, 100),
       (33, 7, 7, 230, 277, 98, 61, 63, 63, 63, 63, 133, 133, 63, 36, 36, 36, 36, 36, 36, 3, 20, 1, -18, 30, '', 0, 10,
        8, 1.25, 100, 100, 100),
       (33, 8, 8, 263, 323, 112, 70, 64, 64, 64, 64, 137, 137, 64, 41, 41, 41, 41, 41, 41, 3, 21, 1, -18, 30, '', 0, 11,
        8, 1.25, 100, 100, 100),
       (33, 9, 9, 297, 371, 126, 78, 65, 65, 65, 65, 140, 140, 65, 43, 43, 43, 43, 43, 43, 4, 22, 1, -18, 30, '', 0, 11,
        8, 1.25, 100, 100, 100),
       (33, 10, 10, 331, 420, 140, 87, 70, 70, 70, 70, 144, 144, 70, 45, 45, 45, 45, 45, 45, 4, 24, 1, -18, 30, '', 0,
        11, 9, 1.25, 100, 100, 100),
       (33, 11, 11, 365, 471, 154, 96, 71, 71, 71, 71, 147, 147, 71, 47, 47, 47, 47, 47, 47, 4, 25, 1, -18, 30, '', 0,
        11, 9, 1.25, 100, 100, 100),
       (33, 12, 12, 401, 523, 168, 105, 73, 73, 73, 73, 151, 151, 73, 52, 52, 52, 52, 52, 52, 4, 27, 1, -18, 30, '', 0,
        12, 9, 1.25, 100, 100, 100),
       (33, 13, 13, 437, 577, 182, 113, 74, 74, 74, 74, 154, 154, 74, 54, 54, 54, 54, 54, 54, 5, 28, 1, -18, 30, '', 0,
        12, 9, 1.25, 100, 100, 100),
       (33, 14, 14, 474, 633, 196, 122, 76, 76, 76, 76, 158, 158, 76, 56, 56, 56, 56, 56, 56, 5, 29, 1, -18, 30, '', 0,
        12, 9, 1.25, 100, 100, 100),
       (33, 15, 15, 512, 690, 210, 131, 77, 77, 77, 77, 161, 161, 77, 58, 58, 58, 58, 58, 58, 5, 31, 1, -18, 30, '', 0,
        12, 10, 1.25, 100, 100, 100),
       (33, 16, 16, 551, 749, 224, 140, 80, 80, 80, 80, 165, 165, 80, 63, 63, 63, 63, 63, 63, 5, 32, 1, -18, 30, '', 0,
        13, 10, 1.25, 100, 100, 100),
       (33, 17, 17, 591, 809, 238, 148, 81, 81, 81, 81, 168, 168, 81, 65, 65, 65, 65, 65, 65, 6, 34, 1, -18, 30, '', 0,
        13, 10, 1.25, 100, 100, 100),
       (33, 18, 18, 632, 871, 252, 157, 84, 84, 84, 84, 172, 172, 84, 67, 67, 67, 67, 67, 67, 6, 35, 1, -18, 30, '', 0,
        13, 10, 1.25, 100, 100, 100),
       (33, 19, 19, 675, 935, 266, 166, 85, 85, 85, 85, 175, 175, 85, 69, 69, 69, 69, 69, 69, 6, 36, 1, -18, 30, '', 0,
        13, 10, 1.25, 100, 100, 100),
       (33, 20, 20, 718, 1000, 280, 175, 91, 91, 91, 91, 179, 179, 91, 74, 74, 74, 74, 74, 74, 6, 38, 1, -18, 30, '', 0,
        14, 11, 1.25, 100, 100, 100),
       (33, 21, 21, 763, 1067, 294, 183, 93, 93, 93, 93, 182, 182, 93, 76, 76, 76, 76, 76, 76, 7, 39, 1, -18, 30, '', 0,
        14, 11, 1.25, 100, 100, 100),
       (33, 22, 22, 810, 1135, 308, 192, 96, 96, 96, 96, 186, 186, 96, 78, 78, 78, 78, 78, 78, 7, 41, 1, -18, 30, '', 0,
        14, 11, 1.25, 100, 100, 100),
       (33, 23, 23, 858, 1205, 322, 201, 98, 98, 98, 98, 189, 189, 98, 80, 80, 80, 80, 80, 80, 7, 42, 1, -18, 30, '', 0,
        14, 11, 1.25, 100, 100, 100),
       (33, 24, 24, 907, 1277, 336, 210, 101, 101, 101, 101, 193, 193, 101, 85, 85, 85, 85, 85, 85, 7, 43, 1, -18, 30,
        '', 0, 15, 11, 1.25, 100, 100, 100),
       (33, 25, 25, 958, 1350, 350, 218, 103, 103, 103, 103, 196, 196, 103, 87, 87, 87, 87, 87, 87, 8, 45, 1, -18, 30,
        '', 0, 15, 12, 1.25, 100, 100, 100),
       (33, 26, 26, 1011, 1425, 364, 227, 106, 106, 106, 106, 200, 200, 106, 89, 89, 89, 89, 89, 89, 8, 46, 1, -18, 30,
        '', 0, 15, 12, 1.25, 100, 100, 100),
       (33, 27, 27, 1065, 1501, 378, 236, 108, 108, 108, 108, 203, 203, 108, 91, 91, 91, 91, 91, 91, 8, 48, 1, -18, 30,
        '', 0, 15, 12, 1.25, 100, 100, 100),
       (33, 28, 28, 1121, 1579, 392, 245, 112, 112, 112, 112, 207, 207, 112, 96, 96, 96, 96, 96, 96, 8, 49, 1, -18, 30,
        '', 0, 16, 12, 1.25, 100, 100, 100),
       (33, 29, 29, 1179, 1659, 406, 253, 114, 114, 114, 114, 210, 210, 114, 98, 98, 98, 98, 98, 98, 9, 50, 1, -18, 30,
        '', 0, 16, 12, 1.25, 100, 100, 100),
       (33, 30, 30, 1240, 1740, 420, 262, 121, 121, 121, 121, 214, 214, 121, 100, 100, 100, 100, 100, 100, 9, 52, 1,
        -18, 30, '', 0, 16, 13, 1.25, 100, 100, 100),
       (33, 31, 31, 1302, 1823, 434, 271, 123, 123, 123, 123, 217, 217, 123, 102, 102, 102, 102, 102, 102, 9, 53, 1,
        -18, 30, '', 0, 16, 13, 1.25, 100, 100, 100),
       (33, 32, 32, 1366, 1907, 448, 280, 127, 127, 127, 127, 221, 221, 127, 107, 107, 107, 107, 107, 107, 9, 55, 1,
        -18, 30, '', 0, 17, 13, 1.25, 100, 100, 100),
       (33, 33, 33, 1432, 1993, 462, 288, 130, 130, 130, 130, 224, 224, 130, 109, 109, 109, 109, 109, 109, 10, 56, 1,
        -18, 30, '', 0, 17, 13, 1.25, 100, 100, 100),
       (33, 34, 34, 1500, 2081, 476, 297, 134, 134, 134, 134, 228, 228, 134, 111, 111, 111, 111, 111, 111, 10, 57, 1,
        -18, 30, '', 0, 17, 13, 1.25, 100, 100, 100),
       (33, 35, 35, 1571, 2170, 490, 306, 137, 137, 137, 137, 231, 231, 137, 113, 113, 113, 113, 113, 113, 10, 59, 1,
        -18, 30, '', 0, 17, 14, 1.25, 100, 100, 100),
       (33, 36, 36, 1644, 2261, 504, 315, 141, 141, 141, 141, 235, 235, 141, 118, 118, 118, 118, 118, 118, 10, 60, 1,
        -18, 30, '', 0, 18, 14, 1.25, 100, 100, 100),
       (33, 37, 37, 1719, 2353, 518, 323, 144, 144, 144, 144, 238, 238, 144, 120, 120, 120, 120, 120, 120, 11, 62, 1,
        -18, 30, '', 0, 18, 14, 1.25, 100, 100, 100),
       (33, 38, 38, 1797, 2447, 532, 332, 148, 148, 148, 148, 242, 242, 148, 122, 122, 122, 122, 122, 122, 11, 63, 1,
        -18, 30, '', 0, 18, 14, 1.25, 100, 100, 100),
       (33, 39, 39, 1878, 2543, 546, 341, 152, 152, 152, 152, 245, 245, 152, 124, 124, 124, 124, 124, 124, 11, 64, 1,
        -18, 30, '', 0, 18, 14, 1.25, 100, 100, 100),
       (33, 40, 40, 1961, 2640, 560, 350, 159, 159, 159, 159, 249, 249, 159, 129, 129, 129, 129, 129, 129, 11, 66, 1,
        -18, 30, '', 0, 19, 15, 1.25, 100, 100, 100),
       (33, 41, 41, 2046, 2739, 574, 358, 163, 163, 163, 163, 252, 252, 163, 131, 131, 131, 131, 131, 131, 12, 67, 1,
        -18, 30, '', 0, 19, 15, 1.25, 100, 100, 100),
       (33, 42, 42, 2135, 2839, 588, 367, 167, 167, 167, 167, 256, 256, 167, 133, 133, 133, 133, 133, 133, 12, 69, 1,
        -18, 30, '', 0, 19, 15, 1.25, 100, 100, 100),
       (33, 43, 43, 2226, 2941, 602, 376, 171, 171, 171, 171, 259, 259, 171, 135, 135, 135, 135, 135, 135, 12, 70, 1,
        -18, 30, '', 0, 19, 15, 1.25, 100, 100, 100),
       (33, 44, 44, 2320, 3045, 616, 385, 176, 176, 176, 176, 263, 263, 176, 140, 140, 140, 140, 140, 140, 12, 71, 1,
        -18, 30, '', 0, 20, 15, 1.25, 100, 100, 100),
       (33, 45, 45, 2417, 3150, 630, 393, 180, 180, 180, 180, 266, 266, 180, 142, 142, 142, 142, 142, 142, 13, 73, 1,
        -18, 30, '', 0, 20, 16, 1.25, 100, 100, 100),
       (33, 46, 46, 2517, 3257, 644, 402, 185, 185, 185, 185, 270, 270, 185, 144, 144, 144, 144, 144, 144, 13, 74, 1,
        -18, 30, '', 0, 20, 16, 1.25, 100, 100, 100),
       (33, 47, 47, 2620, 3365, 658, 411, 189, 189, 189, 189, 273, 273, 189, 146, 146, 146, 146, 146, 146, 13, 76, 1,
        -18, 30, '', 0, 20, 16, 1.25, 100, 100, 100),
       (33, 48, 48, 2726, 3475, 672, 420, 194, 194, 194, 194, 277, 277, 194, 151, 151, 151, 151, 151, 151, 13, 77, 1,
        -18, 30, '', 0, 21, 16, 1.25, 100, 100, 100),
       (33, 49, 49, 2836, 3587, 686, 428, 198, 198, 198, 198, 280, 280, 198, 153, 153, 153, 153, 153, 153, 14, 78, 1,
        -18, 30, '', 0, 21, 16, 1.25, 100, 100, 100),
       (33, 50, 50, 2948, 3700, 700, 437, 206, 206, 206, 206, 284, 284, 206, 155, 155, 155, 155, 155, 155, 14, 80, 1,
        -18, 30, '', 0, 21, 17, 1.25, 100, 100, 100),
       (33, 51, 51, 3064, 3815, 714, 446, 211, 211, 211, 211, 287, 287, 211, 157, 157, 157, 157, 157, 157, 14, 81, 1,
        -18, 30, '', 0, 21, 17, 1.25, 100, 100, 100),
       (33, 52, 52, 3184, 3931, 728, 455, 216, 216, 216, 216, 291, 291, 216, 162, 162, 162, 162, 162, 162, 14, 83, 1,
        -18, 30, '', 0, 22, 17, 1.37, 100, 100, 100),
       (33, 53, 53, 3307, 4049, 742, 463, 221, 221, 221, 221, 294, 294, 221, 164, 164, 164, 164, 164, 164, 15, 84, 1,
        -18, 30, '', 0, 22, 17, 1.37, 100, 100, 100),
       (33, 54, 54, 3433, 4169, 756, 472, 226, 226, 226, 226, 298, 298, 226, 166, 166, 166, 166, 166, 166, 15, 85, 1,
        -18, 30, '', 0, 22, 17, 1.37, 100, 100, 100),
       (33, 55, 55, 3563, 4290, 770, 481, 231, 231, 231, 231, 301, 301, 231, 168, 168, 168, 168, 168, 168, 15, 87, 1,
        -18, 30, '', 0, 22, 18, 1.37, 100, 100, 100),
       (33, 56, 56, 3697, 4413, 784, 490, 237, 237, 237, 237, 305, 305, 237, 173, 173, 173, 173, 173, 173, 15, 88, 1,
        -18, 30, '', 0, 23, 18, 1.37, 100, 100, 100),
       (33, 57, 57, 3834, 4537, 798, 498, 242, 242, 242, 242, 308, 308, 242, 175, 175, 175, 175, 175, 175, 16, 90, 1,
        -18, 30, '', 0, 23, 18, 1.37, 100, 100, 100),
       (33, 58, 58, 3975, 4663, 812, 507, 248, 248, 248, 248, 312, 312, 248, 177, 177, 177, 177, 177, 177, 16, 91, 1,
        -18, 30, '', 0, 23, 18, 1.37, 100, 100, 100),
       (33, 59, 59, 4120, 4791, 826, 516, 253, 253, 253, 253, 315, 315, 253, 179, 179, 179, 179, 179, 179, 16, 92, 1,
        -18, 30, '', 0, 23, 18, 1.37, 100, 100, 100),
       (33, 60, 60, 4270, 4920, 840, 525, 262, 262, 262, 262, 319, 319, 262, 184, 184, 184, 184, 184, 184, 16, 94, 1,
        -18, 30, '', 0, 24, 19, 1.37, 100, 100, 100),
       (33, 61, 61, 4423, 5051, 854, 533, 267, 267, 267, 267, 322, 322, 267, 186, 186, 186, 186, 186, 186, 17, 95, 1,
        -18, 30, '', 0, 24, 19, 1.37, 100, 100, 100),
       (33, 62, 62, 4580, 5183, 868, 542, 274, 274, 274, 274, 326, 326, 274, 188, 188, 188, 188, 188, 188, 17, 97, 1,
        -18, 30, '', 0, 24, 19, 1.37, 100, 100, 100),
       (33, 63, 63, 4741, 5317, 882, 551, 279, 279, 279, 279, 329, 329, 279, 190, 190, 190, 190, 190, 190, 17, 98, 1,
        -18, 30, '', 0, 24, 19, 1.37, 100, 100, 100),
       (33, 64, 64, 4906, 5453, 896, 560, 286, 286, 286, 286, 333, 333, 286, 195, 195, 195, 195, 195, 195, 17, 99, 1,
        -18, 30, '', 0, 25, 19, 1.37, 100, 100, 100),
       (33, 65, 65, 5076, 5590, 910, 568, 291, 291, 291, 291, 336, 336, 291, 197, 197, 197, 197, 197, 197, 18, 101, 1,
        -18, 30, '', 0, 25, 20, 1.37, 100, 100, 100),
       (33, 66, 66, 5250, 5729, 924, 577, 328, 328, 328, 328, 370, 370, 328, 199, 199, 199, 199, 199, 199, 18, 102, 1,
        -18, 30, '', 0, 25, 20, 1.37, 100, 100, 100),
       (33, 67, 67, 5428, 5869, 938, 586, 339, 339, 339, 339, 378, 378, 339, 201, 201, 201, 201, 201, 201, 18, 104, 1,
        -18, 30, '', 0, 25, 20, 1.37, 100, 100, 100),
       (33, 68, 68, 5611, 6011, 952, 595, 351, 351, 351, 351, 387, 387, 351, 206, 206, 206, 206, 206, 206, 18, 105, 1,
        -18, 30, '', 0, 26, 20, 1.37, 100, 100, 100),
       (33, 69, 69, 5799, 6155, 966, 603, 362, 362, 362, 362, 395, 395, 362, 208, 208, 208, 208, 208, 208, 19, 106, 1,
        -18, 30, '', 0, 26, 20, 1.37, 100, 100, 100),
       (33, 70, 70, 5991, 6300, 980, 612, 377, 377, 377, 377, 404, 404, 377, 210, 210, 210, 210, 210, 210, 19, 108, 1,
        -18, 30, '', 0, 26, 21, 1.37, 100, 100, 100),
       (33, 71, 71, 6187, 6447, 994, 621, 388, 388, 388, 388, 412, 412, 388, 212, 212, 212, 212, 212, 212, 19, 109, 1,
        -18, 30, '', 0, 26, 21, 1.37, 100, 100, 100),
       (33, 72, 72, 6389, 6595, 1008, 630, 400, 400, 400, 400, 421, 421, 400, 217, 217, 217, 217, 217, 217, 19, 111, 1,
        -18, 30, '', 0, 27, 21, 1.37, 100, 100, 100),
       (33, 73, 73, 6595, 6745, 1022, 638, 411, 411, 411, 411, 429, 429, 411, 219, 219, 219, 219, 219, 219, 20, 112, 1,
        -18, 30, '', 0, 27, 21, 1.37, 100, 100, 100),
       (33, 74, 74, 6806, 6897, 1036, 647, 424, 424, 424, 424, 438, 438, 424, 221, 221, 221, 221, 221, 221, 20, 113, 1,
        -18, 30, '', 0, 27, 21, 1.37, 100, 100, 100),
       (33, 75, 75, 7022, 7050, 1050, 656, 435, 435, 435, 435, 446, 446, 435, 223, 223, 223, 223, 223, 223, 20, 115, 1,
        -18, 30, '', 0, 27, 22, 1.37, 100, 100, 100),
       (33, 76, 76, 7243, 7205, 1064, 665, 448, 448, 448, 448, 455, 455, 448, 228, 228, 228, 228, 228, 228, 20, 116, 1,
        -18, 30, '', 0, 28, 22, 1.37, 100, 100, 100),
       (33, 77, 77, 7469, 7361, 1078, 673, 459, 459, 459, 459, 463, 463, 459, 230, 230, 230, 230, 230, 230, 21, 118, 1,
        -18, 30, '', 0, 28, 22, 1.37, 100, 100, 100),
       (33, 78, 78, 7700, 7519, 1092, 682, 472, 472, 472, 472, 472, 472, 472, 232, 232, 232, 232, 232, 232, 21, 119, 1,
        -18, 30, '', 0, 28, 22, 1.37, 100, 100, 100),
       (33, 79, 79, 7937, 7679, 1106, 691, 484, 484, 484, 484, 480, 480, 484, 234, 234, 234, 234, 234, 234, 21, 120, 1,
        -18, 30, '', 0, 28, 22, 1.37, 100, 100, 100),
       (33, 80, 80, 8178, 7840, 1120, 700, 500, 500, 500, 500, 489, 489, 500, 239, 239, 239, 239, 239, 239, 21, 122, 1,
        -18, 30, '', 0, 29, 23, 1.37, 100, 100, 100),
       (33, 81, 81, 8425, 8003, 1134, 708, 512, 512, 512, 512, 497, 497, 512, 241, 241, 241, 241, 241, 241, 22, 123, 1,
        -18, 30, '', 0, 29, 23, 1.37, 100, 100, 100),
       (33, 82, 82, 8678, 8167, 1148, 717, 525, 525, 525, 525, 506, 506, 525, 243, 243, 243, 243, 243, 243, 22, 125, 1,
        -18, 30, '', 0, 29, 23, 1.37, 100, 100, 100),
       (33, 83, 83, 8936, 8333, 1162, 726, 537, 537, 537, 537, 514, 514, 537, 245, 245, 245, 245, 245, 245, 22, 126, 1,
        -18, 30, '', 0, 29, 23, 1.37, 100, 100, 100),
       (33, 84, 84, 9199, 8501, 1176, 735, 550, 550, 550, 550, 523, 523, 550, 250, 250, 250, 250, 250, 250, 22, 127, 1,
        -18, 30, '', 0, 30, 23, 1.37, 100, 100, 100),
       (33, 85, 85, 9468, 8670, 1190, 743, 563, 563, 563, 563, 531, 531, 563, 252, 252, 252, 252, 252, 252, 23, 129, 1,
        -18, 30, '', 0, 30, 24, 1.37, 100, 100, 100),
       (34, 1, 1, 43, 38, 14, 9, 59, 59, 59, 59, 115, 115, 59, 24, 24, 24, 24, 24, 24, 2, 13, 1, -18, 30, '', 0, 10, 8,
        1.25, 100, 100, 100),
       (34, 2, 2, 76, 77, 28, 18, 60, 60, 60, 60, 119, 119, 60, 26, 26, 26, 26, 26, 26, 2, 14, 1, -18, 30, '', 0, 10, 8,
        1.25, 100, 100, 100),
       (34, 3, 3, 109, 118, 43, 27, 60, 60, 60, 60, 122, 122, 60, 28, 28, 28, 28, 28, 28, 2, 15, 1, -18, 30, '', 0, 10,
        8, 1.25, 100, 100, 100),
       (34, 4, 4, 142, 161, 57, 36, 61, 61, 61, 61, 126, 126, 61, 34, 34, 34, 34, 34, 34, 3, 17, 1, -18, 30, '', 0, 11,
        8, 1.25, 100, 100, 100),
       (34, 5, 5, 176, 205, 71, 45, 62, 62, 62, 62, 129, 129, 62, 36, 36, 36, 36, 36, 36, 3, 18, 1, -18, 30, '', 0, 11,
        9, 1.25, 100, 100, 100),
       (34, 6, 6, 210, 251, 86, 54, 63, 63, 63, 63, 133, 133, 63, 38, 38, 38, 38, 38, 38, 3, 20, 1, -18, 30, '', 0, 11,
        9, 1.25, 100, 100, 100),
       (34, 7, 7, 244, 298, 100, 63, 64, 64, 64, 64, 136, 136, 64, 40, 40, 40, 40, 40, 40, 3, 21, 1, -18, 30, '', 0, 11,
        9, 1.25, 100, 100, 100),
       (34, 8, 8, 279, 347, 114, 72, 65, 65, 65, 65, 140, 140, 65, 46, 46, 46, 46, 46, 46, 4, 22, 1, -18, 30, '', 0, 12,
        9, 1.25, 100, 100, 100),
       (34, 9, 9, 315, 398, 129, 81, 66, 66, 66, 66, 143, 143, 66, 48, 48, 48, 48, 48, 48, 4, 24, 1, -18, 30, '', 0, 12,
        9, 1.25, 100, 100, 100),
       (34, 10, 10, 351, 450, 143, 90, 72, 72, 72, 72, 147, 147, 72, 50, 50, 50, 50, 50, 50, 4, 25, 1, -18, 30, '', 0,
        12, 10, 1.25, 100, 100, 100),
       (34, 11, 11, 387, 504, 157, 99, 73, 73, 73, 73, 150, 150, 73, 52, 52, 52, 52, 52, 52, 4, 27, 1, -18, 30, '', 0,
        12, 10, 1.25, 100, 100, 100),
       (34, 12, 12, 425, 559, 172, 108, 75, 75, 75, 75, 154, 154, 75, 58, 58, 58, 58, 58, 58, 5, 28, 1, -18, 30, '', 0,
        13, 10, 1.25, 100, 100, 100),
       (34, 13, 13, 463, 616, 186, 117, 76, 76, 76, 76, 157, 157, 76, 60, 60, 60, 60, 60, 60, 5, 29, 1, -18, 30, '', 0,
        13, 10, 1.25, 100, 100, 100),
       (34, 14, 14, 502, 675, 200, 126, 78, 78, 78, 78, 161, 161, 78, 62, 62, 62, 62, 62, 62, 5, 31, 1, -18, 30, '', 0,
        13, 10, 1.25, 100, 100, 100),
       (34, 15, 15, 542, 735, 215, 135, 79, 79, 79, 79, 164, 164, 79, 64, 64, 64, 64, 64, 64, 5, 32, 1, -18, 30, '', 0,
        13, 11, 1.25, 100, 100, 100),
       (34, 16, 16, 583, 797, 229, 144, 82, 82, 82, 82, 168, 168, 82, 70, 70, 70, 70, 70, 70, 6, 34, 1, -18, 30, '', 0,
        14, 11, 1.25, 100, 100, 100),
       (34, 17, 17, 625, 860, 243, 153, 83, 83, 83, 83, 171, 171, 83, 72, 72, 72, 72, 72, 72, 6, 35, 1, -18, 30, '', 0,
        14, 11, 1.25, 100, 100, 100),
       (34, 18, 18, 668, 925, 258, 162, 86, 86, 86, 86, 175, 175, 86, 74, 74, 74, 74, 74, 74, 6, 36, 1, -18, 30, '', 0,
        14, 11, 1.25, 100, 100, 100),
       (34, 19, 19, 713, 992, 272, 171, 87, 87, 87, 87, 178, 178, 87, 76, 76, 76, 76, 76, 76, 6, 38, 1, -18, 30, '', 0,
        14, 11, 1.25, 100, 100, 100),
       (34, 20, 20, 758, 1060, 286, 180, 94, 94, 94, 94, 182, 182, 94, 82, 82, 82, 82, 82, 82, 7, 39, 1, -18, 30, '', 0,
        15, 12, 1.25, 100, 100, 100),
       (34, 21, 21, 805, 1130, 301, 189, 96, 96, 96, 96, 185, 185, 96, 84, 84, 84, 84, 84, 84, 7, 41, 1, -18, 30, '', 0,
        15, 12, 1.25, 100, 100, 100),
       (34, 22, 22, 854, 1201, 315, 198, 99, 99, 99, 99, 189, 189, 99, 86, 86, 86, 86, 86, 86, 7, 42, 1, -18, 30, '', 0,
        15, 12, 1.25, 100, 100, 100),
       (34, 23, 23, 904, 1274, 329, 207, 101, 101, 101, 101, 192, 192, 101, 88, 88, 88, 88, 88, 88, 7, 43, 1, -18, 30,
        '', 0, 15, 12, 1.25, 100, 100, 100),
       (34, 24, 24, 955, 1349, 344, 216, 104, 104, 104, 104, 196, 196, 104, 94, 94, 94, 94, 94, 94, 8, 45, 1, -18, 30,
        '', 0, 16, 12, 1.25, 100, 100, 100),
       (34, 25, 25, 1008, 1425, 358, 225, 106, 106, 106, 106, 199, 199, 106, 96, 96, 96, 96, 96, 96, 8, 46, 1, -18, 30,
        '', 0, 16, 13, 1.25, 100, 100, 100),
       (34, 26, 26, 1063, 1503, 372, 234, 109, 109, 109, 109, 203, 203, 109, 98, 98, 98, 98, 98, 98, 8, 48, 1, -18, 30,
        '', 0, 16, 13, 1.25, 100, 100, 100),
       (34, 27, 27, 1119, 1582, 387, 243, 111, 111, 111, 111, 206, 206, 111, 100, 100, 100, 100, 100, 100, 8, 49, 1,
        -18, 30, '', 0, 16, 13, 1.25, 100, 100, 100),
       (34, 28, 28, 1177, 1663, 401, 252, 115, 115, 115, 115, 210, 210, 115, 106, 106, 106, 106, 106, 106, 9, 50, 1,
        -18, 30, '', 0, 17, 13, 1.25, 100, 100, 100),
       (34, 29, 29, 1237, 1746, 415, 261, 117, 117, 117, 117, 213, 213, 117, 108, 108, 108, 108, 108, 108, 9, 52, 1,
        -18, 30, '', 0, 17, 13, 1.25, 100, 100, 100),
       (34, 30, 30, 1300, 1830, 430, 270, 125, 125, 125, 125, 217, 217, 125, 110, 110, 110, 110, 110, 110, 9, 53, 1,
        -18, 30, '', 0, 17, 14, 1.25, 100, 100, 100),
       (34, 31, 31, 1364, 1916, 444, 279, 127, 127, 127, 127, 220, 220, 127, 112, 112, 112, 112, 112, 112, 9, 55, 1,
        -18, 30, '', 0, 17, 14, 1.25, 100, 100, 100),
       (34, 32, 32, 1430, 2003, 458, 288, 131, 131, 131, 131, 224, 224, 131, 118, 118, 118, 118, 118, 118, 10, 56, 1,
        -18, 30, '', 0, 18, 14, 1.25, 100, 100, 100),
       (34, 33, 33, 1498, 2092, 473, 297, 134, 134, 134, 134, 227, 227, 134, 120, 120, 120, 120, 120, 120, 10, 57, 1,
        -18, 30, '', 0, 18, 14, 1.25, 100, 100, 100),
       (34, 34, 34, 1568, 2183, 487, 306, 138, 138, 138, 138, 231, 231, 138, 122, 122, 122, 122, 122, 122, 10, 59, 1,
        -18, 30, '', 0, 18, 14, 1.25, 100, 100, 100),
       (34, 35, 35, 1641, 2275, 501, 315, 141, 141, 141, 141, 234, 234, 141, 124, 124, 124, 124, 124, 124, 10, 60, 1,
        -18, 30, '', 0, 18, 15, 1.25, 100, 100, 100),
       (34, 36, 36, 1716, 2369, 516, 324, 145, 145, 145, 145, 238, 238, 145, 130, 130, 130, 130, 130, 130, 11, 62, 1,
        -18, 30, '', 0, 19, 15, 1.25, 100, 100, 100),
       (34, 37, 37, 1793, 2464, 530, 333, 148, 148, 148, 148, 241, 241, 148, 132, 132, 132, 132, 132, 132, 11, 63, 1,
        -18, 30, '', 0, 19, 15, 1.25, 100, 100, 100),
       (34, 38, 38, 1873, 2561, 544, 342, 152, 152, 152, 152, 245, 245, 152, 134, 134, 134, 134, 134, 134, 11, 64, 1,
        -18, 30, '', 0, 19, 15, 1.25, 100, 100, 100),
       (34, 39, 39, 1956, 2660, 559, 351, 156, 156, 156, 156, 248, 248, 156, 136, 136, 136, 136, 136, 136, 11, 66, 1,
        -18, 30, '', 0, 19, 15, 1.25, 100, 100, 100),
       (34, 40, 40, 2041, 2760, 573, 360, 164, 164, 164, 164, 252, 252, 164, 142, 142, 142, 142, 142, 142, 12, 67, 1,
        -18, 30, '', 0, 20, 16, 1.25, 100, 100, 100),
       (34, 41, 41, 2128, 2862, 587, 369, 168, 168, 168, 168, 255, 255, 168, 144, 144, 144, 144, 144, 144, 12, 69, 1,
        -18, 30, '', 0, 20, 16, 1.25, 100, 100, 100),
       (34, 42, 42, 2219, 2965, 602, 378, 172, 172, 172, 172, 259, 259, 172, 146, 146, 146, 146, 146, 146, 12, 70, 1,
        -18, 30, '', 0, 20, 16, 1.25, 100, 100, 100),
       (34, 43, 43, 2312, 3070, 616, 387, 176, 176, 176, 176, 262, 262, 176, 148, 148, 148, 148, 148, 148, 12, 71, 1,
        -18, 30, '', 0, 20, 16, 1.25, 100, 100, 100),
       (34, 44, 44, 2408, 3177, 630, 396, 181, 181, 181, 181, 266, 266, 181, 154, 154, 154, 154, 154, 154, 13, 73, 1,
        -18, 30, '', 0, 21, 16, 1.25, 100, 100, 100),
       (34, 45, 45, 2507, 3285, 645, 405, 185, 185, 185, 185, 269, 269, 185, 156, 156, 156, 156, 156, 156, 13, 74, 1,
        -18, 30, '', 0, 21, 17, 1.25, 100, 100, 100),
       (34, 46, 46, 2609, 3395, 659, 414, 190, 190, 190, 190, 273, 273, 190, 158, 158, 158, 158, 158, 158, 13, 76, 1,
        -18, 30, '', 0, 21, 17, 1.25, 100, 100, 100),
       (34, 47, 47, 2714, 3506, 673, 423, 194, 194, 194, 194, 276, 276, 194, 160, 160, 160, 160, 160, 160, 13, 77, 1,
        -18, 30, '', 0, 21, 17, 1.25, 100, 100, 100),
       (34, 48, 48, 2822, 3619, 688, 432, 199, 199, 199, 199, 280, 280, 199, 166, 166, 166, 166, 166, 166, 14, 78, 1,
        -18, 30, '', 0, 22, 17, 1.25, 100, 100, 100),
       (34, 49, 49, 2934, 3734, 702, 441, 203, 203, 203, 203, 283, 283, 203, 168, 168, 168, 168, 168, 168, 14, 80, 1,
        -18, 30, '', 0, 22, 17, 1.25, 100, 100, 100),
       (34, 50, 50, 3048, 3850, 716, 450, 212, 212, 212, 212, 287, 287, 212, 170, 170, 170, 170, 170, 170, 14, 81, 1,
        -18, 30, '', 0, 22, 18, 1.25, 100, 100, 100),
       (34, 51, 51, 3166, 3968, 731, 459, 217, 217, 217, 217, 290, 290, 217, 172, 172, 172, 172, 172, 172, 14, 83, 1,
        -18, 30, '', 0, 22, 18, 1.25, 100, 100, 100),
       (34, 52, 52, 3288, 4087, 745, 468, 222, 222, 222, 222, 294, 294, 222, 178, 178, 178, 178, 178, 178, 15, 84, 1,
        -18, 30, '', 0, 23, 18, 1.43, 100, 100, 100),
       (34, 53, 53, 3413, 4208, 759, 477, 227, 227, 227, 227, 297, 297, 227, 180, 180, 180, 180, 180, 180, 15, 85, 1,
        -18, 30, '', 0, 23, 18, 1.43, 100, 100, 100),
       (34, 54, 54, 3541, 4331, 774, 486, 232, 232, 232, 232, 301, 301, 232, 182, 182, 182, 182, 182, 182, 15, 87, 1,
        -18, 30, '', 0, 23, 18, 1.43, 100, 100, 100),
       (34, 55, 55, 3673, 4455, 788, 495, 237, 237, 237, 237, 304, 304, 237, 184, 184, 184, 184, 184, 184, 15, 88, 1,
        -18, 30, '', 0, 23, 19, 1.43, 100, 100, 100),
       (34, 56, 56, 3809, 4581, 802, 504, 243, 243, 243, 243, 308, 308, 243, 190, 190, 190, 190, 190, 190, 16, 90, 1,
        -18, 30, '', 0, 24, 19, 1.43, 100, 100, 100),
       (34, 57, 57, 3948, 4708, 817, 513, 248, 248, 248, 248, 311, 311, 248, 192, 192, 192, 192, 192, 192, 16, 91, 1,
        -18, 30, '', 0, 24, 19, 1.43, 100, 100, 100),
       (34, 58, 58, 4091, 4837, 831, 522, 254, 254, 254, 254, 315, 315, 254, 194, 194, 194, 194, 194, 194, 16, 92, 1,
        -18, 30, '', 0, 24, 19, 1.43, 100, 100, 100),
       (34, 59, 59, 4238, 4968, 845, 531, 259, 259, 259, 259, 318, 318, 259, 196, 196, 196, 196, 196, 196, 16, 94, 1,
        -18, 30, '', 0, 24, 19, 1.43, 100, 100, 100),
       (34, 60, 60, 4390, 5100, 860, 540, 269, 269, 269, 269, 322, 322, 269, 202, 202, 202, 202, 202, 202, 17, 95, 1,
        -18, 30, '', 0, 25, 20, 1.43, 100, 100, 100),
       (34, 61, 61, 4545, 5234, 874, 549, 274, 274, 274, 274, 325, 325, 274, 204, 204, 204, 204, 204, 204, 17, 97, 1,
        -18, 30, '', 0, 25, 20, 1.43, 100, 100, 100),
       (34, 62, 62, 4704, 5369, 888, 558, 281, 281, 281, 281, 329, 329, 281, 206, 206, 206, 206, 206, 206, 17, 98, 1,
        -18, 30, '', 0, 25, 20, 1.43, 100, 100, 100),
       (34, 63, 63, 4867, 5506, 903, 567, 286, 286, 286, 286, 332, 332, 286, 208, 208, 208, 208, 208, 208, 17, 99, 1,
        -18, 30, '', 0, 25, 20, 1.43, 100, 100, 100),
       (34, 64, 64, 5034, 5645, 917, 576, 293, 293, 293, 293, 336, 336, 293, 214, 214, 214, 214, 214, 214, 18, 101, 1,
        -18, 30, '', 0, 26, 20, 1.43, 100, 100, 100),
       (34, 65, 65, 5206, 5785, 931, 585, 298, 298, 298, 298, 339, 339, 298, 216, 216, 216, 216, 216, 216, 18, 102, 1,
        -18, 30, '', 0, 26, 21, 1.43, 100, 100, 100),
       (34, 66, 66, 5382, 5927, 946, 594, 335, 335, 335, 335, 373, 373, 335, 218, 218, 218, 218, 218, 218, 18, 104, 1,
        -18, 30, '', 0, 26, 21, 1.43, 100, 100, 100),
       (34, 67, 67, 5562, 6070, 960, 603, 346, 346, 346, 346, 381, 381, 346, 220, 220, 220, 220, 220, 220, 18, 105, 1,
        -18, 30, '', 0, 26, 21, 1.43, 100, 100, 100),
       (34, 68, 68, 5747, 6215, 974, 612, 358, 358, 358, 358, 390, 390, 358, 226, 226, 226, 226, 226, 226, 19, 106, 1,
        -18, 30, '', 0, 27, 21, 1.43, 100, 100, 100),
       (34, 69, 69, 5937, 6362, 989, 621, 369, 369, 369, 369, 398, 398, 369, 228, 228, 228, 228, 228, 228, 19, 108, 1,
        -18, 30, '', 0, 27, 21, 1.43, 100, 100, 100),
       (34, 70, 70, 6131, 6510, 1003, 630, 385, 385, 385, 385, 407, 407, 385, 230, 230, 230, 230, 230, 230, 19, 109, 1,
        -18, 30, '', 0, 27, 22, 1.43, 100, 100, 100),
       (34, 71, 71, 6329, 6660, 1017, 639, 396, 396, 396, 396, 415, 415, 396, 232, 232, 232, 232, 232, 232, 19, 111, 1,
        -18, 30, '', 0, 27, 22, 1.43, 100, 100, 100),
       (34, 72, 72, 6533, 6811, 1032, 648, 408, 408, 408, 408, 424, 424, 408, 238, 238, 238, 238, 238, 238, 20, 112, 1,
        -18, 30, '', 0, 28, 22, 1.43, 100, 100, 100),
       (34, 73, 73, 6741, 6964, 1046, 657, 419, 419, 419, 419, 432, 432, 419, 240, 240, 240, 240, 240, 240, 20, 113, 1,
        -18, 30, '', 0, 28, 22, 1.43, 100, 100, 100),
       (34, 74, 74, 6954, 7119, 1060, 666, 432, 432, 432, 432, 441, 441, 432, 242, 242, 242, 242, 242, 242, 20, 115, 1,
        -18, 30, '', 0, 28, 22, 1.43, 100, 100, 100),
       (34, 75, 75, 7172, 7275, 1075, 675, 443, 443, 443, 443, 449, 449, 443, 244, 244, 244, 244, 244, 244, 20, 116, 1,
        -18, 30, '', 0, 28, 23, 1.43, 100, 100, 100),
       (34, 76, 76, 7395, 7433, 1089, 684, 456, 456, 456, 456, 458, 458, 456, 250, 250, 250, 250, 250, 250, 21, 118, 1,
        -18, 30, '', 0, 29, 23, 1.43, 100, 100, 100),
       (34, 77, 77, 7623, 7592, 1103, 693, 467, 467, 467, 467, 466, 466, 467, 252, 252, 252, 252, 252, 252, 21, 119, 1,
        -18, 30, '', 0, 29, 23, 1.43, 100, 100, 100),
       (34, 78, 78, 7856, 7753, 1118, 702, 480, 480, 480, 480, 475, 475, 480, 254, 254, 254, 254, 254, 254, 21, 120, 1,
        -18, 30, '', 0, 29, 23, 1.43, 100, 100, 100),
       (34, 79, 79, 8095, 7916, 1132, 711, 492, 492, 492, 492, 483, 483, 492, 256, 256, 256, 256, 256, 256, 21, 122, 1,
        -18, 30, '', 0, 29, 23, 1.43, 100, 100, 100),
       (34, 80, 80, 8338, 8080, 1146, 720, 509, 509, 509, 509, 492, 492, 509, 262, 262, 262, 262, 262, 262, 22, 123, 1,
        -18, 30, '', 0, 30, 24, 1.43, 100, 100, 100),
       (34, 81, 81, 8587, 8246, 1161, 729, 521, 521, 521, 521, 500, 500, 521, 264, 264, 264, 264, 264, 264, 22, 125, 1,
        -18, 30, '', 0, 30, 24, 1.43, 100, 100, 100),
       (34, 82, 82, 8842, 8413, 1175, 738, 534, 534, 534, 534, 509, 509, 534, 266, 266, 266, 266, 266, 266, 22, 126, 1,
        -18, 30, '', 0, 30, 24, 1.43, 100, 100, 100),
       (34, 83, 83, 9102, 8582, 1189, 747, 546, 546, 546, 546, 517, 517, 546, 268, 268, 268, 268, 268, 268, 22, 127, 1,
        -18, 30, '', 0, 30, 24, 1.43, 100, 100, 100),
       (34, 84, 84, 9367, 8753, 1204, 756, 559, 559, 559, 559, 526, 526, 559, 274, 274, 274, 274, 274, 274, 23, 129, 1,
        -18, 30, '', 0, 31, 24, 1.43, 100, 100, 100),
       (34, 85, 85, 9638, 8925, 1218, 765, 572, 572, 572, 572, 534, 534, 572, 276, 276, 276, 276, 276, 276, 23, 130, 1,
        -18, 30, '', 0, 31, 25, 1.43, 100, 100, 100),
       (35, 1, 1, 45, 41, 14, 9, 60, 60, 60, 60, 118, 118, 60, 27, 27, 27, 27, 27, 27, 2, 14, 1, -18, 30, '', 0, 11, 9,
        1.25, 100, 100, 100),
       (35, 2, 2, 80, 83, 29, 18, 61, 61, 61, 61, 122, 122, 61, 29, 29, 29, 29, 29, 29, 2, 15, 1, -18, 30, '', 0, 11, 9,
        1.25, 100, 100, 100),
       (35, 3, 3, 115, 127, 44, 27, 61, 61, 61, 61, 125, 125, 61, 31, 31, 31, 31, 31, 31, 3, 17, 1, -18, 30, '', 0, 11,
        9, 1.25, 100, 100, 100),
       (35, 4, 4, 150, 173, 58, 37, 62, 62, 62, 62, 129, 129, 62, 38, 38, 38, 38, 38, 38, 3, 18, 1, -18, 30, '', 0, 12,
        9, 1.25, 100, 100, 100),
       (35, 5, 5, 186, 220, 73, 46, 63, 63, 63, 63, 132, 132, 63, 40, 40, 40, 40, 40, 40, 3, 20, 1, -18, 30, '', 0, 12,
        10, 1.25, 100, 100, 100),
       (35, 6, 6, 222, 269, 88, 55, 64, 64, 64, 64, 136, 136, 64, 42, 42, 42, 42, 42, 42, 3, 21, 1, -18, 30, '', 0, 12,
        10, 1.25, 100, 100, 100),
       (35, 7, 7, 258, 319, 102, 64, 65, 65, 65, 65, 139, 139, 65, 44, 44, 44, 44, 44, 44, 4, 22, 1, -18, 30, '', 0, 12,
        10, 1.25, 100, 100, 100),
       (35, 8, 8, 295, 371, 117, 74, 66, 66, 66, 66, 143, 143, 66, 51, 51, 51, 51, 51, 51, 4, 24, 1, -18, 30, '', 0, 13,
        10, 1.25, 100, 100, 100),
       (35, 9, 9, 333, 425, 132, 83, 67, 67, 67, 67, 146, 146, 67, 53, 53, 53, 53, 53, 53, 4, 25, 1, -18, 30, '', 0, 13,
        10, 1.25, 100, 100, 100),
       (35, 10, 10, 371, 480, 146, 92, 74, 74, 74, 74, 150, 150, 74, 55, 55, 55, 55, 55, 55, 4, 27, 1, -18, 30, '', 0,
        13, 11, 1.25, 100, 100, 100),
       (35, 11, 11, 409, 537, 161, 101, 75, 75, 75, 75, 153, 153, 75, 57, 57, 57, 57, 57, 57, 5, 28, 1, -18, 30, '', 0,
        13, 11, 1.25, 100, 100, 100),
       (35, 12, 12, 449, 595, 176, 111, 77, 77, 77, 77, 157, 157, 77, 64, 64, 64, 64, 64, 64, 5, 29, 1, -18, 30, '', 0,
        14, 11, 1.25, 100, 100, 100),
       (35, 13, 13, 489, 655, 190, 120, 78, 78, 78, 78, 160, 160, 78, 66, 66, 66, 66, 66, 66, 5, 31, 1, -18, 30, '', 0,
        14, 11, 1.25, 100, 100, 100),
       (35, 14, 14, 530, 717, 205, 129, 80, 80, 80, 80, 164, 164, 80, 68, 68, 68, 68, 68, 68, 5, 32, 1, -18, 30, '', 0,
        14, 11, 1.25, 100, 100, 100),
       (35, 15, 15, 572, 780, 220, 138, 81, 81, 81, 81, 167, 167, 81, 70, 70, 70, 70, 70, 70, 6, 34, 1, -18, 30, '', 0,
        14, 12, 1.25, 100, 100, 100),
       (35, 16, 16, 615, 845, 234, 148, 84, 84, 84, 84, 171, 171, 84, 77, 77, 77, 77, 77, 77, 6, 35, 1, -18, 30, '', 0,
        15, 12, 1.25, 100, 100, 100),
       (35, 17, 17, 659, 911, 249, 157, 85, 85, 85, 85, 174, 174, 85, 79, 79, 79, 79, 79, 79, 6, 36, 1, -18, 30, '', 0,
        15, 12, 1.25, 100, 100, 100),
       (35, 18, 18, 704, 979, 264, 166, 88, 88, 88, 88, 178, 178, 88, 81, 81, 81, 81, 81, 81, 6, 38, 1, -18, 30, '', 0,
        15, 12, 1.25, 100, 100, 100),
       (35, 19, 19, 751, 1049, 278, 175, 89, 89, 89, 89, 181, 181, 89, 83, 83, 83, 83, 83, 83, 7, 39, 1, -18, 30, '', 0,
        15, 12, 1.25, 100, 100, 100),
       (35, 20, 20, 798, 1120, 293, 185, 97, 97, 97, 97, 185, 185, 97, 90, 90, 90, 90, 90, 90, 7, 41, 1, -18, 30, '', 0,
        16, 13, 1.25, 100, 100, 100),
       (35, 21, 21, 847, 1193, 308, 194, 99, 99, 99, 99, 188, 188, 99, 92, 92, 92, 92, 92, 92, 7, 42, 1, -18, 30, '', 0,
        16, 13, 1.25, 100, 100, 100),
       (35, 22, 22, 898, 1267, 322, 203, 102, 102, 102, 102, 192, 192, 102, 94, 94, 94, 94, 94, 94, 7, 43, 1, -18, 30,
        '', 0, 16, 13, 1.25, 100, 100, 100),
       (35, 23, 23, 950, 1343, 337, 212, 104, 104, 104, 104, 195, 195, 104, 96, 96, 96, 96, 96, 96, 8, 45, 1, -18, 30,
        '', 0, 16, 13, 1.25, 100, 100, 100),
       (35, 24, 24, 1003, 1421, 352, 222, 107, 107, 107, 107, 199, 199, 107, 103, 103, 103, 103, 103, 103, 8, 46, 1,
        -18, 30, '', 0, 17, 13, 1.25, 100, 100, 100),
       (35, 25, 25, 1058, 1500, 366, 231, 109, 109, 109, 109, 202, 202, 109, 105, 105, 105, 105, 105, 105, 8, 48, 1,
        -18, 30, '', 0, 17, 14, 1.25, 100, 100, 100),
       (35, 26, 26, 1115, 1581, 381, 240, 112, 112, 112, 112, 206, 206, 112, 107, 107, 107, 107, 107, 107, 8, 49, 1,
        -18, 30, '', 0, 17, 14, 1.25, 100, 100, 100),
       (35, 27, 27, 1173, 1663, 396, 249, 114, 114, 114, 114, 209, 209, 114, 109, 109, 109, 109, 109, 109, 9, 50, 1,
        -18, 30, '', 0, 17, 14, 1.25, 100, 100, 100),
       (35, 28, 28, 1233, 1747, 410, 259, 118, 118, 118, 118, 213, 213, 118, 116, 116, 116, 116, 116, 116, 9, 52, 1,
        -18, 30, '', 0, 18, 14, 1.25, 100, 100, 100),
       (35, 29, 29, 1295, 1833, 425, 268, 120, 120, 120, 120, 216, 216, 120, 118, 118, 118, 118, 118, 118, 9, 53, 1,
        -18, 30, '', 0, 18, 14, 1.25, 100, 100, 100),
       (35, 30, 30, 1360, 1920, 440, 277, 129, 129, 129, 129, 220, 220, 129, 120, 120, 120, 120, 120, 120, 9, 55, 1,
        -18, 30, '', 0, 18, 15, 1.25, 100, 100, 100),
       (35, 31, 31, 1426, 2009, 454, 286, 131, 131, 131, 131, 223, 223, 131, 122, 122, 122, 122, 122, 122, 10, 56, 1,
        -18, 30, '', 0, 18, 15, 1.25, 100, 100, 100),
       (35, 32, 32, 1494, 2099, 469, 296, 135, 135, 135, 135, 227, 227, 135, 129, 129, 129, 129, 129, 129, 10, 57, 1,
        -18, 30, '', 0, 19, 15, 1.25, 100, 100, 100),
       (35, 33, 33, 1564, 2191, 484, 305, 138, 138, 138, 138, 230, 230, 138, 131, 131, 131, 131, 131, 131, 10, 59, 1,
        -18, 30, '', 0, 19, 15, 1.25, 100, 100, 100),
       (35, 34, 34, 1636, 2285, 498, 314, 142, 142, 142, 142, 234, 234, 142, 133, 133, 133, 133, 133, 133, 10, 60, 1,
        -18, 30, '', 0, 19, 15, 1.25, 100, 100, 100),
       (35, 35, 35, 1711, 2380, 513, 323, 145, 145, 145, 145, 237, 237, 145, 135, 135, 135, 135, 135, 135, 11, 62, 1,
        -18, 30, '', 0, 19, 16, 1.25, 100, 100, 100),
       (35, 36, 36, 1788, 2477, 528, 333, 149, 149, 149, 149, 241, 241, 149, 142, 142, 142, 142, 142, 142, 11, 63, 1,
        -18, 30, '', 0, 20, 16, 1.25, 100, 100, 100),
       (35, 37, 37, 1867, 2575, 542, 342, 152, 152, 152, 152, 244, 244, 152, 144, 144, 144, 144, 144, 144, 11, 64, 1,
        -18, 30, '', 0, 20, 16, 1.25, 100, 100, 100),
       (35, 38, 38, 1949, 2675, 557, 351, 156, 156, 156, 156, 248, 248, 156, 146, 146, 146, 146, 146, 146, 11, 66, 1,
        -18, 30, '', 0, 20, 16, 1.25, 100, 100, 100),
       (35, 39, 39, 2034, 2777, 572, 360, 160, 160, 160, 160, 251, 251, 160, 148, 148, 148, 148, 148, 148, 12, 67, 1,
        -18, 30, '', 0, 20, 16, 1.25, 100, 100, 100),
       (35, 40, 40, 2121, 2880, 586, 370, 169, 169, 169, 169, 255, 255, 169, 155, 155, 155, 155, 155, 155, 12, 69, 1,
        -18, 30, '', 0, 21, 17, 1.25, 100, 100, 100),
       (35, 41, 41, 2210, 2985, 601, 379, 173, 173, 173, 173, 258, 258, 173, 157, 157, 157, 157, 157, 157, 12, 70, 1,
        -18, 30, '', 0, 21, 17, 1.25, 100, 100, 100),
       (35, 42, 42, 2303, 3091, 616, 388, 177, 177, 177, 177, 262, 262, 177, 159, 159, 159, 159, 159, 159, 12, 71, 1,
        -18, 30, '', 0, 21, 17, 1.25, 100, 100, 100),
       (35, 43, 43, 2398, 3199, 630, 397, 181, 181, 181, 181, 265, 265, 181, 161, 161, 161, 161, 161, 161, 13, 73, 1,
        -18, 30, '', 0, 21, 17, 1.25, 100, 100, 100),
       (35, 44, 44, 2496, 3309, 645, 407, 186, 186, 186, 186, 269, 269, 186, 168, 168, 168, 168, 168, 168, 13, 74, 1,
        -18, 30, '', 0, 22, 17, 1.25, 100, 100, 100),
       (35, 45, 45, 2597, 3420, 660, 416, 190, 190, 190, 190, 272, 272, 190, 170, 170, 170, 170, 170, 170, 13, 76, 1,
        -18, 30, '', 0, 22, 18, 1.25, 100, 100, 100),
       (35, 46, 46, 2701, 3533, 674, 425, 195, 195, 195, 195, 276, 276, 195, 172, 172, 172, 172, 172, 172, 13, 77, 1,
        -18, 30, '', 0, 22, 18, 1.25, 100, 100, 100),
       (35, 47, 47, 2808, 3647, 689, 434, 199, 199, 199, 199, 279, 279, 199, 174, 174, 174, 174, 174, 174, 14, 78, 1,
        -18, 30, '', 0, 22, 18, 1.25, 100, 100, 100),
       (35, 48, 48, 2918, 3763, 704, 444, 204, 204, 204, 204, 283, 283, 204, 181, 181, 181, 181, 181, 181, 14, 80, 1,
        -18, 30, '', 0, 23, 18, 1.25, 100, 100, 100),
       (35, 49, 49, 3032, 3881, 718, 453, 208, 208, 208, 208, 286, 286, 208, 183, 183, 183, 183, 183, 183, 14, 81, 1,
        -18, 30, '', 0, 23, 18, 1.25, 100, 100, 100),
       (35, 50, 50, 3148, 4000, 733, 462, 218, 218, 218, 218, 290, 290, 218, 185, 185, 185, 185, 185, 185, 14, 83, 1,
        -18, 30, '', 0, 23, 19, 1.25, 100, 100, 100),
       (35, 51, 51, 3268, 4121, 748, 471, 223, 223, 223, 223, 293, 293, 223, 187, 187, 187, 187, 187, 187, 15, 84, 1,
        -18, 30, '', 0, 23, 19, 1.25, 100, 100, 100),
       (35, 52, 52, 3392, 4243, 762, 481, 228, 228, 228, 228, 297, 297, 228, 194, 194, 194, 194, 194, 194, 15, 85, 1,
        -18, 30, '', 0, 24, 19, 1.49, 100, 100, 100),
       (35, 53, 53, 3519, 4367, 777, 490, 233, 233, 233, 233, 300, 300, 233, 196, 196, 196, 196, 196, 196, 15, 87, 1,
        -18, 30, '', 0, 24, 19, 1.49, 100, 100, 100),
       (35, 54, 54, 3649, 4493, 792, 499, 238, 238, 238, 238, 304, 304, 238, 198, 198, 198, 198, 198, 198, 15, 88, 1,
        -18, 30, '', 0, 24, 19, 1.49, 100, 100, 100),
       (35, 55, 55, 3783, 4620, 806, 508, 243, 243, 243, 243, 307, 307, 243, 200, 200, 200, 200, 200, 200, 16, 90, 1,
        -18, 30, '', 0, 24, 20, 1.49, 100, 100, 100),
       (35, 56, 56, 3921, 4749, 821, 518, 249, 249, 249, 249, 311, 311, 249, 207, 207, 207, 207, 207, 207, 16, 91, 1,
        -18, 30, '', 0, 25, 20, 1.49, 100, 100, 100),
       (35, 57, 57, 4062, 4879, 836, 527, 254, 254, 254, 254, 314, 314, 254, 209, 209, 209, 209, 209, 209, 16, 92, 1,
        -18, 30, '', 0, 25, 20, 1.49, 100, 100, 100),
       (35, 58, 58, 4207, 5011, 850, 536, 260, 260, 260, 260, 318, 318, 260, 211, 211, 211, 211, 211, 211, 16, 94, 1,
        -18, 30, '', 0, 25, 20, 1.49, 100, 100, 100),
       (35, 59, 59, 4356, 5145, 865, 545, 265, 265, 265, 265, 321, 321, 265, 213, 213, 213, 213, 213, 213, 17, 95, 1,
        -18, 30, '', 0, 25, 20, 1.49, 100, 100, 100),
       (35, 60, 60, 4510, 5280, 880, 555, 276, 276, 276, 276, 325, 325, 276, 220, 220, 220, 220, 220, 220, 17, 97, 1,
        -18, 30, '', 0, 26, 21, 1.49, 100, 100, 100),
       (35, 61, 61, 4667, 5417, 894, 564, 281, 281, 281, 281, 328, 328, 281, 222, 222, 222, 222, 222, 222, 17, 98, 1,
        -18, 30, '', 0, 26, 21, 1.49, 100, 100, 100),
       (35, 62, 62, 4828, 5555, 909, 573, 288, 288, 288, 288, 332, 332, 288, 224, 224, 224, 224, 224, 224, 17, 99, 1,
        -18, 30, '', 0, 26, 21, 1.49, 100, 100, 100),
       (35, 63, 63, 4993, 5695, 924, 582, 293, 293, 293, 293, 335, 335, 293, 226, 226, 226, 226, 226, 226, 18, 101, 1,
        -18, 30, '', 0, 26, 21, 1.49, 100, 100, 100),
       (35, 64, 64, 5162, 5837, 938, 592, 300, 300, 300, 300, 339, 339, 300, 233, 233, 233, 233, 233, 233, 18, 102, 1,
        -18, 30, '', 0, 27, 21, 1.49, 100, 100, 100),
       (35, 65, 65, 5336, 5980, 953, 601, 305, 305, 305, 305, 342, 342, 305, 235, 235, 235, 235, 235, 235, 18, 104, 1,
        -18, 30, '', 0, 27, 22, 1.49, 100, 100, 100),
       (35, 66, 66, 5514, 6125, 968, 610, 342, 342, 342, 342, 376, 376, 342, 237, 237, 237, 237, 237, 237, 18, 105, 1,
        -18, 30, '', 0, 27, 22, 1.49, 100, 100, 100),
       (35, 67, 67, 5696, 6271, 982, 619, 353, 353, 353, 353, 384, 384, 353, 239, 239, 239, 239, 239, 239, 19, 106, 1,
        -18, 30, '', 0, 27, 22, 1.49, 100, 100, 100),
       (35, 68, 68, 5883, 6419, 997, 629, 365, 365, 365, 365, 393, 393, 365, 246, 246, 246, 246, 246, 246, 19, 108, 1,
        -18, 30, '', 0, 28, 22, 1.49, 100, 100, 100),
       (35, 69, 69, 6075, 6569, 1012, 638, 376, 376, 376, 376, 401, 401, 376, 248, 248, 248, 248, 248, 248, 19, 109, 1,
        -18, 30, '', 0, 28, 22, 1.49, 100, 100, 100),
       (35, 70, 70, 6271, 6720, 1026, 647, 393, 393, 393, 393, 410, 410, 393, 250, 250, 250, 250, 250, 250, 19, 111, 1,
        -18, 30, '', 0, 28, 23, 1.49, 100, 100, 100),
       (35, 71, 71, 6471, 6873, 1041, 656, 404, 404, 404, 404, 418, 418, 404, 252, 252, 252, 252, 252, 252, 20, 112, 1,
        -18, 30, '', 0, 28, 23, 1.49, 100, 100, 100),
       (35, 72, 72, 6677, 7027, 1056, 666, 416, 416, 416, 416, 427, 427, 416, 259, 259, 259, 259, 259, 259, 20, 113, 1,
        -18, 30, '', 0, 29, 23, 1.49, 100, 100, 100),
       (35, 73, 73, 6887, 7183, 1070, 675, 427, 427, 427, 427, 435, 435, 427, 261, 261, 261, 261, 261, 261, 20, 115, 1,
        -18, 30, '', 0, 29, 23, 1.49, 100, 100, 100),
       (35, 74, 74, 7102, 7341, 1085, 684, 440, 440, 440, 440, 444, 444, 440, 263, 263, 263, 263, 263, 263, 20, 116, 1,
        -18, 30, '', 0, 29, 23, 1.49, 100, 100, 100),
       (35, 75, 75, 7322, 7500, 1100, 693, 451, 451, 451, 451, 452, 452, 451, 265, 265, 265, 265, 265, 265, 21, 118, 1,
        -18, 30, '', 0, 29, 24, 1.49, 100, 100, 100),
       (35, 76, 76, 7547, 7661, 1114, 703, 464, 464, 464, 464, 461, 461, 464, 272, 272, 272, 272, 272, 272, 21, 119, 1,
        -18, 30, '', 0, 30, 24, 1.49, 100, 100, 100),
       (35, 77, 77, 7777, 7823, 1129, 712, 475, 475, 475, 475, 469, 469, 475, 274, 274, 274, 274, 274, 274, 21, 120, 1,
        -18, 30, '', 0, 30, 24, 1.49, 100, 100, 100),
       (35, 78, 78, 8012, 7987, 1144, 721, 488, 488, 488, 488, 478, 478, 488, 276, 276, 276, 276, 276, 276, 21, 122, 1,
        -18, 30, '', 0, 30, 24, 1.49, 100, 100, 100),
       (35, 79, 79, 8253, 8153, 1158, 730, 500, 500, 500, 500, 486, 486, 500, 278, 278, 278, 278, 278, 278, 22, 123, 1,
        -18, 30, '', 0, 30, 24, 1.49, 100, 100, 100),
       (35, 80, 80, 8498, 8320, 1173, 740, 518, 518, 518, 518, 495, 495, 518, 285, 285, 285, 285, 285, 285, 22, 125, 1,
        -18, 30, '', 0, 31, 25, 1.49, 100, 100, 100),
       (35, 81, 81, 8749, 8489, 1188, 749, 530, 530, 530, 530, 503, 503, 530, 287, 287, 287, 287, 287, 287, 22, 126, 1,
        -18, 30, '', 0, 31, 25, 1.49, 100, 100, 100),
       (35, 82, 82, 9006, 8659, 1202, 758, 543, 543, 543, 543, 512, 512, 543, 289, 289, 289, 289, 289, 289, 22, 127, 1,
        -18, 30, '', 0, 31, 25, 1.49, 100, 100, 100),
       (35, 83, 83, 9268, 8831, 1217, 767, 555, 555, 555, 555, 520, 520, 555, 291, 291, 291, 291, 291, 291, 23, 129, 1,
        -18, 30, '', 0, 31, 25, 1.49, 100, 100, 100),
       (35, 84, 84, 9535, 9005, 1232, 777, 568, 568, 568, 568, 529, 529, 568, 298, 298, 298, 298, 298, 298, 23, 130, 1,
        -18, 30, '', 0, 32, 25, 1.49, 100, 100, 100),
       (35, 85, 85, 9808, 9180, 1246, 786, 581, 581, 581, 581, 537, 537, 581, 300, 300, 300, 300, 300, 300, 23, 132, 1,
        -18, 30, '', 0, 32, 26, 1.49, 100, 100, 100),
       (36, 1, 1, 62, 54, 16, 9, 61, 61, 61, 61, 131, 131, 61, 31, 31, 31, 31, 31, 31, 2, 13, 1, -18, 30, '', 0, 12, 8,
        1.25, 100, 100, 100),
       (36, 2, 2, 114, 109, 32, 18, 63, 63, 63, 63, 135, 135, 63, 35, 35, 35, 35, 35, 35, 2, 14, 1, -18, 30, '', 0, 12,
        8, 1.25, 100, 100, 100),
       (36, 3, 3, 166, 166, 49, 27, 63, 63, 63, 63, 138, 138, 63, 37, 37, 37, 37, 37, 37, 2, 15, 1, -18, 30, '', 0, 12,
        8, 1.25, 100, 100, 100),
       (36, 4, 4, 218, 225, 65, 37, 65, 65, 65, 65, 142, 142, 65, 40, 40, 40, 40, 40, 40, 3, 17, 1, -18, 30, '', 0, 13,
        8, 1.25, 100, 100, 100),
       (36, 5, 5, 271, 285, 81, 46, 66, 66, 66, 66, 145, 145, 66, 44, 44, 44, 44, 44, 44, 3, 18, 1, -18, 30, '', 0, 13,
        9, 1.25, 100, 100, 100),
       (36, 6, 6, 324, 347, 98, 55, 68, 68, 68, 68, 149, 149, 68, 46, 46, 46, 46, 46, 46, 3, 20, 1, -18, 30, '', 0, 13,
        9, 1.25, 100, 100, 100),
       (36, 7, 7, 377, 410, 114, 64, 69, 69, 69, 69, 152, 152, 69, 48, 48, 48, 48, 48, 48, 3, 21, 1, -18, 30, '', 0, 13,
        9, 1.25, 100, 100, 100),
       (36, 8, 8, 431, 475, 130, 74, 71, 71, 71, 71, 156, 156, 71, 53, 53, 53, 53, 53, 53, 4, 22, 1, -18, 30, '', 0, 14,
        9, 1.25, 100, 100, 100),
       (36, 9, 9, 486, 542, 147, 83, 72, 72, 72, 72, 159, 159, 72, 55, 55, 55, 55, 55, 55, 4, 24, 1, -18, 30, '', 0, 14,
        9, 1.25, 100, 100, 100),
       (36, 10, 10, 541, 610, 163, 92, 76, 76, 76, 76, 163, 163, 76, 57, 57, 57, 57, 57, 57, 4, 25, 1, -18, 30, '', 0,
        14, 10, 1.25, 100, 100, 100),
       (36, 11, 11, 596, 680, 179, 101, 77, 77, 77, 77, 166, 166, 77, 61, 61, 61, 61, 61, 61, 4, 27, 1, -18, 30, '', 0,
        14, 10, 1.25, 100, 100, 100),
       (36, 12, 12, 653, 751, 196, 111, 80, 80, 80, 80, 170, 170, 80, 64, 64, 64, 64, 64, 64, 5, 28, 1, -18, 30, '', 0,
        15, 10, 1.25, 100, 100, 100),
       (36, 13, 13, 710, 824, 212, 120, 81, 81, 81, 81, 173, 173, 81, 66, 66, 66, 66, 66, 66, 5, 29, 1, -18, 30, '', 0,
        15, 10, 1.25, 100, 100, 100),
       (36, 14, 14, 768, 899, 228, 129, 84, 84, 84, 84, 177, 177, 84, 70, 70, 70, 70, 70, 70, 5, 31, 1, -18, 30, '', 0,
        15, 10, 1.25, 100, 100, 100),
       (36, 15, 15, 827, 975, 245, 138, 85, 85, 85, 85, 180, 180, 85, 72, 72, 72, 72, 72, 72, 5, 32, 1, -18, 30, '', 0,
        15, 11, 1.25, 100, 100, 100),
       (36, 16, 16, 887, 1053, 261, 148, 89, 89, 89, 89, 184, 184, 89, 75, 75, 75, 75, 75, 75, 6, 34, 1, -18, 30, '', 0,
        16, 11, 1.25, 100, 100, 100),
       (36, 17, 17, 948, 1132, 277, 157, 90, 90, 90, 90, 187, 187, 90, 79, 79, 79, 79, 79, 79, 6, 35, 1, -18, 30, '', 0,
        16, 11, 1.25, 100, 100, 100),
       (36, 18, 18, 1010, 1213, 294, 166, 94, 94, 94, 94, 191, 191, 94, 81, 81, 81, 81, 81, 81, 6, 36, 1, -18, 30, '',
        0, 16, 11, 1.25, 100, 100, 100),
       (36, 19, 19, 1074, 1296, 310, 175, 95, 95, 95, 95, 194, 194, 95, 83, 83, 83, 83, 83, 83, 6, 38, 1, -18, 30, '',
        0, 16, 11, 1.25, 100, 100, 100),
       (36, 20, 20, 1138, 1380, 326, 185, 100, 100, 100, 100, 198, 198, 100, 88, 88, 88, 88, 88, 88, 7, 39, 1, -18, 30,
        '', 0, 17, 12, 1.25, 100, 100, 100),
       (36, 21, 21, 1204, 1466, 343, 194, 102, 102, 102, 102, 201, 201, 102, 90, 90, 90, 90, 90, 90, 7, 41, 1, -18, 30,
        '', 0, 17, 12, 1.25, 100, 100, 100),
       (36, 22, 22, 1272, 1553, 359, 203, 106, 106, 106, 106, 205, 205, 106, 92, 92, 92, 92, 92, 92, 7, 42, 1, -18, 30,
        '', 0, 17, 12, 1.25, 100, 100, 100),
       (36, 23, 23, 1341, 1642, 375, 212, 108, 108, 108, 108, 208, 208, 108, 96, 96, 96, 96, 96, 96, 7, 43, 1, -18, 30,
        '', 0, 17, 12, 1.25, 100, 100, 100),
       (36, 24, 24, 1411, 1733, 392, 222, 112, 112, 112, 112, 212, 212, 112, 99, 99, 99, 99, 99, 99, 8, 45, 1, -18, 30,
        '', 0, 18, 12, 1.25, 100, 100, 100),
       (36, 25, 25, 1483, 1825, 408, 231, 114, 114, 114, 114, 215, 215, 114, 101, 101, 101, 101, 101, 101, 8, 46, 1,
        -18, 30, '', 0, 18, 13, 1.25, 100, 100, 100),
       (36, 26, 26, 1557, 1919, 424, 240, 118, 118, 118, 118, 219, 219, 118, 105, 105, 105, 105, 105, 105, 8, 48, 1,
        -18, 30, '', 0, 18, 13, 1.25, 100, 100, 100),
       (36, 27, 27, 1632, 2014, 441, 249, 120, 120, 120, 120, 222, 222, 120, 107, 107, 107, 107, 107, 107, 8, 49, 1,
        -18, 30, '', 0, 18, 13, 1.25, 100, 100, 100),
       (36, 28, 28, 1709, 2111, 457, 259, 125, 125, 125, 125, 226, 226, 125, 110, 110, 110, 110, 110, 110, 9, 50, 1,
        -18, 30, '', 0, 19, 13, 1.25, 100, 100, 100),
       (36, 29, 29, 1788, 2210, 473, 268, 127, 127, 127, 127, 229, 229, 127, 114, 114, 114, 114, 114, 114, 9, 52, 1,
        -18, 30, '', 0, 19, 13, 1.25, 100, 100, 100),
       (36, 30, 30, 1870, 2310, 490, 277, 133, 133, 133, 133, 233, 233, 133, 116, 116, 116, 116, 116, 116, 9, 53, 1,
        -18, 30, '', 0, 19, 14, 1.25, 100, 100, 100),
       (36, 31, 31, 1953, 2412, 506, 286, 135, 135, 135, 135, 236, 236, 135, 118, 118, 118, 118, 118, 118, 9, 55, 1,
        -18, 30, '', 0, 19, 14, 1.25, 100, 100, 100),
       (36, 32, 32, 2038, 2515, 522, 296, 140, 140, 140, 140, 240, 240, 140, 123, 123, 123, 123, 123, 123, 10, 56, 1,
        -18, 30, '', 0, 20, 14, 1.25, 100, 100, 100),
       (36, 33, 33, 2125, 2620, 539, 305, 143, 143, 143, 143, 243, 243, 143, 125, 125, 125, 125, 125, 125, 10, 57, 1,
        -18, 30, '', 0, 20, 14, 1.25, 100, 100, 100),
       (36, 34, 34, 2214, 2727, 555, 314, 148, 148, 148, 148, 247, 247, 148, 127, 127, 127, 127, 127, 127, 10, 59, 1,
        -18, 30, '', 0, 20, 14, 1.25, 100, 100, 100),
       (36, 35, 35, 2306, 2835, 571, 323, 151, 151, 151, 151, 250, 250, 151, 131, 131, 131, 131, 131, 131, 10, 60, 1,
        -18, 30, '', 0, 20, 15, 1.25, 100, 100, 100),
       (36, 36, 36, 2400, 2945, 588, 333, 156, 156, 156, 156, 254, 254, 156, 134, 134, 134, 134, 134, 134, 11, 62, 1,
        -18, 30, '', 0, 21, 15, 1.25, 100, 100, 100),
       (36, 37, 37, 2496, 3056, 604, 342, 159, 159, 159, 159, 257, 257, 159, 136, 136, 136, 136, 136, 136, 11, 63, 1,
        -18, 30, '', 0, 21, 15, 1.25, 100, 100, 100),
       (36, 38, 38, 2595, 3169, 620, 351, 164, 164, 164, 164, 261, 261, 164, 140, 140, 140, 140, 140, 140, 11, 64, 1,
        -18, 30, '', 0, 21, 15, 1.25, 100, 100, 100),
       (36, 39, 39, 2697, 3284, 637, 360, 168, 168, 168, 168, 264, 264, 168, 142, 142, 142, 142, 142, 142, 11, 66, 1,
        -18, 30, '', 0, 21, 15, 1.25, 100, 100, 100),
       (36, 40, 40, 2801, 3400, 653, 370, 174, 174, 174, 174, 268, 268, 174, 145, 145, 145, 145, 145, 145, 12, 67, 1,
        -18, 30, '', 0, 22, 16, 1.25, 100, 100, 100),
       (36, 41, 41, 2907, 3518, 669, 379, 178, 178, 178, 178, 271, 271, 178, 149, 149, 149, 149, 149, 149, 12, 69, 1,
        -18, 30, '', 0, 22, 16, 1.25, 100, 100, 100),
       (36, 42, 42, 3017, 3637, 686, 388, 183, 183, 183, 183, 275, 275, 183, 151, 151, 151, 151, 151, 151, 12, 70, 1,
        -18, 30, '', 0, 22, 16, 1.25, 100, 100, 100),
       (36, 43, 43, 3129, 3758, 702, 397, 187, 187, 187, 187, 278, 278, 187, 153, 153, 153, 153, 153, 153, 12, 71, 1,
        -18, 30, '', 0, 22, 16, 1.25, 100, 100, 100),
       (36, 44, 44, 3244, 3881, 718, 407, 193, 193, 193, 193, 282, 282, 193, 158, 158, 158, 158, 158, 158, 13, 73, 1,
        -18, 30, '', 0, 23, 16, 1.25, 100, 100, 100),
       (36, 45, 45, 3362, 4005, 735, 416, 197, 197, 197, 197, 285, 285, 197, 160, 160, 160, 160, 160, 160, 13, 74, 1,
        -18, 30, '', 0, 23, 17, 1.25, 100, 100, 100),
       (36, 46, 46, 3483, 4131, 751, 425, 203, 203, 203, 203, 289, 289, 203, 162, 162, 162, 162, 162, 162, 13, 76, 1,
        -18, 30, '', 0, 23, 17, 1.25, 100, 100, 100),
       (36, 47, 47, 3607, 4258, 767, 434, 207, 207, 207, 207, 292, 292, 207, 166, 166, 166, 166, 166, 166, 13, 77, 1,
        -18, 30, '', 0, 23, 17, 1.25, 100, 100, 100),
       (36, 48, 48, 3734, 4387, 784, 444, 213, 213, 213, 213, 296, 296, 213, 169, 169, 169, 169, 169, 169, 14, 78, 1,
        -18, 30, '', 0, 24, 17, 1.25, 100, 100, 100),
       (36, 49, 49, 3865, 4518, 800, 453, 217, 217, 217, 217, 299, 299, 217, 171, 171, 171, 171, 171, 171, 14, 80, 1,
        -18, 30, '', 0, 24, 17, 1.25, 100, 100, 100),
       (36, 50, 50, 3998, 4650, 816, 462, 224, 224, 224, 224, 303, 303, 224, 175, 175, 175, 175, 175, 175, 14, 81, 1,
        -18, 30, '', 0, 24, 18, 1.25, 100, 100, 100),
       (36, 51, 51, 4135, 4784, 833, 471, 229, 229, 229, 229, 306, 306, 229, 177, 177, 177, 177, 177, 177, 14, 83, 1,
        -18, 30, '', 0, 24, 18, 1.25, 100, 100, 100),
       (36, 52, 52, 4276, 4919, 849, 481, 235, 235, 235, 235, 310, 310, 235, 180, 180, 180, 180, 180, 180, 15, 84, 1,
        -18, 30, '', 0, 25, 18, 1.55, 100, 100, 100),
       (36, 53, 53, 4420, 5056, 865, 490, 240, 240, 240, 240, 313, 313, 240, 184, 184, 184, 184, 184, 184, 15, 85, 1,
        -18, 30, '', 0, 25, 18, 1.55, 100, 100, 100),
       (36, 54, 54, 4567, 5195, 882, 499, 246, 246, 246, 246, 317, 317, 246, 186, 186, 186, 186, 186, 186, 15, 87, 1,
        -18, 30, '', 0, 25, 18, 1.55, 100, 100, 100),
       (36, 55, 55, 4718, 5335, 898, 508, 251, 251, 251, 251, 320, 320, 251, 188, 188, 188, 188, 188, 188, 15, 88, 1,
        -18, 30, '', 0, 25, 19, 1.55, 100, 100, 100),
       (36, 56, 56, 4873, 5477, 914, 518, 258, 258, 258, 258, 324, 324, 258, 193, 193, 193, 193, 193, 193, 16, 90, 1,
        -18, 30, '', 0, 26, 19, 1.55, 100, 100, 100),
       (36, 57, 57, 5031, 5620, 931, 527, 263, 263, 263, 263, 327, 327, 263, 195, 195, 195, 195, 195, 195, 16, 91, 1,
        -18, 30, '', 0, 26, 19, 1.55, 100, 100, 100),
       (36, 58, 58, 5193, 5765, 947, 536, 270, 270, 270, 270, 331, 331, 270, 197, 197, 197, 197, 197, 197, 16, 92, 1,
        -18, 30, '', 0, 26, 19, 1.55, 100, 100, 100),
       (36, 59, 59, 5359, 5912, 963, 545, 275, 275, 275, 275, 334, 334, 275, 201, 201, 201, 201, 201, 201, 16, 94, 1,
        -18, 30, '', 0, 26, 19, 1.55, 100, 100, 100),
       (36, 60, 60, 5530, 6060, 980, 555, 283, 283, 283, 283, 338, 338, 283, 204, 204, 204, 204, 204, 204, 17, 95, 1,
        -18, 30, '', 0, 27, 20, 1.55, 100, 100, 100),
       (36, 61, 61, 5704, 6210, 996, 564, 288, 288, 288, 288, 341, 341, 288, 206, 206, 206, 206, 206, 206, 17, 97, 1,
        -18, 30, '', 0, 27, 20, 1.55, 100, 100, 100),
       (36, 62, 62, 5882, 6361, 1012, 573, 296, 296, 296, 296, 345, 345, 296, 210, 210, 210, 210, 210, 210, 17, 98, 1,
        -18, 30, '', 0, 27, 20, 1.55, 100, 100, 100),
       (36, 63, 63, 6064, 6514, 1029, 582, 301, 301, 301, 301, 348, 348, 301, 212, 212, 212, 212, 212, 212, 17, 99, 1,
        -18, 30, '', 0, 27, 20, 1.55, 100, 100, 100),
       (36, 64, 64, 6250, 6669, 1045, 592, 309, 309, 309, 309, 352, 352, 309, 215, 215, 215, 215, 215, 215, 18, 101, 1,
        -18, 30, '', 0, 28, 20, 1.55, 100, 100, 100),
       (36, 65, 65, 6441, 6825, 1061, 601, 314, 314, 314, 314, 355, 355, 314, 219, 219, 219, 219, 219, 219, 18, 102, 1,
        -18, 30, '', 0, 28, 21, 1.55, 100, 100, 100),
       (36, 66, 66, 6636, 6983, 1078, 610, 352, 352, 352, 352, 389, 389, 352, 221, 221, 221, 221, 221, 221, 18, 104, 1,
        -18, 30, '', 0, 28, 21, 1.55, 100, 100, 100),
       (36, 67, 67, 6835, 7142, 1094, 619, 363, 363, 363, 363, 397, 397, 363, 223, 223, 223, 223, 223, 223, 18, 105, 1,
        -18, 30, '', 0, 28, 21, 1.55, 100, 100, 100),
       (36, 68, 68, 7039, 7303, 1110, 629, 376, 376, 376, 376, 406, 406, 376, 228, 228, 228, 228, 228, 228, 19, 106, 1,
        -18, 30, '', 0, 29, 21, 1.55, 100, 100, 100),
       (36, 69, 69, 7248, 7466, 1127, 638, 387, 387, 387, 387, 414, 414, 387, 230, 230, 230, 230, 230, 230, 19, 108, 1,
        -18, 30, '', 0, 29, 21, 1.55, 100, 100, 100),
       (36, 70, 70, 7461, 7630, 1143, 647, 401, 401, 401, 401, 423, 423, 401, 232, 232, 232, 232, 232, 232, 19, 109, 1,
        -18, 30, '', 0, 29, 22, 1.55, 100, 100, 100),
       (36, 71, 71, 7678, 7796, 1159, 656, 412, 412, 412, 412, 431, 431, 412, 236, 236, 236, 236, 236, 236, 19, 111, 1,
        -18, 30, '', 0, 29, 22, 1.55, 100, 100, 100),
       (36, 72, 72, 7901, 7963, 1176, 666, 425, 425, 425, 425, 440, 440, 425, 239, 239, 239, 239, 239, 239, 20, 112, 1,
        -18, 30, '', 0, 30, 22, 1.55, 100, 100, 100),
       (36, 73, 73, 8128, 8132, 1192, 675, 436, 436, 436, 436, 448, 448, 436, 241, 241, 241, 241, 241, 241, 20, 113, 1,
        -18, 30, '', 0, 30, 22, 1.55, 100, 100, 100),
       (36, 74, 74, 8360, 8303, 1208, 684, 450, 450, 450, 450, 457, 457, 450, 245, 245, 245, 245, 245, 245, 20, 115, 1,
        -18, 30, '', 0, 30, 22, 1.55, 100, 100, 100),
       (36, 75, 75, 8597, 8475, 1225, 693, 461, 461, 461, 461, 465, 465, 461, 247, 247, 247, 247, 247, 247, 20, 116, 1,
        -18, 30, '', 0, 30, 23, 1.55, 100, 100, 100),
       (36, 76, 76, 8839, 8649, 1241, 703, 475, 475, 475, 475, 474, 474, 475, 250, 250, 250, 250, 250, 250, 21, 118, 1,
        -18, 30, '', 0, 31, 23, 1.55, 100, 100, 100),
       (36, 77, 77, 9086, 8824, 1257, 712, 486, 486, 486, 486, 482, 482, 486, 254, 254, 254, 254, 254, 254, 21, 119, 1,
        -18, 30, '', 0, 31, 23, 1.55, 100, 100, 100),
       (36, 78, 78, 9338, 9001, 1274, 721, 500, 500, 500, 500, 491, 491, 500, 256, 256, 256, 256, 256, 256, 21, 120, 1,
        -18, 30, '', 0, 31, 23, 1.55, 100, 100, 100),
       (36, 79, 79, 9596, 9180, 1290, 730, 512, 512, 512, 512, 499, 499, 512, 258, 258, 258, 258, 258, 258, 21, 122, 1,
        -18, 30, '', 0, 31, 23, 1.55, 100, 100, 100),
       (36, 80, 80, 9858, 9360, 1306, 740, 527, 527, 527, 527, 508, 508, 527, 263, 263, 263, 263, 263, 263, 22, 123, 1,
        -18, 30, '', 0, 32, 24, 1.55, 100, 100, 100),
       (36, 81, 81, 10126, 9542, 1323, 749, 539, 539, 539, 539, 516, 516, 539, 265, 265, 265, 265, 265, 265, 22, 125, 1,
        -18, 30, '', 0, 32, 24, 1.55, 100, 100, 100),
       (36, 82, 82, 10400, 9725, 1339, 758, 553, 553, 553, 553, 525, 525, 553, 267, 267, 267, 267, 267, 267, 22, 126, 1,
        -18, 30, '', 0, 32, 24, 1.55, 100, 100, 100),
       (36, 83, 83, 10679, 9910, 1355, 767, 565, 565, 565, 565, 533, 533, 565, 271, 271, 271, 271, 271, 271, 22, 127, 1,
        -18, 30, '', 0, 32, 24, 1.55, 100, 100, 100),
       (36, 84, 84, 10963, 10097, 1372, 777, 579, 579, 579, 579, 542, 542, 579, 274, 274, 274, 274, 274, 274, 23, 129,
        1, -18, 30, '', 0, 33, 24, 1.55, 100, 100, 100),
       (36, 85, 85, 11253, 10285, 1388, 786, 592, 592, 592, 592, 550, 550, 592, 276, 276, 276, 276, 276, 276, 23, 130,
        1, -18, 30, '', 0, 33, 25, 1.55, 100, 100, 100),
       (37, 1, 1, 64, 57, 16, 9, 62, 62, 62, 62, 134, 134, 62, 34, 34, 34, 34, 34, 34, 2, 14, 1, -18, 30, '', 0, 13, 9,
        1.25, 100, 100, 100),
       (37, 2, 2, 118, 115, 33, 19, 64, 64, 64, 64, 138, 138, 64, 38, 38, 38, 38, 38, 38, 2, 15, 1, -18, 30, '', 0, 13,
        9, 1.25, 100, 100, 100),
       (37, 3, 3, 172, 175, 50, 28, 64, 64, 64, 64, 141, 141, 64, 40, 40, 40, 40, 40, 40, 3, 17, 1, -18, 30, '', 0, 13,
        9, 1.25, 100, 100, 100),
       (37, 4, 4, 226, 237, 66, 38, 66, 66, 66, 66, 145, 145, 66, 44, 44, 44, 44, 44, 44, 3, 18, 1, -18, 30, '', 0, 14,
        9, 1.25, 100, 100, 100),
       (37, 5, 5, 281, 300, 83, 47, 67, 67, 67, 67, 148, 148, 67, 48, 48, 48, 48, 48, 48, 3, 20, 1, -18, 30, '', 0, 14,
        10, 1.25, 100, 100, 100),
       (37, 6, 6, 336, 365, 100, 57, 69, 69, 69, 69, 152, 152, 69, 50, 50, 50, 50, 50, 50, 3, 21, 1, -18, 30, '', 0, 14,
        10, 1.25, 100, 100, 100),
       (37, 7, 7, 391, 431, 116, 66, 70, 70, 70, 70, 155, 155, 70, 52, 52, 52, 52, 52, 52, 4, 22, 1, -18, 30, '', 0, 14,
        10, 1.25, 100, 100, 100),
       (37, 8, 8, 447, 499, 133, 76, 72, 72, 72, 72, 159, 159, 72, 58, 58, 58, 58, 58, 58, 4, 24, 1, -18, 30, '', 0, 15,
        10, 1.25, 100, 100, 100),
       (37, 9, 9, 504, 569, 150, 85, 73, 73, 73, 73, 162, 162, 73, 60, 60, 60, 60, 60, 60, 4, 25, 1, -18, 30, '', 0, 15,
        10, 1.25, 100, 100, 100),
       (37, 10, 10, 561, 640, 166, 95, 78, 78, 78, 78, 166, 166, 78, 62, 62, 62, 62, 62, 62, 4, 27, 1, -18, 30, '', 0,
        15, 11, 1.25, 100, 100, 100),
       (37, 11, 11, 618, 713, 183, 104, 79, 79, 79, 79, 169, 169, 79, 66, 66, 66, 66, 66, 66, 5, 28, 1, -18, 30, '', 0,
        15, 11, 1.25, 100, 100, 100),
       (37, 12, 12, 677, 787, 200, 114, 82, 82, 82, 82, 173, 173, 82, 70, 70, 70, 70, 70, 70, 5, 29, 1, -18, 30, '', 0,
        16, 11, 1.25, 100, 100, 100),
       (37, 13, 13, 736, 863, 216, 123, 83, 83, 83, 83, 176, 176, 83, 72, 72, 72, 72, 72, 72, 5, 31, 1, -18, 30, '', 0,
        16, 11, 1.25, 100, 100, 100),
       (37, 14, 14, 796, 941, 233, 133, 86, 86, 86, 86, 180, 180, 86, 76, 76, 76, 76, 76, 76, 5, 32, 1, -18, 30, '', 0,
        16, 11, 1.25, 100, 100, 100),
       (37, 15, 15, 857, 1020, 250, 142, 87, 87, 87, 87, 183, 183, 87, 78, 78, 78, 78, 78, 78, 6, 34, 1, -18, 30, '', 0,
        16, 12, 1.25, 100, 100, 100),
       (37, 16, 16, 919, 1101, 266, 152, 91, 91, 91, 91, 187, 187, 91, 82, 82, 82, 82, 82, 82, 6, 35, 1, -18, 30, '', 0,
        17, 12, 1.25, 100, 100, 100),
       (37, 17, 17, 982, 1183, 283, 161, 92, 92, 92, 92, 190, 190, 92, 86, 86, 86, 86, 86, 86, 6, 36, 1, -18, 30, '', 0,
        17, 12, 1.25, 100, 100, 100),
       (37, 18, 18, 1046, 1267, 300, 171, 96, 96, 96, 96, 194, 194, 96, 88, 88, 88, 88, 88, 88, 6, 38, 1, -18, 30, '',
        0, 17, 12, 1.25, 100, 100, 100),
       (37, 19, 19, 1112, 1353, 316, 180, 97, 97, 97, 97, 197, 197, 97, 90, 90, 90, 90, 90, 90, 7, 39, 1, -18, 30, '',
        0, 17, 12, 1.25, 100, 100, 100),
       (37, 20, 20, 1178, 1440, 333, 190, 103, 103, 103, 103, 201, 201, 103, 96, 96, 96, 96, 96, 96, 7, 41, 1, -18, 30,
        '', 0, 18, 13, 1.25, 100, 100, 100),
       (37, 21, 21, 1246, 1529, 350, 199, 105, 105, 105, 105, 204, 204, 105, 98, 98, 98, 98, 98, 98, 7, 42, 1, -18, 30,
        '', 0, 18, 13, 1.25, 100, 100, 100),
       (37, 22, 22, 1316, 1619, 366, 209, 109, 109, 109, 109, 208, 208, 109, 100, 100, 100, 100, 100, 100, 7, 43, 1,
        -18, 30, '', 0, 18, 13, 1.25, 100, 100, 100),
       (37, 23, 23, 1387, 1711, 383, 218, 111, 111, 111, 111, 211, 211, 111, 104, 104, 104, 104, 104, 104, 8, 45, 1,
        -18, 30, '', 0, 18, 13, 1.25, 100, 100, 100),
       (37, 24, 24, 1459, 1805, 400, 228, 115, 115, 115, 115, 215, 215, 115, 108, 108, 108, 108, 108, 108, 8, 46, 1,
        -18, 30, '', 0, 19, 13, 1.25, 100, 100, 100),
       (37, 25, 25, 1533, 1900, 416, 237, 117, 117, 117, 117, 218, 218, 117, 110, 110, 110, 110, 110, 110, 8, 48, 1,
        -18, 30, '', 0, 19, 14, 1.25, 100, 100, 100),
       (37, 26, 26, 1609, 1997, 433, 247, 121, 121, 121, 121, 222, 222, 121, 114, 114, 114, 114, 114, 114, 8, 49, 1,
        -18, 30, '', 0, 19, 14, 1.25, 100, 100, 100),
       (37, 27, 27, 1686, 2095, 450, 256, 123, 123, 123, 123, 225, 225, 123, 116, 116, 116, 116, 116, 116, 9, 50, 1,
        -18, 30, '', 0, 19, 14, 1.25, 100, 100, 100),
       (37, 28, 28, 1765, 2195, 466, 266, 128, 128, 128, 128, 229, 229, 128, 120, 120, 120, 120, 120, 120, 9, 52, 1,
        -18, 30, '', 0, 20, 14, 1.25, 100, 100, 100),
       (37, 29, 29, 1846, 2297, 483, 275, 130, 130, 130, 130, 232, 232, 130, 124, 124, 124, 124, 124, 124, 9, 53, 1,
        -18, 30, '', 0, 20, 14, 1.25, 100, 100, 100),
       (37, 30, 30, 1930, 2400, 500, 285, 137, 137, 137, 137, 236, 236, 137, 126, 126, 126, 126, 126, 126, 9, 55, 1,
        -18, 30, '', 0, 20, 15, 1.25, 100, 100, 100),
       (37, 31, 31, 2015, 2505, 516, 294, 139, 139, 139, 139, 239, 239, 139, 128, 128, 128, 128, 128, 128, 10, 56, 1,
        -18, 30, '', 0, 20, 15, 1.25, 100, 100, 100),
       (37, 32, 32, 2102, 2611, 533, 304, 144, 144, 144, 144, 243, 243, 144, 134, 134, 134, 134, 134, 134, 10, 57, 1,
        -18, 30, '', 0, 21, 15, 1.25, 100, 100, 100),
       (37, 33, 33, 2191, 2719, 550, 313, 147, 147, 147, 147, 246, 246, 147, 136, 136, 136, 136, 136, 136, 10, 59, 1,
        -18, 30, '', 0, 21, 15, 1.25, 100, 100, 100),
       (37, 34, 34, 2282, 2829, 566, 323, 152, 152, 152, 152, 250, 250, 152, 138, 138, 138, 138, 138, 138, 10, 60, 1,
        -18, 30, '', 0, 21, 15, 1.25, 100, 100, 100),
       (37, 35, 35, 2376, 2940, 583, 332, 155, 155, 155, 155, 253, 253, 155, 142, 142, 142, 142, 142, 142, 11, 62, 1,
        -18, 30, '', 0, 21, 16, 1.25, 100, 100, 100),
       (37, 36, 36, 2472, 3053, 600, 342, 160, 160, 160, 160, 257, 257, 160, 146, 146, 146, 146, 146, 146, 11, 63, 1,
        -18, 30, '', 0, 22, 16, 1.25, 100, 100, 100),
       (37, 37, 37, 2570, 3167, 616, 351, 163, 163, 163, 163, 260, 260, 163, 148, 148, 148, 148, 148, 148, 11, 64, 1,
        -18, 30, '', 0, 22, 16, 1.25, 100, 100, 100),
       (37, 38, 38, 2671, 3283, 633, 361, 168, 168, 168, 168, 264, 264, 168, 152, 152, 152, 152, 152, 152, 11, 66, 1,
        -18, 30, '', 0, 22, 16, 1.25, 100, 100, 100),
       (37, 39, 39, 2775, 3401, 650, 370, 172, 172, 172, 172, 267, 267, 172, 154, 154, 154, 154, 154, 154, 12, 67, 1,
        -18, 30, '', 0, 22, 16, 1.25, 100, 100, 100),
       (37, 40, 40, 2881, 3520, 666, 380, 179, 179, 179, 179, 271, 271, 179, 158, 158, 158, 158, 158, 158, 12, 69, 1,
        -18, 30, '', 0, 23, 17, 1.25, 100, 100, 100),
       (37, 41, 41, 2989, 3641, 683, 389, 183, 183, 183, 183, 274, 274, 183, 162, 162, 162, 162, 162, 162, 12, 70, 1,
        -18, 30, '', 0, 23, 17, 1.25, 100, 100, 100),
       (37, 42, 42, 3101, 3763, 700, 399, 188, 188, 188, 188, 278, 278, 188, 164, 164, 164, 164, 164, 164, 12, 71, 1,
        -18, 30, '', 0, 23, 17, 1.25, 100, 100, 100),
       (37, 43, 43, 3215, 3887, 716, 408, 192, 192, 192, 192, 281, 281, 192, 166, 166, 166, 166, 166, 166, 13, 73, 1,
        -18, 30, '', 0, 23, 17, 1.25, 100, 100, 100),
       (37, 44, 44, 3332, 4013, 733, 418, 198, 198, 198, 198, 285, 285, 198, 172, 172, 172, 172, 172, 172, 13, 74, 1,
        -18, 30, '', 0, 24, 17, 1.25, 100, 100, 100),
       (37, 45, 45, 3452, 4140, 750, 427, 202, 202, 202, 202, 288, 288, 202, 174, 174, 174, 174, 174, 174, 13, 76, 1,
        -18, 30, '', 0, 24, 18, 1.25, 100, 100, 100),
       (37, 46, 46, 3575, 4269, 766, 437, 208, 208, 208, 208, 292, 292, 208, 176, 176, 176, 176, 176, 176, 13, 77, 1,
        -18, 30, '', 0, 24, 18, 1.25, 100, 100, 100),
       (37, 47, 47, 3701, 4399, 783, 446, 212, 212, 212, 212, 295, 295, 212, 180, 180, 180, 180, 180, 180, 14, 78, 1,
        -18, 30, '', 0, 24, 18, 1.25, 100, 100, 100),
       (37, 48, 48, 3830, 4531, 800, 456, 218, 218, 218, 218, 299, 299, 218, 184, 184, 184, 184, 184, 184, 14, 80, 1,
        -18, 30, '', 0, 25, 18, 1.25, 100, 100, 100),
       (37, 49, 49, 3963, 4665, 816, 465, 222, 222, 222, 222, 302, 302, 222, 186, 186, 186, 186, 186, 186, 14, 81, 1,
        -18, 30, '', 0, 25, 18, 1.25, 100, 100, 100),
       (37, 50, 50, 4098, 4800, 833, 475, 230, 230, 230, 230, 306, 306, 230, 190, 190, 190, 190, 190, 190, 14, 83, 1,
        -18, 30, '', 0, 25, 19, 1.25, 100, 100, 100),
       (37, 51, 51, 4237, 4937, 850, 484, 235, 235, 235, 235, 309, 309, 235, 192, 192, 192, 192, 192, 192, 15, 84, 1,
        -18, 30, '', 0, 25, 19, 1.25, 100, 100, 100),
       (37, 52, 52, 4380, 5075, 866, 494, 241, 241, 241, 241, 313, 313, 241, 196, 196, 196, 196, 196, 196, 15, 85, 1,
        -18, 30, '', 0, 26, 19, 1.61, 100, 100, 100),
       (37, 53, 53, 4526, 5215, 883, 503, 246, 246, 246, 246, 316, 316, 246, 200, 200, 200, 200, 200, 200, 15, 87, 1,
        -18, 30, '', 0, 26, 19, 1.61, 100, 100, 100),
       (37, 54, 54, 4675, 5357, 900, 513, 252, 252, 252, 252, 320, 320, 252, 202, 202, 202, 202, 202, 202, 15, 88, 1,
        -18, 30, '', 0, 26, 19, 1.61, 100, 100, 100),
       (37, 55, 55, 4828, 5500, 916, 522, 257, 257, 257, 257, 323, 323, 257, 204, 204, 204, 204, 204, 204, 16, 90, 1,
        -18, 30, '', 0, 26, 20, 1.61, 100, 100, 100),
       (37, 56, 56, 4985, 5645, 933, 532, 264, 264, 264, 264, 327, 327, 264, 210, 210, 210, 210, 210, 210, 16, 91, 1,
        -18, 30, '', 0, 27, 20, 1.61, 100, 100, 100),
       (37, 57, 57, 5145, 5791, 950, 541, 269, 269, 269, 269, 330, 330, 269, 212, 212, 212, 212, 212, 212, 16, 92, 1,
        -18, 30, '', 0, 27, 20, 1.61, 100, 100, 100),
       (37, 58, 58, 5309, 5939, 966, 551, 276, 276, 276, 276, 334, 334, 276, 214, 214, 214, 214, 214, 214, 16, 94, 1,
        -18, 30, '', 0, 27, 20, 1.61, 100, 100, 100),
       (37, 59, 59, 5477, 6089, 983, 560, 281, 281, 281, 281, 337, 337, 281, 218, 218, 218, 218, 218, 218, 17, 95, 1,
        -18, 30, '', 0, 27, 20, 1.61, 100, 100, 100),
       (37, 60, 60, 5650, 6240, 1000, 570, 290, 290, 290, 290, 341, 341, 290, 222, 222, 222, 222, 222, 222, 17, 97, 1,
        -18, 30, '', 0, 28, 21, 1.61, 100, 100, 100),
       (37, 61, 61, 5826, 6393, 1016, 579, 295, 295, 295, 295, 344, 344, 295, 224, 224, 224, 224, 224, 224, 17, 98, 1,
        -18, 30, '', 0, 28, 21, 1.61, 100, 100, 100),
       (37, 62, 62, 6006, 6547, 1033, 589, 303, 303, 303, 303, 348, 348, 303, 228, 228, 228, 228, 228, 228, 17, 99, 1,
        -18, 30, '', 0, 28, 21, 1.61, 100, 100, 100),
       (37, 63, 63, 6190, 6703, 1050, 598, 308, 308, 308, 308, 351, 351, 308, 230, 230, 230, 230, 230, 230, 18, 101, 1,
        -18, 30, '', 0, 28, 21, 1.61, 100, 100, 100),
       (37, 64, 64, 6378, 6861, 1066, 608, 316, 316, 316, 316, 355, 355, 316, 234, 234, 234, 234, 234, 234, 18, 102, 1,
        -18, 30, '', 0, 29, 21, 1.61, 100, 100, 100),
       (37, 65, 65, 6571, 7020, 1083, 617, 321, 321, 321, 321, 358, 358, 321, 238, 238, 238, 238, 238, 238, 18, 104, 1,
        -18, 30, '', 0, 29, 22, 1.61, 100, 100, 100),
       (37, 66, 66, 6768, 7181, 1100, 627, 359, 359, 359, 359, 392, 392, 359, 240, 240, 240, 240, 240, 240, 18, 105, 1,
        -18, 30, '', 0, 29, 22, 1.61, 100, 100, 100),
       (37, 67, 67, 6969, 7343, 1116, 636, 370, 370, 370, 370, 400, 400, 370, 242, 242, 242, 242, 242, 242, 19, 106, 1,
        -18, 30, '', 0, 29, 22, 1.61, 100, 100, 100),
       (37, 68, 68, 7175, 7507, 1133, 646, 383, 383, 383, 383, 409, 409, 383, 248, 248, 248, 248, 248, 248, 19, 108, 1,
        -18, 30, '', 0, 30, 22, 1.61, 100, 100, 100),
       (37, 69, 69, 7386, 7673, 1150, 655, 394, 394, 394, 394, 417, 417, 394, 250, 250, 250, 250, 250, 250, 19, 109, 1,
        -18, 30, '', 0, 30, 22, 1.61, 100, 100, 100),
       (37, 70, 70, 7601, 7840, 1166, 665, 409, 409, 409, 409, 426, 426, 409, 252, 252, 252, 252, 252, 252, 19, 111, 1,
        -18, 30, '', 0, 30, 23, 1.61, 100, 100, 100),
       (37, 71, 71, 7820, 8009, 1183, 674, 420, 420, 420, 420, 434, 434, 420, 256, 256, 256, 256, 256, 256, 20, 112, 1,
        -18, 30, '', 0, 30, 23, 1.61, 100, 100, 100),
       (37, 72, 72, 8045, 8179, 1200, 684, 433, 433, 433, 433, 443, 443, 433, 260, 260, 260, 260, 260, 260, 20, 113, 1,
        -18, 30, '', 0, 31, 23, 1.61, 100, 100, 100),
       (37, 73, 73, 8274, 8351, 1216, 693, 444, 444, 444, 444, 451, 451, 444, 262, 262, 262, 262, 262, 262, 20, 115, 1,
        -18, 30, '', 0, 31, 23, 1.61, 100, 100, 100),
       (37, 74, 74, 8508, 8525, 1233, 703, 458, 458, 458, 458, 460, 460, 458, 266, 266, 266, 266, 266, 266, 20, 116, 1,
        -18, 30, '', 0, 31, 23, 1.61, 100, 100, 100),
       (37, 75, 75, 8747, 8700, 1250, 712, 469, 469, 469, 469, 468, 468, 469, 268, 268, 268, 268, 268, 268, 21, 118, 1,
        -18, 30, '', 0, 31, 24, 1.61, 100, 100, 100),
       (37, 76, 76, 8991, 8877, 1266, 722, 483, 483, 483, 483, 477, 477, 483, 272, 272, 272, 272, 272, 272, 21, 119, 1,
        -18, 30, '', 0, 32, 24, 1.61, 100, 100, 100),
       (37, 77, 77, 9240, 9055, 1283, 731, 494, 494, 494, 494, 485, 485, 494, 276, 276, 276, 276, 276, 276, 21, 120, 1,
        -18, 30, '', 0, 32, 24, 1.61, 100, 100, 100),
       (37, 78, 78, 9494, 9235, 1300, 741, 508, 508, 508, 508, 494, 494, 508, 278, 278, 278, 278, 278, 278, 21, 122, 1,
        -18, 30, '', 0, 32, 24, 1.61, 100, 100, 100),
       (37, 79, 79, 9754, 9417, 1316, 750, 520, 520, 520, 520, 502, 502, 520, 280, 280, 280, 280, 280, 280, 22, 123, 1,
        -18, 30, '', 0, 32, 24, 1.61, 100, 100, 100),
       (37, 80, 80, 10018, 9600, 1333, 760, 536, 536, 536, 536, 511, 511, 536, 286, 286, 286, 286, 286, 286, 22, 125, 1,
        -18, 30, '', 0, 33, 25, 1.61, 100, 100, 100),
       (37, 81, 81, 10288, 9785, 1350, 769, 548, 548, 548, 548, 519, 519, 548, 288, 288, 288, 288, 288, 288, 22, 126, 1,
        -18, 30, '', 0, 33, 25, 1.61, 100, 100, 100),
       (37, 82, 82, 10564, 9971, 1366, 779, 562, 562, 562, 562, 528, 528, 562, 290, 290, 290, 290, 290, 290, 22, 127, 1,
        -18, 30, '', 0, 33, 25, 1.61, 100, 100, 100),
       (37, 83, 83, 10845, 10159, 1383, 788, 574, 574, 574, 574, 536, 536, 574, 294, 294, 294, 294, 294, 294, 23, 129,
        1, -18, 30, '', 0, 33, 25, 1.61, 100, 100, 100),
       (37, 84, 84, 11131, 10349, 1400, 798, 588, 588, 588, 588, 545, 545, 588, 298, 298, 298, 298, 298, 298, 23, 130,
        1, -18, 30, '', 0, 34, 25, 1.61, 100, 100, 100),
       (37, 85, 85, 11423, 10540, 1416, 807, 601, 601, 601, 601, 553, 553, 601, 300, 300, 300, 300, 300, 300, 23, 132,
        1, -18, 30, '', 0, 34, 26, 1.61, 100, 100, 100);

-- ----------------------------
-- Table structure for merc_subtypes
-- ----------------------------
DROP TABLE IF EXISTS `merc_subtypes`;
CREATE TABLE `merc_subtypes`
(
    `merc_subtype_id` int(10) UNSIGNED NOT NULL AUTO_INCREMENT,
    `class_id`        int(10) UNSIGNED NOT NULL,
    `tier_id`         tinyint(3) UNSIGNED NOT NULL,
    `confidence_id`   tinyint(3) UNSIGNED NOT NULL,
    PRIMARY KEY (`merc_subtype_id`) USING BTREE
) ENGINE = InnoDB AUTO_INCREMENT = 21 CHARACTER SET = latin1 COLLATE = latin1_swedish_ci ROW_FORMAT = Compact;

-- ----------------------------
-- Records of merc_subtypes
-- ----------------------------
INSERT INTO `merc_subtypes`
VALUES (1, 1, 1, 1),
       (2, 1, 2, 2),
       (3, 1, 3, 2),
       (4, 1, 4, 2),
       (5, 1, 5, 3),
       (6, 2, 1, 1),
       (7, 2, 2, 2),
       (8, 2, 3, 2),
       (9, 2, 4, 2),
       (10, 2, 5, 3),
       (11, 9, 1, 1),
       (12, 9, 2, 2),
       (13, 9, 3, 2),
       (14, 9, 4, 2),
       (15, 9, 5, 3),
       (16, 12, 1, 1),
       (17, 12, 2, 2),
       (18, 12, 3, 2),
       (19, 12, 4, 2),
       (20, 12, 5, 3);

-- ----------------------------
-- Table structure for merc_templates
-- ----------------------------
DROP TABLE IF EXISTS `merc_templates`;
CREATE TABLE `merc_templates`
(
    `merc_template_id` int(10) UNSIGNED NOT NULL AUTO_INCREMENT,
    `merc_type_id`     int(10) UNSIGNED NOT NULL,
    `merc_subtype_id`  int(10) UNSIGNED NOT NULL,
    `merc_npc_type_id` int(11) UNSIGNED NOT NULL,
    `dbstring`         varchar(12) CHARACTER SET latin1 COLLATE latin1_swedish_ci NOT NULL,
    `name_type_id`     tinyint(4) NOT NULL DEFAULT 0,
    `clientversion`    int(10) UNSIGNED NOT NULL,
    PRIMARY KEY (`merc_template_id`) USING BTREE,
    INDEX              `FK_merc_templates_1`(`merc_type_id`) USING BTREE,
    INDEX              `FK_merc_templates_2`(`merc_subtype_id`) USING BTREE
) ENGINE = InnoDB AUTO_INCREMENT = 554 CHARACTER SET = latin1 COLLATE = latin1_swedish_ci ROW_FORMAT = Compact;

-- ----------------------------
-- Records of merc_templates
-- ----------------------------
INSERT INTO `merc_templates`
VALUES (1, 1, 1, 1, '1010101', 0, 4),
       (2, 1, 2, 2, '1010102', 0, 4),
       (3, 1, 3, 3, '1010103', 0, 4),
       (4, 1, 4, 4, '1010104', 0, 4),
       (5, 1, 5, 5, '1010105', 0, 4),
       (6, 1, 6, 11, '1020101', 0, 4),
       (7, 1, 7, 12, '1020102', 0, 4),
       (8, 1, 8, 13, '1020103', 0, 4),
       (9, 1, 9, 14, '1020104', 0, 4),
       (10, 1, 10, 15, '1020105', 0, 4),
       (11, 1, 11, 21, '1040101', 0, 5),
       (12, 1, 12, 22, '1040102', 0, 5),
       (13, 1, 13, 23, '1040103', 0, 5),
       (14, 1, 14, 24, '1040104', 0, 5),
       (15, 1, 15, 25, '1040105', 0, 5),
       (16, 1, 16, 31, '1120101', 0, 5),
       (17, 1, 17, 32, '1120102', 0, 5),
       (18, 1, 18, 33, '1120103', 0, 5),
       (19, 1, 19, 34, '1120104', 0, 5),
       (20, 1, 20, 35, '1120105', 0, 5),
       (21, 2, 1, 6, '1010201', 0, 4),
       (22, 2, 2, 7, '1010202', 0, 4),
       (23, 2, 6, 16, '1020201', 0, 4),
       (24, 2, 7, 17, '1020202', 0, 4),
       (25, 2, 11, 26, '1040201', 0, 5),
       (26, 2, 12, 27, '1040202', 0, 5),
       (27, 2, 16, 36, '1120201', 0, 5),
       (28, 2, 17, 37, '1120202', 0, 5),
       (29, 3, 1, 1, '2010101', 0, 4),
       (30, 3, 2, 2, '2010102', 0, 4),
       (31, 3, 3, 3, '2010103', 0, 4),
       (32, 3, 4, 4, '2010104', 0, 4),
       (33, 3, 5, 5, '2010105', 0, 4),
       (34, 3, 6, 11, '2020101', 0, 4),
       (35, 3, 7, 12, '2020102', 0, 4),
       (36, 3, 8, 13, '2020103', 0, 4),
       (37, 3, 9, 14, '2020104', 0, 4),
       (38, 3, 10, 15, '2020105', 0, 4),
       (39, 3, 11, 21, '2040101', 0, 5),
       (40, 3, 12, 22, '2040102', 0, 5),
       (41, 3, 13, 23, '2040103', 0, 5),
       (42, 3, 14, 24, '2040104', 0, 5),
       (43, 3, 15, 25, '2040105', 0, 5),
       (44, 3, 16, 31, '2120101', 0, 5),
       (45, 3, 17, 32, '2120102', 0, 5),
       (46, 3, 18, 33, '2120103', 0, 5),
       (47, 3, 19, 34, '2120104', 0, 5),
       (48, 3, 20, 35, '2120105', 0, 5),
       (49, 4, 1, 6, '2010201', 0, 4),
       (50, 4, 2, 7, '2010202', 0, 4),
       (51, 4, 6, 16, '2020201', 0, 4),
       (52, 4, 7, 17, '2020202', 0, 4),
       (53, 4, 11, 26, '2040201', 0, 5),
       (54, 4, 12, 27, '2040202', 0, 5),
       (55, 4, 16, 36, '2120201', 0, 5),
       (56, 4, 17, 37, '2120202', 0, 5),
       (57, 5, 1, 1, '3010101', 0, 4),
       (58, 5, 2, 2, '3010102', 0, 4),
       (59, 5, 3, 3, '3010103', 0, 4),
       (60, 5, 4, 4, '3010104', 0, 4),
       (61, 5, 5, 5, '3010105', 0, 4),
       (62, 5, 6, 11, '3020101', 0, 4),
       (63, 5, 7, 12, '3020102', 0, 4),
       (64, 5, 8, 13, '3020103', 0, 4),
       (65, 5, 9, 14, '3020104', 0, 4),
       (66, 5, 10, 15, '3020105', 0, 4),
       (67, 5, 16, 31, '3120101', 0, 5),
       (68, 5, 17, 32, '3120102', 0, 5),
       (69, 5, 18, 33, '3120103', 0, 5),
       (70, 5, 19, 34, '3120104', 0, 5),
       (71, 5, 20, 35, '3120105', 0, 5),
       (72, 6, 1, 6, '3010201', 0, 4),
       (73, 6, 2, 7, '3010202', 0, 4),
       (74, 6, 6, 16, '3020201', 0, 4),
       (75, 6, 7, 17, '3020202', 0, 4),
       (76, 6, 16, 36, '3120201', 0, 5),
       (77, 6, 17, 37, '3120202', 0, 5),
       (78, 7, 1, 1, '4010101', 0, 4),
       (79, 7, 2, 2, '4010102', 0, 4),
       (80, 7, 3, 3, '4010103', 0, 4),
       (81, 7, 4, 4, '4010104', 0, 4),
       (82, 7, 5, 5, '4010105', 0, 4),
       (83, 7, 6, 11, '4020101', 0, 4),
       (84, 7, 7, 12, '4020102', 0, 4),
       (85, 7, 8, 13, '4020103', 0, 4),
       (86, 7, 9, 14, '4020104', 0, 4),
       (87, 7, 10, 15, '4020105', 0, 4),
       (88, 7, 11, 21, '4040101', 0, 5),
       (89, 7, 12, 22, '4040102', 0, 5),
       (90, 7, 13, 23, '4040103', 0, 5),
       (91, 7, 14, 24, '4040104', 0, 5),
       (92, 7, 15, 25, '4040105', 0, 5),
       (93, 7, 16, 31, '4120101', 0, 5),
       (94, 7, 17, 32, '4120102', 0, 5),
       (95, 7, 18, 33, '4120103', 0, 5),
       (96, 7, 19, 34, '4120104', 0, 5),
       (97, 7, 20, 35, '4120105', 0, 5),
       (98, 8, 1, 6, '4010201', 0, 4),
       (99, 8, 2, 7, '4010202', 0, 4),
       (100, 8, 6, 16, '4020201', 0, 4),
       (101, 8, 7, 17, '4020202', 0, 4),
       (102, 8, 11, 26, '4040201', 0, 5),
       (103, 8, 12, 27, '4040202', 0, 5),
       (104, 8, 16, 36, '4120201', 0, 5),
       (105, 8, 17, 37, '4120202', 0, 5),
       (106, 9, 1, 1, '5010101', 0, 4),
       (107, 9, 2, 2, '5010102', 0, 4),
       (108, 9, 3, 3, '5010103', 0, 4),
       (109, 9, 4, 4, '5010104', 0, 4),
       (110, 9, 5, 5, '5010105', 0, 4),
       (111, 9, 6, 11, '5020101', 0, 4),
       (112, 9, 7, 12, '5020102', 0, 4),
       (113, 9, 8, 13, '5020103', 0, 4),
       (114, 9, 9, 14, '5020104', 0, 4),
       (115, 9, 10, 15, '5020105', 0, 4),
       (116, 9, 16, 31, '5120101', 0, 5),
       (117, 9, 17, 32, '5120102', 0, 5),
       (118, 9, 18, 33, '5120103', 0, 5),
       (119, 9, 19, 34, '5120104', 0, 5),
       (120, 9, 20, 35, '5120105', 0, 5),
       (121, 10, 1, 6, '5010201', 0, 4),
       (122, 10, 2, 7, '5010202', 0, 4),
       (123, 10, 6, 16, '5020201', 0, 4),
       (124, 10, 7, 17, '5020202', 0, 4),
       (125, 10, 16, 36, '5120201', 0, 5),
       (126, 10, 17, 37, '5120202', 0, 5),
       (127, 11, 1, 1, '6010101', 0, 4),
       (128, 11, 2, 2, '6010102', 0, 4),
       (129, 11, 3, 3, '6010103', 0, 4),
       (130, 11, 4, 4, '6010104', 0, 4),
       (131, 11, 5, 5, '6010105', 0, 4),
       (132, 11, 6, 11, '6020101', 0, 4),
       (133, 11, 7, 12, '6020102', 0, 4),
       (134, 11, 8, 13, '6020103', 0, 4),
       (135, 11, 9, 14, '6020104', 0, 4),
       (136, 11, 10, 15, '6020105', 0, 4),
       (137, 11, 11, 21, '6040101', 0, 5),
       (138, 11, 12, 22, '6040102', 0, 5),
       (139, 11, 13, 23, '6040103', 0, 5),
       (140, 11, 14, 24, '6040104', 0, 5),
       (141, 11, 15, 25, '6040105', 0, 5),
       (142, 11, 16, 31, '6120101', 0, 5),
       (143, 11, 17, 32, '6120102', 0, 5),
       (144, 11, 18, 33, '6120103', 0, 5),
       (145, 11, 19, 34, '6120104', 0, 5),
       (146, 11, 20, 35, '6120105', 0, 5),
       (147, 12, 1, 6, '6010201', 0, 4),
       (148, 12, 2, 7, '6010202', 0, 4),
       (149, 12, 6, 16, '6020201', 0, 4),
       (150, 12, 7, 17, '6020202', 0, 4),
       (151, 12, 11, 26, '6040201', 0, 5),
       (152, 12, 12, 27, '6040202', 0, 5),
       (153, 12, 16, 36, '6120201', 0, 5),
       (154, 12, 17, 37, '6120202', 0, 5),
       (155, 13, 1, 1, '7010101', 0, 4),
       (156, 13, 2, 2, '7010102', 0, 4),
       (157, 13, 3, 3, '7010103', 0, 4),
       (158, 13, 4, 4, '7010104', 0, 4),
       (159, 13, 5, 5, '7010105', 0, 4),
       (160, 13, 6, 11, '7020101', 0, 4),
       (161, 13, 7, 12, '7020102', 0, 4),
       (162, 13, 8, 13, '7020103', 0, 4),
       (163, 13, 9, 14, '7020104', 0, 4),
       (164, 13, 10, 15, '7020105', 0, 4),
       (165, 13, 11, 21, '7040101', 0, 5),
       (166, 13, 12, 22, '7040102', 0, 5),
       (167, 13, 13, 23, '7040103', 0, 5),
       (168, 13, 14, 24, '7040104', 0, 5),
       (169, 13, 15, 25, '7040105', 0, 5),
       (170, 13, 16, 31, '7120101', 0, 5),
       (171, 13, 17, 32, '7120102', 0, 5),
       (172, 13, 18, 33, '7120103', 0, 5),
       (173, 13, 19, 34, '7120104', 0, 5),
       (174, 13, 20, 35, '7120105', 0, 5),
       (175, 14, 1, 6, '7010201', 0, 4),
       (176, 14, 2, 7, '7010202', 0, 4),
       (177, 14, 6, 16, '7020201', 0, 4),
       (178, 14, 7, 17, '7020202', 0, 4),
       (179, 14, 11, 26, '7040201', 0, 5),
       (180, 14, 12, 27, '7040202', 0, 5),
       (181, 14, 16, 36, '7120201', 0, 5),
       (182, 14, 17, 37, '7120202', 0, 5),
       (183, 15, 1, 1, '8010101', 0, 4),
       (184, 15, 2, 2, '8010102', 0, 4),
       (185, 15, 3, 3, '8010103', 0, 4),
       (186, 15, 4, 4, '8010104', 0, 4),
       (187, 15, 5, 5, '8010105', 0, 4),
       (188, 15, 6, 11, '8020101', 0, 4),
       (189, 15, 7, 12, '8020102', 0, 4),
       (190, 15, 8, 13, '8020103', 0, 4),
       (191, 15, 9, 14, '8020104', 0, 4),
       (192, 15, 10, 15, '8020105', 0, 4),
       (193, 15, 11, 21, '8040101', 0, 5),
       (194, 15, 12, 22, '8040102', 0, 5),
       (195, 15, 13, 23, '8040103', 0, 5),
       (196, 15, 14, 24, '8040104', 0, 5),
       (197, 15, 15, 25, '8040105', 0, 5),
       (198, 15, 16, 31, '8120101', 0, 5),
       (199, 15, 17, 32, '8120102', 0, 5),
       (200, 15, 18, 33, '8120103', 0, 5),
       (201, 15, 19, 34, '8120104', 0, 5),
       (202, 15, 20, 35, '8120105', 0, 5),
       (203, 16, 1, 6, '8010201', 0, 4),
       (204, 16, 2, 7, '8010202', 0, 4),
       (205, 16, 6, 16, '8020201', 0, 4),
       (206, 16, 7, 17, '8020202', 0, 4),
       (207, 16, 11, 26, '8040201', 0, 5),
       (208, 16, 12, 27, '8040202', 0, 5),
       (209, 16, 16, 36, '8120201', 0, 5),
       (210, 16, 17, 37, '8120202', 0, 5),
       (211, 17, 1, 1, '9010101', 0, 4),
       (212, 17, 2, 2, '9010102', 0, 4),
       (213, 17, 3, 3, '9010103', 0, 4),
       (214, 17, 4, 4, '9010104', 0, 4),
       (215, 17, 5, 5, '9010105', 0, 4),
       (216, 17, 6, 11, '9020101', 0, 4),
       (217, 17, 7, 12, '9020102', 0, 4),
       (218, 17, 8, 13, '9020103', 0, 4),
       (219, 17, 9, 14, '9020104', 0, 4),
       (220, 17, 10, 15, '9020105', 0, 4),
       (221, 17, 16, 31, '9120101', 0, 5),
       (222, 17, 17, 32, '9120102', 0, 5),
       (223, 17, 18, 33, '9120103', 0, 5),
       (224, 17, 19, 34, '9120104', 0, 5),
       (225, 17, 20, 35, '9120105', 0, 5),
       (226, 18, 1, 6, '9010201', 0, 4),
       (227, 18, 2, 7, '9010202', 0, 4),
       (228, 18, 6, 16, '9020201', 0, 4),
       (229, 18, 7, 17, '9020202', 0, 4),
       (230, 18, 16, 36, '9120201', 0, 5),
       (231, 18, 17, 37, '9120202', 0, 5),
       (232, 19, 1, 1, '10010101', 0, 4),
       (233, 19, 2, 2, '10010102', 0, 4),
       (234, 19, 3, 3, '10010103', 0, 4),
       (235, 19, 4, 4, '10010104', 0, 4),
       (236, 19, 5, 5, '10010105', 0, 4),
       (237, 19, 6, 11, '10020101', 0, 4),
       (238, 19, 7, 12, '10020102', 0, 4),
       (239, 19, 8, 13, '10020103', 0, 4),
       (240, 19, 9, 14, '10020104', 0, 4),
       (241, 19, 10, 15, '10020105', 0, 4),
       (242, 19, 16, 31, '10120101', 0, 5),
       (243, 19, 17, 32, '10120102', 0, 5),
       (244, 19, 18, 33, '10120103', 0, 5),
       (245, 19, 19, 34, '10120104', 0, 5),
       (246, 19, 20, 35, '10120105', 0, 5),
       (247, 20, 1, 6, '10010201', 0, 4),
       (248, 20, 2, 7, '10010202', 0, 4),
       (249, 20, 6, 16, '10020201', 0, 4),
       (250, 20, 7, 17, '10020202', 0, 4),
       (251, 20, 16, 36, '10120201', 0, 5),
       (252, 20, 17, 37, '10120202', 0, 5),
       (253, 21, 1, 1, '11010101', 0, 4),
       (254, 21, 2, 2, '11010102', 0, 4),
       (255, 21, 3, 3, '11010103', 0, 4),
       (256, 21, 4, 4, '11010104', 0, 4),
       (257, 21, 5, 5, '11010105', 0, 4),
       (258, 21, 6, 11, '11020101', 0, 4),
       (259, 21, 7, 12, '11020102', 0, 4),
       (260, 21, 8, 13, '11020103', 0, 4),
       (261, 21, 9, 14, '11020104', 0, 4),
       (262, 21, 10, 15, '11020105', 0, 4),
       (263, 21, 11, 21, '11040101', 0, 5),
       (264, 21, 12, 22, '11040102', 0, 5),
       (265, 21, 13, 23, '11040103', 0, 5),
       (266, 21, 14, 24, '11040104', 0, 5),
       (267, 21, 15, 25, '11040105', 0, 5),
       (268, 21, 16, 31, '11120101', 0, 5),
       (269, 21, 17, 32, '11120102', 0, 5),
       (270, 21, 18, 33, '11120103', 0, 5),
       (271, 21, 19, 34, '11120104', 0, 5),
       (272, 21, 20, 35, '11120105', 0, 5),
       (273, 22, 1, 6, '11010201', 0, 4),
       (274, 22, 2, 7, '11010202', 0, 4),
       (275, 22, 6, 16, '11020201', 0, 4),
       (276, 22, 7, 17, '11020202', 0, 4),
       (277, 22, 11, 26, '11040201', 0, 5),
       (278, 22, 12, 27, '11040202', 0, 5),
       (279, 22, 16, 36, '11120201', 0, 5),
       (280, 22, 17, 37, '11120202', 0, 5),
       (281, 23, 1, 1, '12010101', 0, 4),
       (282, 23, 2, 2, '12010102', 0, 4),
       (283, 23, 3, 3, '12010103', 0, 4),
       (284, 23, 4, 4, '12010104', 0, 4),
       (285, 23, 5, 5, '12010105', 0, 4),
       (286, 23, 6, 11, '12020101', 0, 4),
       (287, 23, 7, 12, '12020102', 0, 4),
       (288, 23, 8, 13, '12020103', 0, 4),
       (289, 23, 9, 14, '12020104', 0, 4),
       (290, 23, 10, 15, '12020105', 0, 4),
       (291, 23, 11, 21, '12040101', 0, 5),
       (292, 23, 12, 22, '12040102', 0, 5),
       (293, 23, 13, 23, '12040103', 0, 5),
       (294, 23, 14, 24, '12040104', 0, 5),
       (295, 23, 15, 25, '12040105', 0, 5),
       (296, 23, 16, 31, '12120101', 0, 5),
       (297, 23, 17, 32, '12120102', 0, 5),
       (298, 23, 18, 33, '12120103', 0, 5),
       (299, 23, 19, 34, '12120104', 0, 5),
       (300, 23, 20, 35, '12120105', 0, 5),
       (301, 24, 1, 6, '12010201', 0, 4),
       (302, 24, 2, 7, '12010202', 0, 4),
       (303, 24, 6, 16, '12020201', 0, 4),
       (304, 24, 7, 17, '12020202', 0, 4),
       (305, 24, 11, 26, '12040201', 0, 5),
       (306, 24, 12, 27, '12040202', 0, 5),
       (307, 24, 16, 36, '12120201', 0, 5),
       (308, 24, 17, 37, '12120202', 0, 5),
       (309, 35, 11, 21, '48040101', 1, 5),
       (310, 35, 12, 22, '48040102', 1, 5),
       (311, 35, 13, 23, '48040103', 1, 5),
       (312, 35, 14, 24, '48040104', 1, 5),
       (313, 35, 15, 25, '48040105', 1, 5),
       (314, 36, 11, 26, '48040201', 1, 5),
       (315, 36, 12, 27, '48040202', 1, 5),
       (316, 37, 1, 1, '51010101', 1, 4),
       (317, 37, 2, 2, '51010102', 1, 4),
       (318, 37, 3, 3, '51010103', 1, 4),
       (319, 37, 4, 4, '51010104', 1, 4),
       (320, 37, 5, 5, '51010105', 1, 4),
       (321, 37, 6, 11, '51020101', 1, 4),
       (322, 37, 7, 12, '51020102', 1, 4),
       (323, 37, 8, 13, '51020103', 1, 4),
       (324, 37, 9, 14, '51020104', 1, 4),
       (325, 37, 10, 15, '51020105', 1, 4),
       (326, 37, 11, 21, '51040101', 1, 5),
       (327, 37, 12, 22, '51040102', 1, 5),
       (328, 37, 13, 23, '51040103', 1, 5),
       (329, 37, 14, 24, '51040104', 1, 5),
       (330, 37, 15, 25, '51040105', 1, 5),
       (331, 37, 16, 31, '51120101', 1, 5),
       (332, 37, 17, 32, '51120102', 1, 5),
       (333, 37, 18, 33, '51120103', 1, 5),
       (334, 37, 19, 34, '51120104', 1, 5),
       (335, 37, 20, 35, '51120105', 1, 5),
       (336, 38, 1, 6, '51010201', 1, 4),
       (337, 38, 2, 7, '51010202', 1, 4),
       (338, 38, 6, 16, '51020201', 1, 4),
       (339, 38, 7, 17, '51020202', 1, 4),
       (340, 38, 11, 26, '51040201', 1, 5),
       (341, 38, 12, 27, '51040202', 1, 5),
       (342, 38, 16, 36, '51120201', 1, 5),
       (343, 38, 17, 37, '51120202', 1, 5),
       (344, 25, 1, 1, '128010101', 0, 4),
       (345, 25, 2, 2, '128010102', 0, 4),
       (346, 25, 3, 3, '128010103', 0, 4),
       (347, 25, 4, 4, '128010104', 0, 4),
       (348, 25, 5, 5, '128010105', 0, 4),
       (349, 25, 6, 11, '128020101', 0, 4),
       (350, 25, 7, 12, '128020102', 0, 4),
       (351, 25, 8, 13, '128020103', 0, 4),
       (352, 25, 9, 14, '128020104', 0, 4),
       (353, 25, 10, 15, '128020105', 0, 4),
       (354, 25, 16, 31, '128120101', 0, 5),
       (355, 25, 17, 32, '128120102', 0, 5),
       (356, 25, 18, 33, '128120103', 0, 5),
       (357, 25, 19, 34, '128120104', 0, 5),
       (358, 25, 20, 35, '128120105', 0, 5),
       (359, 26, 1, 6, '128010201', 0, 4),
       (360, 26, 2, 7, '128010202', 0, 4),
       (361, 26, 6, 16, '128020201', 0, 4),
       (362, 26, 7, 17, '128020202', 0, 4),
       (363, 26, 16, 36, '128120201', 0, 5),
       (364, 26, 17, 37, '128120202', 0, 5),
       (365, 27, 1, 1, '130010101', 0, 4),
       (366, 27, 2, 2, '130010102', 0, 4),
       (367, 27, 3, 3, '130010103', 0, 4),
       (368, 27, 4, 4, '130010104', 0, 4),
       (369, 27, 5, 5, '130010105', 0, 4),
       (370, 27, 6, 11, '130020101', 0, 4),
       (371, 27, 7, 12, '130020102', 0, 4),
       (372, 27, 8, 13, '130020103', 0, 4),
       (373, 27, 9, 14, '130020104', 0, 4),
       (374, 27, 10, 15, '130020105', 0, 4),
       (375, 27, 11, 21, '130040101', 0, 5),
       (376, 27, 12, 22, '130040102', 0, 5),
       (377, 27, 13, 23, '130040103', 0, 5),
       (378, 27, 14, 24, '130040104', 0, 5),
       (379, 27, 15, 25, '130040105', 0, 5),
       (380, 27, 16, 31, '130120101', 0, 5),
       (381, 27, 17, 32, '130120102', 0, 5),
       (382, 27, 18, 33, '130120103', 0, 5),
       (383, 27, 19, 34, '130120104', 0, 5),
       (384, 27, 20, 35, '130120105', 0, 5),
       (385, 28, 1, 6, '130010201', 0, 4),
       (386, 28, 2, 7, '130010202', 0, 4),
       (387, 28, 6, 16, '130020201', 0, 4),
       (388, 28, 7, 17, '130020202', 0, 4),
       (389, 28, 11, 26, '130040201', 0, 5),
       (390, 28, 12, 27, '130040202', 0, 5),
       (391, 28, 16, 36, '130120201', 0, 5),
       (392, 28, 17, 37, '130120202', 0, 5),
       (393, 29, 1, 1, '330010101', 0, 4),
       (394, 29, 2, 2, '330010102', 0, 4),
       (395, 29, 3, 3, '330010103', 0, 4),
       (396, 29, 4, 4, '330010104', 0, 4),
       (397, 29, 5, 5, '330010105', 0, 4),
       (398, 29, 6, 11, '330020101', 0, 4),
       (399, 29, 7, 12, '330020102', 0, 4),
       (400, 29, 8, 13, '330020103', 0, 4),
       (401, 29, 9, 14, '330020104', 0, 4),
       (402, 29, 10, 15, '330020105', 0, 4),
       (403, 29, 11, 21, '330040101', 0, 5),
       (404, 29, 12, 22, '330040102', 0, 5),
       (405, 29, 13, 23, '330040103', 0, 5),
       (406, 29, 14, 24, '330040104', 0, 5),
       (407, 29, 15, 25, '330040105', 0, 5),
       (408, 29, 16, 31, '330120101', 0, 5),
       (409, 29, 17, 32, '330120102', 0, 5),
       (410, 29, 18, 33, '330120103', 0, 5),
       (411, 29, 19, 34, '330120104', 0, 5),
       (412, 29, 20, 35, '330120105', 0, 5),
       (413, 30, 1, 6, '330010201', 0, 4),
       (414, 30, 2, 7, '330010202', 0, 4),
       (415, 30, 6, 16, '330020201', 0, 4),
       (416, 30, 7, 17, '330020202', 0, 4),
       (417, 30, 11, 26, '330040201', 0, 5),
       (418, 30, 12, 27, '330040202', 0, 5),
       (419, 30, 16, 36, '330120201', 0, 5),
       (420, 30, 17, 37, '330120202', 0, 5),
       (421, 41, 1, 1, '433010101', 1, 4),
       (422, 41, 2, 2, '433010102', 1, 4),
       (423, 41, 3, 3, '433010103', 1, 4),
       (424, 41, 4, 4, '433010104', 1, 4),
       (425, 41, 5, 5, '433010105', 1, 4),
       (426, 41, 6, 11, '433020101', 1, 4),
       (427, 41, 7, 12, '433020102', 1, 4),
       (428, 41, 8, 13, '433020103', 1, 4),
       (429, 41, 9, 14, '433020104', 1, 4),
       (430, 41, 10, 15, '433020105', 1, 4),
       (431, 41, 11, 21, '433040101', 1, 5),
       (432, 41, 12, 22, '433040102', 1, 5),
       (433, 41, 13, 23, '433040103', 1, 5),
       (434, 41, 14, 24, '433040104', 1, 5),
       (435, 41, 15, 25, '433040105', 1, 5),
       (436, 41, 16, 31, '433120101', 1, 5),
       (437, 41, 17, 32, '433120102', 1, 5),
       (438, 41, 18, 33, '433120103', 1, 5),
       (439, 41, 19, 34, '433120104', 1, 5),
       (440, 41, 20, 35, '433120105', 1, 5),
       (441, 42, 1, 6, '433010201', 1, 4),
       (442, 42, 2, 7, '433010202', 1, 4),
       (443, 42, 6, 16, '433020201', 1, 4),
       (444, 42, 7, 17, '433020202', 1, 4),
       (445, 42, 11, 26, '433040201', 1, 5),
       (446, 42, 12, 27, '433040202', 1, 5),
       (447, 42, 16, 36, '433120201', 1, 5),
       (448, 42, 17, 37, '433120202', 1, 5),
       (449, 43, 1, 1, '456010101', 1, 4),
       (450, 43, 2, 2, '456010102', 1, 4),
       (451, 43, 3, 3, '456010103', 1, 4),
       (452, 43, 4, 4, '456010104', 1, 4),
       (453, 43, 5, 5, '456010105', 1, 4),
       (454, 43, 6, 11, '456020101', 1, 4),
       (455, 43, 7, 12, '456020102', 1, 4),
       (456, 43, 8, 13, '456020103', 1, 4),
       (457, 43, 9, 14, '456020104', 1, 4),
       (458, 43, 10, 15, '456020105', 1, 4),
       (459, 43, 16, 31, '456120101', 1, 5),
       (460, 43, 17, 32, '456120102', 1, 5),
       (461, 43, 18, 33, '456120103', 1, 5),
       (462, 43, 19, 34, '456120104', 1, 5),
       (463, 43, 20, 35, '456120105', 1, 5),
       (464, 44, 1, 6, '456010201', 1, 4),
       (465, 44, 2, 7, '456010202', 1, 4),
       (466, 44, 6, 16, '456020201', 1, 4),
       (467, 44, 7, 17, '456020202', 1, 4),
       (468, 44, 16, 36, '456120201', 1, 5),
       (469, 44, 17, 37, '456120202', 1, 5),
       (470, 45, 1, 1, '458010101', 1, 4),
       (471, 45, 2, 2, '458010102', 1, 4),
       (472, 45, 3, 3, '458010103', 1, 4),
       (473, 45, 4, 4, '458010104', 1, 4),
       (474, 45, 5, 5, '458010105', 1, 4),
       (475, 45, 6, 11, '458020101', 1, 4),
       (476, 45, 7, 12, '458020102', 1, 4),
       (477, 45, 8, 13, '458020103', 1, 4),
       (478, 45, 9, 14, '458020104', 1, 4),
       (479, 45, 10, 15, '458020105', 1, 4),
       (480, 45, 11, 21, '458040101', 1, 5),
       (481, 45, 12, 22, '458040102', 1, 5),
       (482, 45, 13, 23, '458040103', 1, 5),
       (483, 45, 14, 24, '458040104', 1, 5),
       (484, 45, 15, 25, '458040105', 1, 5),
       (485, 45, 16, 31, '458120101', 1, 5),
       (486, 45, 17, 32, '458120102', 1, 5),
       (487, 45, 18, 33, '458120103', 1, 5),
       (488, 45, 19, 34, '458120104', 1, 5),
       (489, 45, 20, 35, '458120105', 1, 5),
       (490, 46, 1, 6, '458010201', 1, 4),
       (491, 46, 2, 7, '458010202', 1, 4),
       (492, 46, 6, 16, '458020201', 1, 4),
       (493, 46, 7, 17, '458020202', 1, 4),
       (494, 46, 11, 26, '458040201', 1, 5),
       (495, 46, 12, 27, '458040202', 1, 5),
       (496, 46, 16, 36, '458120201', 1, 5),
       (497, 46, 17, 37, '458120202', 1, 5),
       (498, 31, 1, 1, '522010101', 0, 4),
       (499, 31, 2, 2, '522010102', 0, 4),
       (500, 31, 3, 3, '522010103', 0, 4),
       (501, 31, 4, 4, '522010104', 0, 4),
       (502, 31, 5, 5, '522010105', 0, 4),
       (503, 31, 6, 11, '522020101', 0, 4),
       (504, 31, 7, 12, '522020102', 0, 4),
       (505, 31, 8, 13, '522020103', 0, 4),
       (506, 31, 9, 14, '522020104', 0, 4),
       (507, 31, 10, 15, '522020105', 0, 4),
       (508, 31, 11, 21, '522040101', 0, 5),
       (509, 31, 12, 22, '522040102', 0, 5),
       (510, 31, 13, 23, '522040103', 0, 5),
       (511, 31, 14, 24, '522040104', 0, 5),
       (512, 31, 15, 25, '522040105', 0, 5),
       (513, 31, 16, 31, '522120101', 0, 5),
       (514, 31, 17, 32, '522120102', 0, 5),
       (515, 31, 18, 33, '522120103', 0, 5),
       (516, 31, 19, 34, '522120104', 0, 5),
       (517, 31, 20, 35, '522120105', 0, 5),
       (518, 32, 1, 6, '522010201', 0, 4),
       (519, 32, 2, 7, '522010202', 0, 4),
       (520, 32, 6, 16, '522020201', 0, 4),
       (521, 32, 7, 17, '522020202', 0, 4),
       (522, 32, 11, 26, '522040201', 0, 5),
       (523, 32, 12, 27, '522040202', 0, 5),
       (524, 32, 16, 36, '522120201', 0, 5),
       (525, 32, 17, 37, '522120202', 0, 5),
       (526, 47, 1, 1, '568010101', 1, 4),
       (527, 47, 2, 2, '568010102', 1, 4),
       (528, 47, 3, 3, '568010103', 1, 4),
       (529, 47, 4, 4, '568010104', 1, 4),
       (530, 47, 5, 5, '568010105', 1, 4),
       (531, 47, 6, 11, '568020101', 1, 4),
       (532, 47, 7, 12, '568020102', 1, 4),
       (533, 47, 8, 13, '568020103', 1, 4),
       (534, 47, 9, 14, '568020104', 1, 4),
       (535, 47, 10, 15, '568020105', 1, 4),
       (536, 47, 11, 21, '568040101', 1, 5),
       (537, 47, 12, 22, '568040102', 1, 5),
       (538, 47, 13, 23, '568040103', 1, 5),
       (539, 47, 14, 24, '568040104', 1, 5),
       (540, 47, 15, 25, '568040105', 1, 5),
       (541, 47, 16, 31, '568120101', 1, 5),
       (542, 47, 17, 32, '568120102', 1, 5),
       (543, 47, 18, 33, '568120103', 1, 5),
       (544, 47, 19, 34, '568120104', 1, 5),
       (545, 47, 20, 35, '568120105', 1, 5),
       (546, 48, 1, 6, '568010201', 1, 4),
       (547, 48, 2, 7, '568010202', 1, 4),
       (548, 48, 6, 16, '568020201', 1, 4),
       (549, 48, 7, 17, '568020202', 1, 4),
       (550, 48, 11, 26, '568040201', 1, 5),
       (551, 48, 12, 27, '568040202', 1, 5),
       (552, 48, 16, 36, '568120201', 1, 5),
       (553, 48, 17, 37, '568120202', 1, 5);

-- ----------------------------
-- Table structure for merc_types
-- ----------------------------
DROP TABLE IF EXISTS `merc_types`;
CREATE TABLE `merc_types`
(
    `merc_type_id`   int(10) UNSIGNED NOT NULL AUTO_INCREMENT,
    `race_id`        int(10) UNSIGNED NOT NULL,
    `proficiency_id` tinyint(3) UNSIGNED NOT NULL,
    `dbstring`       varchar(12) CHARACTER SET latin1 COLLATE latin1_swedish_ci NOT NULL,
    `clientversion`  int(10) UNSIGNED NOT NULL,
    PRIMARY KEY (`merc_type_id`) USING BTREE
) ENGINE = InnoDB AUTO_INCREMENT = 49 CHARACTER SET = latin1 COLLATE = latin1_swedish_ci ROW_FORMAT = Compact;

-- ----------------------------
-- Records of merc_types
-- ----------------------------
INSERT INTO `merc_types`
VALUES (1, 1, 1, '1000100', 4),
       (2, 1, 2, '1000200', 4),
       (3, 2, 1, '2000100', 4),
       (4, 2, 2, '2000200', 4),
       (5, 3, 1, '3000100', 4),
       (6, 3, 2, '3000200', 4),
       (7, 4, 1, '4000100', 4),
       (8, 4, 2, '4000200', 4),
       (9, 5, 1, '5000100', 4),
       (10, 5, 2, '5000200', 4),
       (11, 6, 1, '6000100', 4),
       (12, 6, 2, '6000200', 4),
       (13, 7, 1, '7000100', 4),
       (14, 7, 2, '7000200', 4),
       (15, 8, 1, '8000100', 4),
       (16, 8, 2, '8000200', 4),
       (17, 9, 1, '9000100', 4),
       (18, 9, 2, '9000200', 4),
       (19, 10, 1, '10000100', 4),
       (20, 10, 2, '10000200', 4),
       (21, 11, 1, '11000100', 4),
       (22, 11, 2, '11000200', 4),
       (23, 12, 1, '12000100', 4),
       (24, 12, 2, '12000200', 4),
       (25, 128, 1, '128000100', 4),
       (26, 128, 2, '128000200', 4),
       (27, 130, 1, '130000100', 4),
       (28, 130, 2, '130000200', 4),
       (29, 330, 1, '330000100', 4),
       (30, 330, 2, '330000200', 4),
       (31, 522, 1, '522000100', 4),
       (32, 522, 2, '522000200', 4),
       (33, 26, 1, '26000100', 4),
       (34, 26, 2, '26000200', 4),
       (35, 48, 1, '48000100', 4),
       (36, 48, 2, '48000200', 4),
       (37, 51, 1, '51000100', 4),
       (38, 51, 2, '51000200', 4),
       (39, 137, 1, '137000100', 4),
       (40, 137, 2, '137000200', 4),
       (41, 433, 1, '433000100', 4),
       (42, 433, 2, '433000200', 4),
       (43, 456, 1, '456000100', 4),
       (44, 456, 2, '456000200', 4),
       (45, 458, 1, '458000100', 4),
       (46, 458, 2, '458000200', 4),
       (47, 568, 1, '568000100', 4),
       (48, 568, 2, '568000200', 4);

-- ----------------------------
-- Table structure for merc_weaponinfo
-- ----------------------------
DROP TABLE IF EXISTS `merc_weaponinfo`;
CREATE TABLE `merc_weaponinfo`
(
    `id`               int(11) NOT NULL AUTO_INCREMENT,
    `merc_npc_type_id` int(11) NOT NULL,
    `minlevel`         tinyint(2) UNSIGNED NOT NULL DEFAULT 0,
    `maxlevel`         tinyint(2) UNSIGNED NOT NULL DEFAULT 0,
    `d_melee_texture1` int(11) NOT NULL DEFAULT 0,
    `d_melee_texture2` int(11) NOT NULL DEFAULT 0,
    `prim_melee_type`  tinyint(4) UNSIGNED NOT NULL DEFAULT 28,
    `sec_melee_type`   tinyint(4) UNSIGNED NOT NULL DEFAULT 28,
    PRIMARY KEY (`id`) USING BTREE
) ENGINE = InnoDB AUTO_INCREMENT = 61 CHARACTER SET = latin1 COLLATE = latin1_swedish_ci ROW_FORMAT = Compact;

-- ----------------------------
-- Records of merc_weaponinfo
-- ----------------------------
INSERT INTO `merc_weaponinfo`
VALUES (1, 1, 1, 12, 10649, 208, 1, 28),
       (2, 1, 13, 255, 10649, 10649, 1, 1),
       (3, 2, 1, 12, 10649, 208, 1, 28),
       (4, 2, 13, 255, 10649, 10649, 1, 1),
       (5, 3, 1, 12, 10649, 208, 1, 28),
       (6, 3, 13, 255, 10649, 10649, 1, 1),
       (7, 4, 1, 12, 10649, 208, 1, 28),
       (8, 4, 13, 255, 10649, 10649, 1, 1),
       (9, 5, 1, 12, 10649, 208, 1, 28),
       (10, 5, 13, 255, 10649, 10649, 1, 1),
       (11, 6, 1, 12, 10649, 208, 1, 28),
       (12, 6, 13, 255, 10649, 10649, 1, 1),
       (13, 7, 1, 12, 10649, 208, 1, 28),
       (14, 7, 13, 255, 10649, 10649, 1, 1),
       (15, 8, 1, 12, 10649, 208, 1, 28),
       (16, 8, 13, 255, 10649, 10649, 1, 1),
       (17, 9, 1, 12, 10649, 208, 1, 28),
       (18, 9, 13, 255, 10649, 10649, 1, 1),
       (19, 10, 1, 12, 10649, 208, 1, 28),
       (20, 10, 13, 255, 10649, 10649, 1, 1),
       (21, 11, 1, 255, 10608, 209, 0, 28),
       (22, 12, 1, 255, 10608, 209, 0, 28),
       (23, 13, 1, 255, 10608, 209, 0, 28),
       (24, 14, 1, 255, 10608, 209, 0, 28),
       (25, 15, 1, 255, 10608, 209, 0, 28),
       (26, 16, 1, 255, 10608, 209, 0, 28),
       (27, 17, 1, 255, 10608, 209, 0, 28),
       (28, 18, 1, 255, 10608, 209, 0, 28),
       (29, 19, 1, 255, 10608, 209, 0, 28),
       (30, 20, 1, 255, 10608, 209, 0, 28),
       (31, 21, 1, 12, 10650, 208, 36, 28),
       (32, 21, 13, 255, 10650, 10650, 36, 36),
       (33, 22, 1, 12, 10650, 208, 36, 28),
       (34, 22, 13, 255, 10650, 10650, 36, 36),
       (35, 23, 1, 12, 10650, 208, 36, 28),
       (36, 23, 13, 255, 10650, 10650, 36, 36),
       (37, 24, 1, 12, 10650, 208, 36, 28),
       (38, 24, 13, 255, 10650, 10650, 36, 36),
       (39, 25, 1, 12, 10650, 208, 36, 28),
       (40, 25, 13, 255, 10650, 10650, 36, 36),
       (41, 26, 1, 12, 10650, 208, 36, 28),
       (42, 26, 13, 255, 10650, 10650, 36, 36),
       (43, 27, 1, 12, 10650, 208, 36, 28),
       (44, 27, 13, 255, 10650, 10650, 36, 36),
       (45, 28, 1, 12, 10650, 208, 36, 28),
       (46, 28, 13, 255, 10650, 10650, 36, 36),
       (47, 29, 1, 12, 10650, 208, 36, 28),
       (48, 29, 13, 255, 10650, 10650, 36, 36),
       (49, 30, 1, 12, 10650, 208, 36, 28),
       (50, 30, 13, 255, 10650, 10650, 36, 36),
       (51, 31, 1, 255, 10681, 209, 0, 28),
       (52, 32, 1, 255, 10681, 209, 0, 28),
       (53, 33, 1, 255, 10681, 209, 0, 28),
       (54, 34, 1, 255, 10681, 209, 0, 28),
       (55, 35, 1, 255, 10681, 209, 0, 28),
       (56, 36, 1, 255, 10681, 209, 0, 28),
       (57, 37, 1, 255, 10681, 209, 0, 28),
       (58, 38, 1, 255, 10681, 209, 0, 28),
       (59, 39, 1, 255, 10681, 209, 0, 28),
       (60, 40, 1, 255, 10681, 209, 0, 28);

-- ----------------------------
-- Table structure for mercs
-- ----------------------------
DROP TABLE IF EXISTS `mercs`;
CREATE TABLE `mercs`
(
    `MercID`           int(10) UNSIGNED NOT NULL AUTO_INCREMENT,
    `OwnerCharacterID` int(10) UNSIGNED NOT NULL,
    `Slot`             tinyint(1) UNSIGNED NOT NULL DEFAULT 0,
    `Name`             varchar(64) CHARACTER SET latin1 COLLATE latin1_swedish_ci NOT NULL,
    `TemplateID`       int(10) UNSIGNED NOT NULL DEFAULT 0,
    `SuspendedTime`    int(11) UNSIGNED NOT NULL DEFAULT 0,
    `IsSuspended`      tinyint(1) UNSIGNED NOT NULL DEFAULT 0,
    `TimerRemaining`   int(11) UNSIGNED NOT NULL DEFAULT 0,
    `Gender`           tinyint(3) UNSIGNED NOT NULL DEFAULT 0,
    `MercSize`         float NOT NULL DEFAULT 5,
    `StanceID`         tinyint(3) UNSIGNED NOT NULL DEFAULT 0,
    `HP`               int(11) UNSIGNED NOT NULL DEFAULT 0,
    `Mana`             int(11) UNSIGNED NOT NULL DEFAULT 0,
    `Endurance`        int(11) UNSIGNED NOT NULL DEFAULT 0,
    `Face`             int(10) UNSIGNED NOT NULL DEFAULT 1,
    `LuclinHairStyle`  int(10) UNSIGNED NOT NULL DEFAULT 1,
    `LuclinHairColor`  int(10) UNSIGNED NOT NULL DEFAULT 1,
    `LuclinEyeColor`   int(10) UNSIGNED NOT NULL DEFAULT 1,
    `LuclinEyeColor2`  int(10) UNSIGNED NOT NULL DEFAULT 1,
    `LuclinBeardColor` int(10) UNSIGNED NOT NULL DEFAULT 1,
    `LuclinBeard`      int(10) UNSIGNED NOT NULL DEFAULT 0,
    `DrakkinHeritage`  int(10) UNSIGNED NOT NULL DEFAULT 0,
    `DrakkinTattoo`    int(10) UNSIGNED NOT NULL DEFAULT 0,
    `DrakkinDetails`   int(10) UNSIGNED NOT NULL DEFAULT 0,
    PRIMARY KEY (`MercID`) USING BTREE
) ENGINE = InnoDB AUTO_INCREMENT = 1 CHARACTER SET = latin1 COLLATE = latin1_swedish_ci ROW_FORMAT = Compact;

SET
FOREIGN_KEY_CHECKS = 1;
